gameId,playId,playDescription,quarter,down,yardsToGo,possessionTeam,specialTeamsPlayType,specialTeamsResult,kickerId,returnerId,kickBlockerId,yardlineSide,yardlineNumber,gameClock,penaltyCodes,penaltyJerseyNumbers,penaltyYards,preSnapHomeScore,preSnapVisitorScore,passResult,kickLength,kickReturnYardage,playResult,absoluteYardlineNumber,homeTeamAbbr,visitorTeamAbbr,snapDetail,snapTime,operationTime,hangTime,kickType,kickDirectionIntended,kickDirectionActual,returnDirectionIntended,returnDirectionActual,missedTackler,assistTackler,tackler,kickoffReturnFormation,gunners,puntRushers,specialTeamsSafeties,vises,kickContactType,time,x,y,s,a,dis,o,dir,event,nflId,displayName,jerseyNumber,position,team,frameId,playDirection,x_football,y_football,gunner1_jersey_num,gunner2_jersey_num,defense_team_abbr,x_gunner1,y_gunner1,x_gunner2,y_gunner2,distance_returner_gunner1,distance_returner_gunner2,y_football_rescaled
2020110805,2972,"(14:45) B.Colquitt punts 54 yards to DET 19, Center-A.Cutting. D.Amendola to DET 31 for 12 yards (J.Metellus).",4,4,3,MIN,Punt,Return,34723,33566,NA,MIN,27,14:45:00,NA,NA,NA,27,10,NA,54,12,42,83,MIN,DET,OK,0.84,2.08,4.81,N,C,C,C,C,NA,NA,MIN 44,NA,MIN 85; MIN 17,NA,DET 87,DET 38; DET 49; DET 27,CC,2020-11-08T20:20:36.700Z,29.89,38.25,1.9,5.73,0.18,90.55,86.53,punt_received,33566,Danny Amendola,80,WR,away,81,left,30.34,38.24,85,17,MIN,49.81,10.79,42.47,38.87,33.924297,12.595269,56.51
2018120913,1590,"(3:07) J.Townsend punts 51 yards to PIT 24, Center-T.Sieg. R.Switzer to PIT 32 for 8 yards (E.Harris). PENALTY on OAK-E.Harris, Face Mask (15 Yards), 15 yards, enforced at PIT 32.",2,4,14,OAK,Punt,Return,46242,44946,NA,OAK,25,03:07:00,FMM,OAK 25,-15,10,7,NA,51,8,28,85,OAK,PIT,OK,0.92,2.2,4.15,N,C,C,C,C,NA,NA,OAK 25,NA,OAK 83; OAK 23,NA,NA,PIT 29; PIT 20; PIT 25; PIT 88,CC,2018-12-09T22:28:18.300Z,35.1,16.43,2.09,2.11,0.22,88.29,237.95,punt_received,44946,Ryan Switzer,10,WR,away,74,left,35.45,16.48,83,23,OAK,47.74,9.91,47.12,19.59,14.222517,12.428435,61.84
2019122207,2701,"(3:26) (Punt formation) R.Sanchez punts 51 yards to CAR 22, Center-L.Rhodes. C.Hogan pushed ob at CAR 30 for 8 yards (Z.Franklin).",3,4,8,IND,Punt,Return,45153,37737,NA,IND,27,03:26:00,NA,NA,NA,24,6,NA,51,8,43,83,IND,CAR,L,1.02,2.27,4.53,N,L,L,R,R,IND 16,NA,IND 20,NA,IND 16; IND 30,NA,NA,CAR 32; CAR 26,CC,2019-12-22T20:12:07.700Z,32.2,13.06,1.56,0.96,0.16,110.8,233.82,punt_received,37737,Chris Hogan,15,WR,away,79,left,33.25,12.16,16,30,IND,36.39,9.4,41.18,14.56,5.563425,9.104417,45.63
2018110100,2518,"(6:57) J.Townsend punts 48 yards to SF 16, Center-T.Sieg. D.Pettis to SF 24 for 8 yards (K.Wilber). PENALTY on SF-D.Reed, Offensive Holding, 8 yards, enforced at SF 16.",3,4,11,OAK,Punt,Return,46242,46113,NA,OAK,36,06:57:00,OH,SF 32,8,31,3,NA,48,0,56,74,SF,OAK,OK,0.85,2.13,4.72,N,C,C,C,C,NA,NA,NA,NA,OAK 17; OAK 23,NA,NA,SF 33; SF 32; SF 23,CC,2018-11-02T02:19:22.000Z,26.06,32.47,1.64,0.8,0.16,86.39,355.54,punt_received,46113,Dante Pettis,18,WR,home,78,left,26.99,32.31,17,23,OAK,53.88,18.83,48.73,32.6,30.983898,22.670372,78.76
2020112203,2408,"(11:05) B.Anger punts 38 yards to NE 28, Center-J.Weeks. G.Olszewski to NE 33 for 5 yards (K.Crossen). PENALTY on NE-J.Bethel, Offensive Holding, 10 yards, enforced at NE 28.",3,4,4,HOU,Punt,Return,38600,48988,NA,HOU,34,11:05:00,OH,NE 29,10,21,10,NA,38,0,48,76,HOU,NE,OK,0.74,2.07,4.22,N,L,L,NA,NA,NA,NA,NA,NA,HOU 33; HOU 35,NA,NE 18; NE 35,NE 31; NE 29,CC,2020-11-22T19:54:44.700Z,37.35,10.49,3.98,0.71,0.39,88.77,146.6,punt_received,48988,Gunner Olszewski,80,WR,away,74,left,38.01,10.58,33,35,HOU,36.22,7.93,38.72,14.81,2.7983031,4.5320306,39.7
2020113000,1018,"(:26) M.Dickson punts 57 yards to PHI 20, Center-T.Ott. G.Ward to PHI 27 for 7 yards (Sm.Griffin; J.Hollister).",1,4,3,SEA,Punt,Return,46218,45607,NA,SEA,23,00:26:00,NA,NA,NA,0,0,NA,57,7,50,87,PHI,SEA,OK,0.86,2.12,5.07,N,R,R,L,L,NA,SEA 86,SEA 49,NA,SEA 39; SEA 35,NA,NA,PHI 29; PHI 38; PHI 42,CC,2020-12-01T01:56:54.100Z,30.36,44.22,1.88,1.56,0.18,97.54,183.88,punt_received,45607,Greg Ward,84,WR,home,83,left,30.54,44.3,39,35,SEA,46.5,39.44,35.27,45.29,16.832943,5.025236,33.77
2019102010,535,"(5:54) S.Koch punts 43 yards to SEA 11, Center-M.Cox. T.Lockett ran ob at SEA 17 for 6 yards (T.Bowser).",1,4,9,BAL,Punt,Return,31018,42412,NA,BAL,46,05:54:00,NA,NA,NA,0,3,NA,43,6,37,56,SEA,BAL,OK,0.82,2.16,4.1,A,L,L,R,R,NA,NA,NA,NA,BAL 28; BAL 10,NA,SEA 33,SEA 28; SEA 23,CFFG,2019-10-20T20:44:18.300Z,98.61,48.57,2.37,2.18,0.23,350.49,327.24,punt_received,42412,Tyler Lockett,16,WR,home,83,right,98.59,49.06,28,10,BAL,106.79,52.53,85.28,48.72,9.088124,13.330844,15.91
2019111001,276,"(11:29) (Punt formation) K.Huber punts 53 yards to BAL 17, Center-C.Harris. D.Thomas to BAL 25 for 8 yards (C.Uzomah; Jo.Evans).",1,4,6,CIN,Punt,Return,34593,41353,NA,CIN,30,11:29:00,NA,NA,NA,0,7,NA,53,8,45,80,CIN,BAL,OK,0.83,2.21,4.48,N,L,L,R,R,CIN 40,NA,CIN 87,NA,CIN 40; CIN 29,NA,NA,BAL 34; BAL 33; BAL 41,CC,2019-11-10T18:12:24.800Z,26.83,6.29,3.15,2.76,0.32,111.89,189.47,punt_received,41353,De'Anthony Thomas,16,WR,away,81,left,27.2,6.01,40,29,CIN,34.99,6.76,43.04,11.35,8.173524,16.981392,22.55
2020092001,4564,"(3:09) S.Hofrichter punts 42 yards to DAL 21, Center-J.Harris. C.Lamb to DAL 24 for 3 yards (L.Stocker).",4,4,8,ATL,Punt,Return,52636,52425,NA,ATL,37,03:09:00,NA,NA,NA,30,39,NA,42,3,39,47,DAL,ATL,OK,0.96,2.15,3.77,N,R,R,C,C,ATL 87; ATL 88,ATL 41,ATL 88,NA,ATL 23; ATL 13,NA,NA,DAL 11; DAL 85; DAL 28; DAL 29,CC,2020-09-20T20:14:09.700Z,87.26,9.46,2.55,3.57,0.26,301.07,129.76,punt_received,52425,CeeDee Lamb,88,WR,home,71,right,86.32,9.13,23,13,ATL,74.98,24.75,71.56,22.53,19.610775,20.428288,34.26
2020121301,3799,"(8:32) P.O'Donnell punts 46 yards to HOU 24, Center-P.Scales. K.Coutee to HOU 31 for 7 yards (S.McManis). FUMBLES (S.McManis), RECOVERED by CHI-J.Woods at HOU 37.",4,4,7,CHI,Punt,Return,41420,46172,NA,CHI,30,08:32:00,NA,NA,NA,36,7,NA,46,7,33,80,CHI,HOU,OK,0.88,2.22,3.9,N,L,L,C,C,NA,NA,CHI 27,NA,CHI 84; CHI 27,NA,NA,HOU 36; HOU 43; HOU 30,CC,2020-12-13T20:50:45.400Z,34.38,10.93,1.49,6.0,0.18,93.7,171.32,punt_received,46172,Keke Coutee,16,WR,away,74,left,34.37,10.8,84,27,CHI,48.14,11.59,47.63,26.41,13.77582,20.376284,40.53
2019122205,2581,"(7:29) L.Cooke punts 55 yards to ATL 41, Center-M.Orzech. K.Barner to ATL 49 for 8 yards (A.Wingard; Co.Davis).",3,4,8,JAX,Punt,Return,46316,40130,NA,JAX,4,07:29:00,NA,NA,NA,17,3,NA,55,8,47,14,ATL,JAX,OK,0.84,2.13,5.08,N,C,C,C,L,NA,JAX 42,JAX 22,NA,JAX 13; JAX 40,NA,ATL 52,ATL 33; ATL 43,CC,2019-12-22T19:53:38.800Z,69.28,28.22,3.33,3.13,0.32,227.18,170.75,punt_received,40130,Kenjon Barner,38,RB,home,88,right,69.0,28.14,13,40,JAX,57.11,41.2,64.23,27.59,17.792957,5.089145,94.41
2019121511,3201,"(13:52) (Punt formation) J.Hekker punts 69 yards to DAL 11, Center-J.McQuaide. T.Austin to DAL 19 for 8 yards (M.Thomas).",4,4,15,LA,Punt,Return,38815,39954,NA,LA,20,13:52:00,NA,NA,NA,34,7,NA,69,8,61,90,DAL,LA,OK,0.88,2.22,4.62,N,C,C,C,C,NA,NA,LA 88,NA,LA 14; LA 88,DAL 49; DAL 92,DAL 23; DAL 26,DAL 27; DAL 24; DAL 31,CC,2019-12-15T23:53:40.300Z,22.76,18.4,4.84,2.47,0.49,157.61,246.73,punt_received,39954,Tavon Austin,10,WR,home,81,left,22.78,18.6,14,88,LA,41.42,5.79,57.82,37.89,22.521273,40.113136,69.79
2019122912,3449,"(9:59) B.Pinion punts 46 yards to ATL 40, Center-Z.Triner. K.Barner to ATL 38 for -2 yards (K.Minter).",4,4,16,TB,Punt,Return,42508,40130,NA,TB,14,09:59:00,NA,NA,NA,22,16,NA,46,-2,48,96,TB,ATL,L,0.89,2.04,4.34,N,C,C,NA,NA,TB 79,NA,TB 51,NA,TB 29; TB 85,ATL 55,ATL 35; ATL 41,ATL 17; ATL 33; ATL 43,CC,2019-12-29T20:40:08.700Z,49.94,22.74,3.93,3.14,0.4,134.88,135.35,punt_received,40130,Kenjon Barner,38,RB,away,76,left,52.21,23.95,29,85,TB,67.38,24.04,54.96,27.1,17.488384,6.6490602,89.87
2018121501,2054,"(1:26) B.Colquitt punts 52 yards to DEN 23, Center-C.Hughlett. R.Cracraft to DEN 30 for 7 yards (T.Thomas). PENALTY on DEN-K.Bierria, Offensive Holding, 10 yards, enforced at DEN 23.",2,4,5,CLE,Punt,Return,34723,45900,NA,CLE,25,01:26:00,OH,DEN 40,10,10,10,NA,52,0,62,35,DEN,CLE,OK,0.73,1.96,4.62,N,C,C,C,C,NA,NA,NA,NA,CLE 31; CLE 27,NA,NA,DEN 34; DEN 39; DEN 22,CC,2018-12-16T02:38:57.900Z,86.84,21.78,1.25,2.05,0.14,265.21,139.78,punt_received,45900,River Cracraft,11,WR,home,77,right,87.38,21.53,31,27,CLE,74.08,34.89,69.89,19.49,18.294527,17.103994,80.79
2019090812,772,"(2:33) J.Berry punts 58 yards to NE 18, Center-K.Canaday. G.Olszewski to NE 38 for 20 yards (T.Matakevich).",1,4,11,PIT,Punt,Return,42333,48988,NA,PIT,24,02:33:00,NA,NA,NA,7,0,NA,58,20,38,34,NE,PIT,OK,0.86,2.24,4.59,N,C,C,C,C,NA,PIT 37,PIT 44,NA,PIT 25; PIT 80,NE 34; NE 38; NE 43; NE 50; NE 58,NA,NE 27; NE 31,CC,2019-09-09T00:53:08.100Z,90.9,38.94,2.1,2.23,0.21,256.89,124.67,punt_received,48988,Gunner Olszewski,80,WR,home,80,right,89.67,38.68,25,80,PIT,80.38,45.09,79.87,32.43,12.185766,12.807849,54.86
2019122300,927,"(:37) B.Colquitt punts 46 yards to GB 31, Center-A.Cutting. T.Ervin to GB 36 for 5 yards (K.Boyd).",1,4,12,MIN,Punt,Return,34723,43408,NA,MIN,23,00:37:00,NA,NA,NA,3,3,NA,46,5,41,33,MIN,GB,OK,0.85,2.14,4.77,N,R,R,C,C,MIN 91,NA,MIN 38,NA,MIN 24; MIN 38,NA,NA,GB 37; GB 39; GB 26; GB 25,CC,2019-12-24T01:54:57.500Z,79.18,14.13,3.11,1.95,0.3,289.86,7.57,punt_received,43408,Tyler Ervin,32,RB,away,81,right,78.51,14.13,24,38,MIN,68.21,35.85,76.03,8.12,24.33309,6.7854695,53.02
2019092210,120,"(12:57) T.Long punts 56 yards to HOU 15, Center-C.Mazza. D.Carter to HOU 26 for 11 yards (I.Rochell; N.Dzubnar).",1,4,6,LAC,Punt,Return,42663,42794,NA,LAC,29,12:57:00,NA,NA,NA,0,0,NA,56,11,45,81,LAC,HOU,OK,0.88,2.16,4.1,N,R,R,C,C,NA,NA,LAC 98,NA,LAC 29; LAC 27,NA,NA,HOU 28; HOU 35; HOU 29,CC,2019-09-22T20:28:24.900Z,25.69,42.92,1.42,2.85,0.13,87.79,352.72,punt_received,42794,DeAndre Carter,14,WR,away,76,left,25.69,42.9,29,27,LAC,49.83,38.44,44.42,47.98,24.552189,19.401457,39.02
2020121300,288,"(10:39) J.Charlton punts 56 yards to DEN 17, Center-J.Jansen. D.Spencer for 83 yards, TOUCHDOWN.",1,4,4,CAR,Punt,Return,53146,42051,NA,CAR,27,10:39:00,NA,NA,NA,0,0,NA,56,83,-27,83,CAR,DEN,OK,0.86,2.02,4.96,N,C,C,L,L,NA,NA,NA,NA,CAR 36; CAR 38,NA,DEN 33,DEN 37; DEN 26,CC,2020-12-13T18:12:57.700Z,27.52,19.29,1.94,2.04,0.19,91.85,281.56,punt_received,42051,Diontae Spencer,11,WR,away,80,left,28.21,19.16,36,38,CAR,30.07,18.29,36.81,25.16,2.7390692,10.989131,71.89
2020120603,2410,"(9:55) K.Huber punts 53 yards to MIA 19, Center-C.Harris. J.Grant to MIA 25 for 6 yards (S.Williams).",3,4,4,CIN,Punt,Return,34593,43475,NA,CIN,28,09:55:00,NA,NA,NA,13,7,NA,53,6,47,82,MIA,CIN,OK,0.82,2.14,4.82,N,L,L,R,R,NA,NA,CIN 36,NA,CIN 17; CIN 80,MIA 86,NA,MIA 23; MIA 29; MIA 33,CC,2020-12-06T20:04:43.100Z,28.8,6.3,1.3,2.6,0.14,98.51,171.72,punt_received,43475,Jakeem Grant,19,WR,home,80,left,28.53,6.13,17,80,CIN,50.39,1.24,38.44,17.91,22.175024,15.09045,23.0
2018120204,503,"(6:38) B.Colquitt punts 40 yards to HOU 28, Center-C.Hughlett. D.Carter to CLE 24 for 48 yards (T.Vallejo). FUMBLES (T.Vallejo), recovered by HOU-G.Howell at CLE 11. G.Howell to CLE 4 for 7 yards (P.Gaines). PENALTY on HOU-J.Bademosi, Offensive Holding, 10 yards, enforced at HOU 28.",1,4,5,CLE,Punt,Return,34723,42794,NA,CLE,32,06:38:00,OH,HOU 23,10,3,0,NA,40,0,50,42,HOU,CLE,OK,0.83,2.07,3.64,N,C,C,L,L,CLE 04; CLE 33,NA,NA,NA,CLE 33; CLE 27,NA,HOU 29,HOU 22; HOU 23,CC,2018-12-02T18:16:50.600Z,82.37,38.39,3.57,4.96,0.37,304.92,346.27,punt_received,42794,DeAndre Carter,14,WR,home,68,right,81.63,38.56,33,27,CLE,79.79,39.94,75.61,31.25,3.0098007,9.832457,55.31
2018121000,1386,"(6:00) M.Wile punts 41 yards to SEA 28, Center-K.McDermott. T.Lockett to SEA 40 for 12 yards (A.Harris).",2,4,2,MIN,Punt,Return,42907,42412,NA,MIN,31,06:00:00,NA,NA,NA,3,0,NA,41,12,29,79,SEA,MIN,OK,0.91,2.12,3.99,N,C,C,C,C,NA,NA,MIN 41,NA,MIN 35; MIN 27,NA,SEA 33,SEA 28; SEA 23,CC,2018-12-11T02:14:03.600Z,37.57,36.44,0.84,1.08,0.09,91.48,137.97,punt_received,42412,Tyler Lockett,16,WR,home,71,left,38.22,36.56,35,27,MIN,42.25,33.92,43.2,40.59,5.315336,6.9942403,62.81
2020112900,161,"(13:57) S.Hofrichter punts 44 yards to LV 30, Center-J.Harris. H.Renfrow to LV 36 for 6 yards (J.Tuioti-Mariner).",1,4,9,ATL,Punt,Return,52636,47932,NA,ATL,26,13:57:00,NA,NA,NA,0,0,NA,44,6,38,36,ATL,LV,OK,0.88,2.08,4.3,A,C,C,C,C,NA,NA,ATL 91,NA,ATL 20; ATL 36,LV 38,NA,LV 22; LV 26,CC,2020-11-29T18:08:43.900Z,80.05,36.19,0.9,2.09,0.11,283.27,16.16,punt_received,47932,Hunter Renfrow,13,WR,away,78,right,79.75,36.46,20,36,ATL,67.52,36.61,71.33,33.04,12.537037,9.27151,63.19
2020092703,307,"(10:28) B.Colquitt punts 53 yards to TEN 26, Center-A.Cutting. K.Raymond to TEN 29 for 3 yards (C.Beebe).",1,4,14,MIN,Punt,Return,34723,43584,NA,MIN,21,10:28:00,NA,NA,NA,0,3,NA,53,3,50,89,MIN,TEN,L,0.98,2.24,4.77,N,R,R,L,L,NA,NA,MIN 12,NA,MIN 85; MIN 12,TEN 15; TEN 28; TEN 37; TEN 99,NA,TEN 30; TEN 23,CC,2020-09-27T17:12:48.900Z,36.64,43.46,1.49,2.21,0.15,86.32,40.72,punt_received,43584,Kalif Raymond,14,WR,away,81,left,36.55,43.52,85,12,MIN,41.85,38.5,41.58,48.83,7.1934485,7.296609,36.7
2020111505,177,"(13:38) J.Berry punts 48 yards to CIN 19, Center-K.Canaday. A.Erickson to CIN 32 for 13 yards (O.Adeniyi, D.Watt). FUMBLES (O.Adeniyi), RECOVERED by PIT-B.Snell at CIN 32.",1,4,5,PIT,Punt,Return,42333,43663,NA,PIT,33,13:38:00,NA,NA,NA,0,0,NA,48,13,35,43,PIT,CIN,OK,0.83,2.17,3.76,N,C,C,C,C,NA,PIT 44,PIT 92,NA,PIT 42; PIT 31,NA,NA,CIN 40; CIN 80; CIN 36,CC,2020-11-15T21:30:26.300Z,90.59,15.88,1.51,2.29,0.15,299.91,43.56,punt_received,43663,Alex Erickson,12,WR,away,71,right,91.01,16.23,42,31,PIT,77.19,34.4,71.0,3.29,22.859362,23.286825,60.9
2018111110,1095,"(12:50) M.Dickson punts 68 yards to LA 10, Center-T.Ott. J.Natson to LA 21 for 11 yards (A.King).",2,4,13,SEA,Punt,Return,46218,45150,NA,SEA,22,12:50:00,NA,NA,NA,10,14,NA,68,11,57,88,LA,SEA,OK,0.83,1.94,4.38,N,R,R,R,C,NA,SEA 49,SEA 36,NA,SEA 28; SEA 36,LA 24; LA 41; LA 54; LA 58; LA 83,NA,LA 36; LA 37,CC,2018-11-11T22:07:46.400Z,23.16,43.04,6.12,5.96,0.63,265.53,281.89,punt_received,45150,JoJo Natson,19,WR,home,79,left,22.27,42.92,28,36,SEA,44.75,33.94,36.56,44.16,23.429428,13.446725,38.95
2020100407,930,"(1:11) T.Long punts 40 yards to TB 36, Center-C.Mazza. J.Mickens to TB 37 for 1 yard (T.Campbell).",1,4,8,LAC,Punt,Return,42663,44029,NA,LAC,24,01:11:00,NA,NA,NA,7,14,NA,40,1,39,86,TB,LAC,OK,0.74,2.12,4.4,N,L,L,NA,NA,NA,NA,LAC 37,NA,LAC 37; LAC 28,NA,TB 26,TB 32; TB 39; TB 29,CC,2020-10-04T17:42:43.000Z,46.11,7.26,4.36,3.24,0.44,83.85,166.74,punt_received,44029,Jaydon Mickens,85,WR,home,78,left,46.95,7.45,37,28,LAC,49.99,6.59,50.63,13.91,3.937423,8.040703,27.95
2020120200,657,"(4:41) S.Koch punts 58 yards to PIT 16, Center-N.Moore. R.McCloud to PIT 16 for no gain (D.Harris). FUMBLES (D.Harris), RECOVERED by BAL-A.Levine at PIT 16.",1,4,17,BAL,Punt,Return,31018,46256,NA,BAL,26,04:41:00,NA,NA,NA,6,0,NA,58,0,58,84,PIT,BAL,OK,0.87,2.27,4.76,N,C,C,NA,NA,NA,NA,NA,NA,BAL 80; BAL 33,NA,NA,PIT 42; PIT 31; PIT 20,MBDR,2020-12-02T21:06:47.500Z,25.13,34.56,5.31,0.7,0.53,72.12,279.18,punt_received,46256,Ray-Ray McCloud,14,WR,home,87,left,26.05,34.22,80,33,BAL,49.05,26.67,25.11,33.95,25.187666,0.6103278,71.59
2019092212,2466,"(8:22) J.Berry punts 59 yards to SF 14, Center-K.Canaday. R.James Jr. to SF 25 for 11 yards (O.Adeniyi).",3,4,5,PIT,Punt,Return,42333,46309,NA,PIT,27,08:22:00,NA,NA,NA,10,6,NA,59,11,48,37,SF,PIT,OK,0.79,2.12,4.57,N,L,L,R,R,NA,NA,PIT 92,NA,PIT 25; PIT 31,SF 30; SF 51; SF 53; SF 57; SF 82; SF 84,NA,SF 41; SF 27,CC,2019-09-22T22:11:06.500Z,95.47,50.17,1.55,3.45,0.16,269.88,72.37,punt_received,46309,Richie James,13,WR,home,78,right,95.44,49.76,25,31,PIT,87.28,48.96,78.72,25.89,8.278901,29.497133,13.28
2018123005,541,"(7:00) P.O'Donnell punts 46 yards to MIN 21, Center-P.Scales. B.Zylstra to MIN 25 for 4 yards (I.Irving).",1,4,6,CHI,Punt,Return,41420,44123,NA,CHI,33,07:00:00,NA,NA,NA,0,7,NA,46,4,42,77,MIN,CHI,OK,0.86,2,3.71,N,C,C,R,R,CHI 30,NA,CHI 47,NA,CHI 22; CHI 33,MIN 11; MIN 23; MIN 31; MIN 40; MIN 42; MIN 44,MIN 36,MIN 24; MIN 27; MIN 20,CC,2018-12-30T21:46:29.300Z,30.61,34.96,4.59,1.92,0.45,116.75,174.08,punt_received,44123,Brandon Zylstra,15,WR,home,73,left,30.58,34.9,22,33,CHI,47.37,1.34,34.46,38.6,37.565968,5.298311,69.04
2020091308,1597,"(5:29) T.Way punts 48 yards to PHI 10, Center-N.Sundberg. G.Ward to PHI 18 for 8 yards (C.Holcomb).",2,4,13,WAS,Punt,Return,40600,45607,NA,WAS,42,05:29:00,NA,NA,NA,0,17,NA,48,8,40,52,WAS,PHI,OK,0.77,2,5.06,N,C,C,R,R,WAS 52,NA,WAS 55,NA,WAS 89; WAS 32,PHI 58,PHI 42; PHI 50,PHI 22; PHI 39; PHI 36,CC,2020-09-13T18:08:16.500Z,99.21,17.74,2.93,1.96,0.28,326.52,50.19,punt_received,45607,Greg Ward,84,WR,away,85,right,98.81,18.13,89,32,WAS,91.85,22.02,82.65,2.92,8.5139885,22.223097,68.03
2019111701,806,"(1:18) (Punt formation) M.Palardy punts 57 yards to ATL 22, Center-J.Jansen. K.Barner for 78 yards, TOUCHDOWN.",1,4,19,CAR,Punt,Return,42098,40130,NA,CAR,21,01:18:00,NA,NA,NA,0,3,NA,57,78,-21,89,CAR,ATL,OK,0.82,1.94,4.53,N,C,C,C,L,CAR 40,NA,NA,NA,CAR 18; CAR 32,ATL 26; ATL 35; ATL 54; ATL 91,ATL 13; ATL 33; ATL 41,NA,CC,2019-11-17T18:37:46.500Z,32.59,32.34,3.93,1.37,0.39,345.74,284.62,punt_received,40130,Kenjon Barner,38,RB,away,77,left,32.69,32.47,18,32,CAR,41.05,28.5,46.56,33.1,9.290705,13.990658,78.16
2020112910,412,"(10:25) B.Pinion punts 44 yards to KC 10, Center-Z.Triner. M.Hardman to KC 22 for 12 yards (A.Winfield).",1,4,6,TB,Punt,Return,42508,47839,NA,TB,46,10:25:00,NA,NA,NA,0,3,NA,44,12,32,56,TB,KC,OK,0.86,2.11,4.59,A,C,C,C,C,NA,TB 26,TB 31,NA,TB 36; TB 29,KC 19; KC 50,NA,KC 38; KC 20,CC,2020-11-29T21:37:32.600Z,99.85,34.43,1.87,1.86,0.19,273.68,288.16,punt_received,47839,Mecole Hardman,17,WR,away,80,right,100.24,34.12,36,29,TB,100.29,46.26,75.06,26.15,11.83818,26.13623,71.97
2018120212,1621,"(2:00) R.Allen punts 52 yards to MIN 22, Center-J.Cardona. M.Sherels to MIN 26 for 4 yards (M.Slater).",2,4,1,NE,Punt,Return,40437,36071,NA,NE,26,02:00:00,NA,NA,NA,10,0,NA,52,4,48,36,NE,MIN,OK,0.87,2.24,4.3,N,L,L,R,R,NA,NA,NE 18,NA,NE 18; NE 31,NA,MIN 41,MIN 24; MIN 36,CC,2018-12-02T22:33:00.800Z,86.5,48.24,3.85,3.54,0.39,274.71,30.31,punt_received,36071,Marcus Sherels,35,CB,away,75,right,86.17,48.52,18,31,NE,75.94,47.81,77.79,39.24,10.568751,12.52454,17.94
2019121507,847,"(1:57) (Punt formation) B.Anger punts 60 yards to TEN 16, Center-J.Weeks. K.Raymond to TEN 24 for 8 yards (B.Scarlett; P.Kalambayi).",1,4,14,HOU,Punt,Return,38600,43584,NA,HOU,24,01:57:00,NA,NA,NA,0,0,NA,60,8,52,86,TEN,HOU,OK,0.85,2.17,4.33,N,C,C,C,C,HOU 35,NA,HOU 57,NA,HOU 35; HOU 33,NA,NA,TEN 37; TEN 29; TEN 36; TEN 23,CC,2019-12-15T18:35:21.700Z,26.6,34.08,2.53,1.61,0.26,91.4,280.33,punt_received,43584,Kalif Raymond,14,WR,home,77,left,27.2,33.95,35,33,HOU,38.98,29.65,51.8,49.83,13.148738,29.717041,72.61
2020112205,3094,"(14:25) L.Cooke punts 62 yards to PIT 12, Center-R.Matiscik. R.McCloud to PIT 26 for 14 yards (J.Giles-Harris).",4,4,19,JAX,Punt,Return,46316,46256,NA,JAX,26,14:25:00,NA,NA,NA,3,17,NA,62,14,48,36,JAX,PIT,OK,0.83,2.14,4.38,N,R,R,R,L,NA,JAX 86,JAX 43,NA,JAX 40; JAX 31,NA,PIT 27,PIT 42; PIT 31,CC,2020-11-22T20:27:12.900Z,96.78,10.06,3.34,3.08,0.35,315.68,127.13,punt_received,46256,Ray-Ray McCloud,14,WR,away,80,right,96.97,10.22,40,31,JAX,80.69,21.86,82.09,12.56,19.953148,14.901212,38.35
2020092006,1945,"(1:01) C.Johnston punts 59 yards to LA 3, Center-R.Lovato. C.Kupp to LA 12 for 9 yards (T.Edwards). FUMBLES (T.Edwards), RECOVERED by PHI-K.Wallace at LA 11. K.Wallace to LA 11 for no gain (T.Rapp).",2,4,5,PHI,Punt,Return,45603,44881,NA,PHI,38,01:01:00,NA,NA,NA,9,21,NA,59,8,51,72,PHI,LA,OK,0.76,2.09,5.05,N,C,C,C,C,PHI 54,NA,PHI 57,NA,PHI 42; PHI 36,NA,LA 24,LA 31; LA 32; LA 25,CC,2020-09-20T18:21:06.500Z,13.88,35.92,4.1,2.09,0.42,21.24,308.35,punt_received,44881,Cooper Kupp,10,WR,away,87,left,14.11,36.04,42,36,PHI,29.96,16.6,38.95,49.06,25.136206,28.30485,64.77
2019112500,3832,"(3:22) S.Koch punts 48 yards to LA 10, Center-M.Cox. J.Natson to LA 14 for 4 yards (I.Marshall).",4,4,5,BAL,Punt,Return,31018,45150,NA,BAL,42,03:22:00,NA,NA,NA,6,45,NA,48,4,44,68,LA,BAL,OK,0.85,2.18,4.41,A,L,L,C,C,BAL 10,NA,BAL 37,NA,BAL 37; BAL 10,LA 33; LA 34; LA 41; LA 45; LA 48; LA 51,NA,LA 25; LA 22; LA 23,CC,2019-11-26T04:00:30.400Z,20.6,8.97,3.03,4.13,0.31,64.76,228.43,punt_received,45150,JoJo Natson,19,WR,home,75,left,21.3,8.87,37,10,BAL,27.51,8.9,34.09,17.85,6.9103546,16.150372,33.28
2019121504,1172,"(11:57) C.Wadman punts 50 yards to KC 25, Center-C.Kreiter. M.Hardman pushed ob at KC 25 for no gain (D.Harris).",2,4,10,DEN,Punt,Return,45986,47839,NA,DEN,25,11:57:00,NA,NA,NA,9,0,NA,50,0,50,35,KC,DEN,OK,0.91,2.24,4.19,A,L,L,NA,NA,NA,NA,DEN 27,NA,DEN 27; DEN 19,KC 13,NA,KC 23; KC 30; KC 24; KC 11,CFFG,2019-12-15T18:51:02.100Z,84.62,51.66,3.55,2.02,0.37,289.41,17.41,punt_received,47839,Mecole Hardman,17,WR,home,91,right,84.22,52.02,27,19,DEN,81.47,51.79,79.51,42.19,3.1526814,10.7607155,4.8
2020122007,213,"(11:30) M.Haack punts 45 yards to NE 24, Center-B.Ferguson. G.Olszewski pushed ob at NE 27 for 3 yards (J.Perry).",1,4,1,MIA,Punt,Return,45296,48988,NA,MIA,31,11:30:00,NA,NA,NA,0,0,NA,45,3,42,79,MIA,NE,OK,0.88,2.07,4.5,N,R,R,NA,NA,NA,NA,MIA 33,NA,MIA 23; MIA 33,NA,NA,NE 31; NE 29,CC,2020-12-20T18:11:03.500Z,33.75,50.97,5.43,2.15,0.55,75.31,19.92,punt_received,48988,Gunner Olszewski,80,WR,away,62,left,33.87,51.34,23,33,MIA,39.66,35.4,33.76,50.37,16.65392,0.60008335,7.35
2020122009,2943,"(6:33) J.Gillan punts 34 yards to NYG 11, Center-C.Hughlett. J.Peppers pushed ob at NYG 23 for 12 yards (P.Gustin).",4,4,20,CLE,Punt,Return,48139,44837,NA,NYG,45,06:33:00,NA,NA,NA,3,20,NA,34,12,22,55,NYG,CLE,OK,0.84,2.02,3.79,A,R,R,L,L,NA,NA,CLE 97,NA,CLE 12; CLE 20,NYG 20; NYG 39; NYG 43; NYG 47; NYG 55; NYG 97; NYG 98; NYG 99,NA,NYG 38; NYG 27,CC,2020-12-21T03:43:01.400Z,22.13,46.58,4.18,2.29,0.43,84.79,19.42,punt_received,44837,Jabrill Peppers,21,SS,home,71,left,22.98,46.75,12,20,CLE,28.89,37.22,17.89,51.05,11.545874,6.161047,24.58
2019121511,394,"(11:02) (Punt formation) C.Jones punts 47 yards to LA 22, Center-L.Ladouceur. N.Webster ran ob at LA 22 for no gain.",1,4,3,DAL,Punt,Return,38138,48784,NA,DAL,31,11:02:00,NA,NA,NA,0,0,NA,47,0,47,79,DAL,LA,OK,0.87,2.11,4.44,N,L,L,NA,NA,NA,NA,NA,NA,DAL 83; DAL 29,LA 33; LA 34; LA 48; LA 58,LA 26,LA 31; LA 22,CC,2019-12-15T21:38:17.900Z,31.54,2.58,6.37,1.91,0.66,107.55,169.45,punt_received,48784,Nsimba Webster,14,WR,away,75,left,32.33,1.77,83,29,DAL,35.09,4.17,43.72,23.01,3.8898072,23.785233,6.64
2020111504,3065,"(1:15) C.Johnston punts 56 yards to NYG 15, Center-R.Lovato. J.Peppers pushed ob at NYG 31 for 16 yards (R.Ford).",3,4,11,PHI,Punt,Return,45603,44837,NA,PHI,29,01:15:00,NA,NA,NA,21,17,NA,56,16,40,81,NYG,PHI,L,0.96,2.19,4.88,N,C,C,R,R,NA,NA,PHI 36,NA,PHI 42; PHI 36,NA,NA,NYG 20; NYG 45; NYG 27; NYG 28,CC,2020-11-15T20:17:20.900Z,24.76,19.12,1.82,2.82,0.17,108.37,181.13,punt_received,44837,Jabrill Peppers,21,SS,home,75,left,25.05,19.04,42,36,PHI,68.25,2.63,36.77,24.27,46.51129,13.067616,71.44
2018110401,2180,"(1:46) C.Schmidt punts 46 yards to CHI 41, Center-R.Ferguson. T.Cohen to BUF 23 for 36 yards (P.DiMarco). FUMBLES (P.DiMarco), ball out of bounds at BUF 23.",2,4,22,BUF,Punt,Return,40946,44932,NA,BUF,13,01:46:00,NA,NA,NA,0,21,NA,46,36,10,23,BUF,CHI,OK,0.87,2.2,3.12,N,L,L,C,L,BUF 57; BUF 69,NA,BUF 42,NA,BUF 18; BUF 30,CHI 15,CHI 30,CHI 22; CHI 26; CHI 23; CHI 27,CFFG,2018-11-04T19:20:56.900Z,68.82,39.49,1.98,3.32,0.19,243.38,130.59,punt_received,44932,Tarik Cohen,29,RB,away,82,right,68.1,39.23,18,30,BUF,48.47,58.73,49.8,39.82,28.005358,19.022863,52.8
2018110402,1295,"(9:13) B.Anger punts 48 yards to CAR 46, Center-G.Sanborn. D.Byrd to TB 42 for 12 yards (G.Sanborn).",2,4,24,TB,Punt,Return,38600,42899,NA,TB,6,09:13:00,NA,NA,NA,21,7,NA,48,12,36,104,CAR,TB,OK,0.78,2.04,4.4,N,C,C,C,C,TB 29,NA,TB 89,NA,TB 38; TB 29,CAR 54,NA,CAR 26; CAR 35; CAR 10,CC,2018-11-04T18:59:45.400Z,56.32,19.34,3.28,1.16,0.33,110.73,142.27,punt_received,42899,Damiere Byrd,18,WR,home,75,left,57.49,19.27,38,29,TB,67.85,13.2,60.9,21.76,13.062943,5.1800385,72.31
2020120609,1183,"(8:56) R.Dixon punts 49 yards to SEA 31, Center-C.Kreiter. D.Moore pushed ob at SEA 44 for 13 yards (R.Dixon). PENALTY on SEA-L.Stephens, Offensive Holding, 10 yards, enforced at SEA 38.",2,4,10,NYG,Punt,Return,43517,45039,NA,NYG,20,08:56:00,OH,SEA 34,10,3,0,NA,49,7,52,90,SEA,NYG,OK,0.88,2.16,4.09,N,C,C,L,L,NA,NA,NA,NA,NYG 28; NYG 18,NA,NA,SEA 35; SEA 39; SEA 34,CC,2020-12-06T21:55:35.900Z,40.87,28.27,0.29,2.14,0.04,75.53,318.24,punt_received,45039,David Moore,83,WR,home,74,left,42.26,28.6,28,18,NYG,51.94,15.33,60.62,26.51,17.029049,19.828264,92.68
2019121506,1354,"(8:06) (Punt formation) C.Bojorquez punts 37 yards to PIT 13, Center-R.Ferguson. D.Johnson pushed ob at PIT 26 for 13 yards (R.Ferguson).",2,4,8,BUF,Punt,Return,46903,47849,NA,NA,50,08:06:00,NA,NA,NA,3,7,NA,37,13,24,60,PIT,BUF,OK,0.85,2,3.41,A,C,C,R,R,NA,NA,BUF 58,NA,BUF 16; BUF 33,PIT 37; PIT 44,NA,PIT 31; PIT 80,CC,2019-12-16T02:16:51.700Z,97.01,32.1,4.69,1.77,0.48,277.8,349.8,punt_received,47849,Diontae Johnson,18,WR,home,66,right,96.55,32.08,16,33,BUF,86.36,21.42,95.72,13.44,15.0826025,18.704536,79.62
2019091504,2745,"(13:35) T.Daniel punts 39 yards to JAX 30, Center-J.Weeks. T.Ervin to JAX 30 for no gain (A.Moore).",4,4,5,HOU,Punt,Return,46810,43408,NA,HOU,31,13:35:00,NA,NA,NA,6,3,NA,39,0,39,41,HOU,JAX,H,0.89,2.23,3.85,N,C,C,NA,NA,NA,NA,HOU 33,NA,HOU 35; HOU 33,NA,NA,JAX 17; JAX 31,CC,2019-09-15T19:07:43.800Z,80.56,23.98,0.83,3.59,0.09,298.73,289.77,punt_received,43408,Tyler Ervin,24,RB,away,72,right,79.38,23.65,35,33,HOU,60.03,25.88,78.31,22.55,20.617733,2.6659708,88.74
2018110400,2030,"(1:00) (Punt formation) S.Koch punts 52 yards to PIT 7, Center-M.Cox. R.Switzer to PIT 15 for 8 yards (A.Levine Sr.).",2,4,10,BAL,Punt,Return,31018,44946,NA,BAL,41,01:00:00,NA,NA,NA,6,14,NA,52,8,44,51,BAL,PIT,OK,0.81,2.08,4.59,N,C,C,C,C,NA,NA,BAL 41,NA,BAL 27; BAL 10,NA,NA,PIT 25; PIT 24; PIT 88,CC,2018-11-04T19:20:43.500Z,101.99,15.92,2.85,1.91,0.28,311.51,49.99,punt_received,44946,Ryan Switzer,10,WR,away,78,right,102.62,16.22,27,10,BAL,86.87,21.68,93.81,5.09,16.179987,13.572078,60.86
2019111008,1994,"(:26) (Punt formation) M.Haack punts 55 yards to IND 13, Center-T.Pepper. C.Rogers to IND 23 for 10 yards (J.Wiltz).",2,4,11,MIA,Punt,Return,45296,43556,NA,MIA,32,00:26:00,NA,NA,NA,0,10,NA,55,10,45,42,IND,MIA,OK,0.86,2.21,4.3,N,C,C,L,L,NA,NA,MIA 33,NA,MIA 33; MIA 35,IND 20,IND 23,IND 34; IND 39; IND 30,CC,2019-11-10T22:25:03.500Z,96.94,22.52,1.07,2.0,0.11,280.32,2.6,punt_received,43556,Chester Rogers,80,WR,home,77,right,97.31,22.56,33,35,MIA,73.85,31.26,69.09,3.59,24.688776,33.67443,84.65
2018100700,2576,"(6:40) C.Bojorquez punts 42 yards to TEN 24, Center-R.Ferguson. N.Williams to TEN 25 for 1 yard (T.Jones).",3,4,10,BUF,Punt,Return,46903,40305,NA,BUF,34,06:40:00,NA,NA,NA,7,6,NA,42,1,41,76,BUF,TEN,OK,0.84,2.1,3.89,N,R,R,L,L,NA,NA,BUF 26,NA,BUF 30; BUF 26,NA,TEN 32; TEN 36,TEN 29; TEN 20; TEN 26,CC,2018-10-07T18:54:28.700Z,33.25,41.26,6.07,0.69,0.61,59.99,6.95,punt_received,40305,Nick Williams,14,WR,away,72,left,34.04,41.48,30,26,BUF,53.68,31.62,41.61,50.45,22.590141,12.423594,44.35
2020111501,503,"(6:29) B.Anger punts 52 yards to CLE 13, Center-J.Weeks. D.Peoples-Jones to CLE 22 for 9 yards (K.Crossen; N.Hall).",1,4,8,HOU,Punt,Return,38600,52595,NA,HOU,35,06:29:00,NA,NA,NA,3,0,NA,52,9,43,45,CLE,HOU,OK,0.77,2.02,3.68,N,R,R,L,L,HOU 33,HOU 48,HOU 35,NA,HOU 35; HOU 33,CLE 12; CLE 20,NA,CLE 36; CLE 28,CFFG,2020-11-15T18:53:22.300Z,96.86,6.21,2.91,4.01,0.3,260.56,181.88,punt_received,52595,Donovan Peoples-Jones,11,WR,home,78,right,96.55,6.58,35,33,HOU,88.95,13.69,85.81,7.54,10.8866205,11.129753,24.69
2020092702,2318,"(11:38) J.Gillan punts 57 yards to WAS 32, Center-C.Hughlett. S.Sims to CLE 49 for 19 yards (A.Janovich).",3,4,14,CLE,Punt,Return,48139,48051,NA,CLE,11,11:38:00,NA,NA,NA,17,7,NA,57,19,38,21,CLE,WAS,OK,0.83,2.05,4.36,N,L,L,R,R,NA,NA,CLE 31,NA,CLE 20; CLE 33,WAS 47,NA,WAS 31; WAS 37; WAS 20; WAS 25,CC,2020-09-27T18:44:34.000Z,76.31,41.79,3.67,1.96,0.37,281.42,61.99,punt_received,48051,Steven Sims,15,WR,away,76,right,76.25,41.54,20,33,CLE,61.83,49.82,55.09,34.48,16.557514,22.443808,44.13
2019092907,1203,"(9:17) T.Way punts 58 yards to NYG 17, Center-N.Sundberg. T.Jones MUFFS catch, and recovers at NYG 17. T.Jones to NYG 17 for no gain (S.Thomas).",2,4,4,WAS,Punt,Muffed,40600,41418,NA,WAS,25,09:17:00,NA,NA,NA,14,0,NA,58,0,58,35,NYG,WAS,OK,0.72,2.01,4.94,N,R,R,NA,NA,NA,NA,NA,NA,WAS 30; WAS 38,NA,NYG 24; NYG 31; NYG 36,NYG 25; NYG 30,MBDR,2019-09-29T17:46:28.800Z,93.29,8.19,1.35,2.03,0.13,333.02,27.8,punt_received,41418,T.J. Jones,80,WR,home,88,right,92.69,8.4,30,38,WAS,79.31,17.94,93.35,6.92,17.044146,1.2714165,31.52
2018111802,2310,"(11:31) P.O'Donnell punts 38 yards to MIN 14, Center-P.Scales. M.Sherels pushed ob at MIN 24 for 10 yards (D.Houston-Carson).",3,4,6,CHI,Punt,Return,41420,36071,NA,CHI,48,11:31:00,NA,NA,NA,14,0,NA,38,10,28,58,CHI,MIN,OK,0.83,2.15,4.15,A,L,L,R,R,NA,NA,CHI 36,NA,CHI 15; CHI 27,MIN 30; MIN 31; MIN 57,MIN 41,MIN 24; MIN 17,CC,2018-11-19T02:58:58.400Z,95.69,47.24,4.86,3.09,0.5,290.5,335.69,punt_received,36071,Marcus Sherels,35,CB,away,71,right,94.91,47.35,15,27,CHI,94.89,42.95,98.78,22.0,4.3639545,25.428442,22.33
2020100400,1096,"(14:32) A.Lee punts 53 yards to CAR 7, Center-A.Brewer. P.Cooper to CAR 13 for 6 yards (D.Gardeck; C.Washington).",2,4,9,ARI,Punt,Return,29141,43406,NA,ARI,40,14:32:00,NA,NA,NA,14,0,NA,53,6,47,70,CAR,ARI,OK,0.82,1.98,4.71,N,C,C,C,C,NA,ARI 28,ARI 45,NA,ARI 16; ARI 28,CAR 50,NA,CAR 25; CAR 20,CC,2020-10-04T17:46:04.300Z,17.08,37.57,2.58,1.38,0.26,141.7,219.21,punt_received,43406,Pharoh Cooper,14,WR,home,78,left,17.59,37.56,16,28,ARI,33.07,32.32,30.31,41.77,16.829813,13.880667,59.06
2019092205,620,"(5:32) A.Cole punts 60 yards to MIN 8, Center-T.Sieg. C.Beebe to MIN 21 for 13 yards (F.Moreau).",1,4,6,OAK,Punt,Return,48335,46534,NA,OAK,32,05:32:00,NA,NA,NA,7,0,NA,60,13,47,42,MIN,OAK,OK,0.91,2.22,4.45,N,C,C,R,R,NA,NA,OAK 87,NA,OAK 32; OAK 22,MIN 91,MIN 27,MIN 44; MIN 38,CC,2019-09-22T17:26:57.600Z,101.16,26.11,2.62,3.03,0.27,278.44,75.28,punt_received,46534,Chad Beebe,12,WR,home,78,right,100.4,26.52,32,22,OAK,78.97,28.24,90.99,22.29,22.291994,10.863761,99.51
2019120803,2360,"(8:09) T.Way punts 44 yards to GB 40, Center-N.Sundberg. T.Ervin to WAS 49 for 11 yards (J.Reaves).",3,4,19,WAS,Punt,Return,40600,43408,NA,WAS,16,08:09:00,NA,NA,NA,17,6,NA,44,11,33,26,GB,WAS,OK,0.8,2.02,4.59,N,C,C,L,L,WAS 30,NA,WAS 39,NA,WAS 30; WAS 89,GB 42; GB 44; GB 81,NA,GB 37; GB 25,CC,2019-12-08T19:57:45.200Z,69.69,18.3,1.85,1.88,0.18,251.75,213.58,punt_received,43408,Tyler Ervin,32,RB,home,77,right,69.64,18.29,30,89,WAS,64.1,22.4,70.11,2.91,6.932395,15.39573,68.63
2018100700,736,"(5:19) C.Bojorquez punts 40 yards to TEN 37, Center-R.Ferguson. N.Williams to BUF 25 for 38 yards (L.Pitts).",1,4,9,BUF,Punt,Return,46903,40305,NA,BUF,23,05:19:00,NA,NA,NA,7,0,NA,40,38,2,87,BUF,TEN,OK,0.68,2.07,4.48,N,C,C,R,R,BUF 44,NA,BUF 30,NA,BUF 30; BUF 26,NA,TEN 36,TEN 29; TEN 21; TEN 26,CC,2018-10-07T17:25:46.000Z,46.5,35.76,1.88,3.27,0.2,95.77,43.38,punt_received,40305,Nick Williams,14,WR,away,77,left,47.06,35.78,30,26,BUF,54.92,6.02,57.89,24.56,30.908962,15.974107,65.74
2019092205,1605,"(5:22) B.Colquitt punts 49 yards to OAK 11, Center-A.Cutting. J.Richard MUFFS catch, and recovers at OAK 9. J.Richard to OAK 9 for no gain (A.Abdullah).",2,4,9,MIN,Punt,Muffed,34723,44045,NA,MIN,40,05:22:00,NA,NA,NA,21,7,NA,51,0,51,50,MIN,OAK,OK,0.81,2.08,4.56,N,C,C,NA,NA,MIN 31,NA,MIN 31,NA,MIN 31; MIN 27,OAK 58; OAK 98,NA,OAK 22; OAK 20; OAK 35,MBDR,2019-09-22T18:11:16.300Z,99.33,17.54,2.0,1.88,0.19,34.13,94.83,punt_received,44045,Jalen Richard,30,RB,away,83,right,100.16,17.82,31,27,MIN,91.08,21.95,90.27,10.49,9.35471,11.479813,66.87
2018101411,3461,"(3:25) (Punt formation) B.Kern punts 44 yards to 50, Center-B.Brinkley. C.Jones to TEN 36 for 14 yards (D.Bates).",4,4,15,TEN,Punt,Return,33338,43349,NA,TEN,6,03:25:00,NA,NA,NA,0,21,NA,44,14,30,104,TEN,BAL,OK,0.76,1.98,3.34,N,C,C,L,L,NA,NA,TEN 53,NA,TEN 36; TEN 29,NA,NA,NA,CC,2018-10-14T23:10:38.600Z,59.65,27.33,3.36,0.67,0.34,76.3,81.23,punt_received,43349,Cyrus Jones,27,CB,away,66,left,59.65,27.62,36,29,TEN,101.26,18.37,102.68,33.08,42.56376,43.41248,96.36
2019121504,213,"(11:51) C.Wadman to DEN 33 for -10 yards. FUMBLES, and recovers at DEN 34. C.Wadman punts 39 yards to KC 18. M.Hardman to KC 16 for -2 yards (D.Harris). PENALTY on DEN-J.Jones, Ineligible Downfield Kick, 5 yards, enforced at KC 16.",1,4,3,DEN,Punt,Return,45986,47839,NA,DEN,43,11:51:00,IDK,DEN 43,-5,0,0,NA,39,-2,36,67,KC,DEN,OK,0.82,3.57,3.77,A,C,C,NA,NA,NA,DEN 43,DEN 27,NA,DEN 27; DEN 19,KC 13; KC 81,NA,KC 35; KC 24,CC,2019-12-15T18:07:47.200Z,27.73,21.68,1.7,1.36,0.17,107.83,167.08,punt_received,47839,Mecole Hardman,17,WR,home,87,left,28.33,21.62,27,19,DEN,28.35,25.64,27.46,27.64,4.0082417,5.9661126,81.13
2018100705,4518,"(1:13) D.Colquitt punts 63 yards to JAX 3, Center-J.Winchester. J.Mickens to JAX 9 for 6 yards (Dam. Williams).",4,4,7,KC,Punt,Return,29926,44029,NA,KC,34,01:13:00,NA,NA,NA,30,14,NA,63,6,57,76,KC,JAX,OK,0.85,2.07,4.62,N,C,C,C,C,NA,NA,KC 26,NA,KC 35; KC 19,JAX 48; JAX 52; JAX 55,JAX 17; JAX 22,JAX 43; JAX 23,CC,2018-10-07T20:21:38.800Z,13.75,26.74,0.68,5.05,0.1,103.73,221.95,punt_received,44029,Jaydon Mickens,85,WR,away,82,left,13.51,26.85,35,19,KC,30.46,22.84,31.5,31.24,17.159082,18.31154,99.25
2020112601,123,"(13:20) T.Way punts 60 yards to DAL 19, Center-N.Sundberg. C.Lamb to DAL 28 for 9 yards (J.Sprinkle). DAL-S.Parker was injured during the play.",1,4,14,WAS,Punt,Return,40600,52425,NA,WAS,21,13:20:00,NA,NA,NA,0,0,NA,60,9,51,31,DAL,WAS,OK,0.73,2.07,4.85,N,L,L,R,R,NA,NA,WAS 87,NA,WAS 25; WAS 32,DAL 92,NA,DAL 40; DAL 33; DAL 34; DAL 29,CC,2020-11-26T21:39:24.500Z,89.05,41.12,4.47,2.52,0.46,292.12,56.98,punt_received,52425,CeeDee Lamb,88,WR,home,80,right,87.72,40.62,25,32,WAS,75.37,47.68,62.05,23.39,15.171553,32.300972,47.58
2019091512,4123,"(2:35) J.Hekker punts 66 yards to NO 13, Center-J.McQuaide. D.Harris to NO 22 for 9 yards (N.Scott).",4,4,15,LA,Punt,Return,38815,48415,NA,LA,21,02:35:00,NA,NA,NA,27,9,NA,66,9,57,31,LA,NO,OK,0.81,2.09,4.64,N,L,L,C,C,LA 48,NA,LA 33,NA,LA 20; LA 88,NO 07; NO 34; NO 93,NO 52; NO 54,NO 48; NO 22; NO 24; NO 21,CC,2019-09-15T23:25:54.400Z,93.4,44.12,4.18,3.56,0.43,327.87,67.9,punt_received,48415,Deonte Harris,11,WR,away,77,right,92.73,44.02,20,88,LA,59.38,49.48,66.16,31.82,34.43966,29.888252,34.82
2019101310,252,"(11:29) C.Jones punts 55 yards to NYJ 7, Center-L.Ladouceur. B.Berrios to NYJ 17 for 10 yards (C.Goodwin).",1,4,5,DAL,Punt,Return,38138,46279,NA,DAL,38,11:29:00,NA,NA,NA,0,0,NA,55,10,45,72,NYJ,DAL,OK,0.89,2.07,4.32,N,C,C,C,C,DAL 83,NA,DAL 29,NA,DAL 83; DAL 29,NYJ 44; NYJ 47; NYJ 51; NYJ 93,NYJ 41,NYJ 23; NYJ 34,CC,2019-10-13T20:34:13.700Z,17.78,16.09,1.49,2.47,0.14,90.94,324.77,punt_received,46279,Braxton Berrios,10,WR,home,76,left,18.03,15.68,83,29,DAL,22.79,13.53,30.97,20.8,5.626162,14.00572,58.84
2018091604,815,"(14:22) L.Edwards punts 60 yards to MIA 18, Center-T.Hennessy. J.Grant pushed ob at MIA 40 for 22 yards (T.Brooks).",2,4,13,NYJ,Punt,Return,43524,43475,NA,NYJ,22,14:22:00,NA,NA,NA,0,7,NA,60,22,38,88,NYJ,MIA,OK,0.8,2.01,3.85,N,L,L,R,R,NYJ 27; NYJ 51; NYJ 56,NA,NYJ 23,NA,NYJ 27; NYJ 17,MIA 16; MIA 90,NA,MIA 29; MIA 31; MIA 24; MIA 35,CC,2018-09-16T17:39:04.400Z,31.9,14.66,6.29,3.28,0.64,159.1,225.54,punt_received,43475,Jakeem Grant,19,WR,away,69,left,32.12,13.88,27,17,NYJ,51.39,3.54,55.63,18.57,22.439129,24.049969,52.08
2018122302,2717,"(2:27) (Punt formation) L.Cooke punts 42 yards to MIA 25, Center-M.Overton. D.Amendola to MIA 28 for 3 yards (T.Herndon).",3,4,11,JAX,Punt,Return,46316,33566,NA,JAX,33,02:27:00,NA,NA,NA,7,7,NA,42,3,39,77,MIA,JAX,OK,0.94,2.17,3.62,N,C,C,C,C,NA,NA,JAX 41,NA,JAX 43; JAX 41,MIA 36,MIA 31,MIA 24,CC,2018-12-23T20:05:39.200Z,35.43,33.46,3.38,3.16,0.32,120.33,145.79,punt_received,33566,Danny Amendola,80,WR,home,58,left,35.59,33.12,43,41,JAX,38.59,23.98,39.57,36.93,9.992798,5.401898,75.72
2019100606,112,"(13:07) L.Edwards punts 52 yards to PHI 31, Center-T.Hennessy. D.Sproles ran ob at PHI 47 for 16 yards (D.Brown).",1,4,18,NYJ,Punt,Return,43524,29957,NA,NYJ,17,13:07:00,NA,NA,NA,0,0,NA,52,16,36,27,PHI,NYJ,OK,0.85,2.04,4.39,A,L,L,R,R,NYJ 42; NYJ 50,NA,NYJ 87,NA,NYJ 25; NYJ 15,PHI 94,PHI 32,PHI 39; PHI 37; PHI 36,CC,2019-10-06T17:05:58.100Z,78.89,40.14,1.39,0.8,0.15,253.73,5.93,punt_received,29957,Darren Sproles,43,RB,home,75,right,78.15,40.27,25,15,NYJ,69.92,47.45,57.07,23.84,11.571387,27.23605,48.89
2019121508,1551,"(6:35) C.Johnston punts 47 yards to WAS 24, Center-R.Lovato. S.Sims to WAS 35 for 11 yards (T.Edwards; R.Lovato).",2,4,10,PHI,Punt,Return,45603,48051,NA,PHI,29,06:35:00,NA,NA,NA,14,10,NA,47,11,36,81,WAS,PHI,OK,0.93,2.15,3.98,A,C,C,R,R,PHI 49,PHI 45,PHI 57,NA,PHI 32; PHI 39,NA,WAS 39,WAS 41; WAS 30; WAS 32,CC,2019-12-15T19:03:31.300Z,33.78,14.24,3.01,4.49,0.32,96.63,175.21,punt_received,48051,Steven Sims,15,WR,home,74,left,34.66,14.28,32,39,PHI,46.0,2.61,38.64,45.31,16.869656,31.447805,53.58
2018110407,2301,"(12:06) T.Daniel punts 48 yards to DEN 22, Center-J.Weeks. A.Jones to DEN 19 for -3 yards (A.Moore).",3,4,3,HOU,Punt,Return,46810,29830,NA,HOU,30,12:06:00,NA,NA,NA,10,16,NA,48,-3,51,80,DEN,HOU,OK,0.89,2.13,4.04,N,L,L,NA,NA,NA,NA,HOU 33,NA,HOU 33; HOU 23,DEN 21; DEN 40; DEN 45; DEN 48,DEN 35; DEN 38,DEN 41; DEN 22,CC,2018-11-04T22:56:58.200Z,32.09,5.26,3.77,3.69,0.39,177.56,178.4,punt_received,29830,Adam Jones,24,CB,home,73,left,32.24,4.6,33,23,HOU,37.12,4.6,46.23,22.59,5.0731153,22.366682,17.26
2020111512,923,"(15:00) T.Long punts 42 yards to MIA 26, Center-C.Mazza. J.Grant to MIA 44 for 18 yards (C.Mazza).",2,4,3,LAC,Punt,Return,42663,43475,NA,LAC,32,15:00:00,NA,NA,NA,14,0,NA,42,18,24,78,MIA,LAC,OK,0.91,2.24,3.75,N,C,C,C,C,NA,NA,LAC 45,NA,LAC 12; LAC 83,NA,NA,MIA 23; MIA 33,CC,2020-11-15T21:43:10.700Z,36.02,25.68,1.89,3.4,0.2,81.7,115.32,punt_received,43475,Jakeem Grant,19,WR,home,72,left,36.22,25.57,12,83,LAC,45.04,20.91,40.82,40.41,10.203592,15.49235,95.95
2019122200,2939,"(11:07) S.Martin punts 51 yards to DEN 10, Center-D.Muhlbach. D.Spencer pushed ob at DEN 24 for 14 yards (D.Virgin). PENALTY on DET-S.Longa, Unnecessary Roughness, 15 yards, enforced at DEN 24.",4,4,9,DET,Punt,Return,40113,42051,NA,DET,39,11:07:00,UNRd,DET 54,-15,20,17,NA,51,14,22,71,DEN,DET,OK,0.86,2.23,5.09,N,R,R,L,L,NA,NA,DET 30,NA,DET 49; DET 30,NA,DEN 49,DEN 20; DEN 26; DEN 27,CC,2019-12-22T23:21:09.000Z,20.68,40.83,3.69,0.26,0.37,81.03,340.32,punt_received,42051,Diontae Spencer,11,WR,home,82,left,21.15,40.49,49,30,DET,28.7,29.02,42.71,34.79,14.275731,22.842997,48.07
2018111103,576,"(4:52) M.Haack punts 39 yards to GB 31, Center-J.Denney. T.Williams to 50 for 19 yards (A.Derby). FUMBLES (A.Derby), RECOVERED by MIA-L.Carroo at 50. L.Carroo to 50 for no gain (J.Jackson).",1,4,4,MIA,Punt,Return,45296,31517,NA,MIA,30,04:52:00,NA,NA,NA,7,0,NA,39,19,20,80,GB,MIA,OK,0.84,2.08,3.84,N,C,C,L,L,MIA 55,MIA 45,MIA 85,NA,MIA 35; MIA 31,GB 62,GB 37,GB 23; GB 28,CC,2018-11-11T21:46:19.300Z,41.75,23.96,3.1,1.54,0.31,60.6,19.98,punt_received,31517,Tramon Williams,38,CB,home,71,left,42.73,23.71,35,31,MIA,50.54,14.26,51.78,40.3,13.090229,19.172806,88.97
2019090806,3191,"(12:16) T.Way punts 56 yards to PHI 19, Center-N.Sundberg. D.Sproles to PHI 22 for 3 yards (D.Everett).",4,4,6,WAS,Punt,Return,40600,29957,NA,WAS,25,12:16:00,NA,NA,NA,29,20,NA,56,3,53,85,PHI,WAS,OK,0.8,1.97,4.87,N,C,C,NA,NA,NA,NA,WAS 22,NA,WAS 30; WAS 37,PHI 19; PHI 36; PHI 58; PHI 85,NA,PHI 29; PHI 32,CC,2019-09-08T19:37:06.800Z,29.02,18.63,1.4,0.38,0.14,40.84,193.91,punt_received,29957,Darren Sproles,43,RB,home,80,left,28.7,19.12,30,37,WAS,46.4,18.32,44.85,41.83,17.382765,28.086098,71.74
2018121602,1911,"(1:05) S.Martin punts 50 yards to BUF 13, Center-D.Muhlbach. M.Hyde to BUF 13 for no gain (T.Walker).",2,4,2,DET,Punt,Return,40113,40107,NA,DET,37,01:05:00,NA,NA,NA,7,13,NA,50,0,50,73,BUF,DET,OK,0.81,2.15,3.71,A,L,L,R,R,NA,NA,DET 47,NA,DET 47; DET 17,NA,NA,BUF 47; BUF 27,CC,2018-12-16T19:16:01.500Z,23.52,11.25,7.83,1.83,0.79,127.19,190.22,punt_received,40107,Micah Hyde,23,SS,home,73,left,24.35,10.21,47,17,DET,28.93,6.57,35.81,23.48,7.153356,17.33831,38.31
2019111703,1315,"(6:19) (Punt formation) L.Cooke punts 47 yards to IND 19, Center-M.Orzech. C.Rogers to IND 20 for 1 yard (B.Watson).",2,4,1,JAX,Punt,Return,46316,43556,NA,JAX,34,06:19:00,NA,NA,NA,10,7,NA,47,1,46,76,IND,JAX,<,0.8,2.19,3.26,N,C,C,NA,NA,NA,NA,JAX 40,NA,JAX 13; JAX 40,IND 90; IND 92,IND 42,IND 34; IND 39,CFFG,2019-11-17T18:57:24.300Z,29.36,18.62,4.76,1.77,0.47,121.12,175.54,punt_received,43556,Chester Rogers,80,WR,home,84,left,30.08,18.53,13,40,JAX,40.39,21.57,37.4,31.99,11.417679,15.6012335,69.53
2018121602,2574,"(7:09) S.Martin punts 55 yards to BUF 26, Center-D.Muhlbach. I.McKenzie to BUF 36 for 10 yards (K.Sheppard). BUF-I.McKenzie was injured during the play. His return is Probable.  I.McKenzie taken off field on cart.",3,4,1,DET,Punt,Return,40113,44985,NA,DET,19,07:09:00,NA,NA,NA,7,13,NA,55,10,45,91,BUF,DET,OK,0.84,2.21,4.59,N,C,C,C,C,NA,NA,DET 51,NA,DET 47; DET 17,BUF 80,BUF 29; BUF 37,BUF 30; BUF 10,CC,2018-12-16T19:51:57.000Z,35.62,36.82,1.35,1.11,0.13,91.36,329.3,punt_received,44985,Isaiah McKenzie,19,WR,home,80,left,35.54,36.79,47,17,DET,45.23,26.45,43.83,43.87,14.13821,10.82158,61.95
2020110101,2525,"(8:08) K.Huber punts 42 yards to TEN 8, Center-C.Harris. K.Raymond to TEN 11 for 3 yards (B.Wilson).",3,4,3,CIN,Punt,Return,34593,43584,NA,NA,50,08:08:00,NA,NA,NA,17,7,NA,42,3,39,60,CIN,TEN,OK,0.87,2.27,4.2,A,C,C,NA,NA,NA,NA,CIN 40,NA,CIN 12; CIN 40,NA,NA,TEN 36; TEN 30,CC,2020-11-01T20:00:53.200Z,17.99,17.16,3.09,0.56,0.31,111.91,169.31,punt_received,43584,Kalif Raymond,14,WR,away,76,left,18.9,16.91,12,40,CIN,22.9,19.27,21.2,21.46,5.3441744,5.3660135,63.45
2020100409,1935,"(:52) T.Way punts 49 yards to BAL 18, Center-N.Sundberg. J.Proche to BAL 23 for 5 yards (F.Moreau).",2,4,15,WAS,Punt,Return,40600,52609,NA,WAS,33,00:52:00,NA,NA,NA,7,21,NA,49,5,44,77,WAS,BAL,OK,0.82,2.03,4.66,N,R,R,L,L,NA,NA,WAS 25,NA,WAS 89; WAS 25,NA,NA,BAL 23; BAL 31; BAL 28; BAL 41,CC,2020-10-04T18:21:45.300Z,27.49,46.62,0.92,2.97,0.1,92.97,14.16,punt_received,52609,James Proche,11,WR,away,76,left,27.01,46.66,89,25,WAS,54.93,30.39,40.37,51.28,31.880503,13.69708,24.92
2018102800,2455,"(3:22) (Punt formation) C.Johnston punts 60 yards to JAX 25, Center-R.Lovato. D.Westbrook to JAX 48 for 23 yards (K.Grugier-Hill).",3,4,20,PHI,Punt,Return,45603,44923,NA,PHI,15,03:22:00,NA,NA,NA,12,17,NA,60,23,37,95,JAX,PHI,OK,0.87,2.09,4.72,N,C,C,R,R,PHI 01,NA,PHI 54,NA,PHI 18; PHI 16,JAX 33,JAX 17,JAX 84; JAX 41,CC,2018-10-28T15:36:06.100Z,35.68,40.72,3.44,2.85,0.35,119.89,283.11,punt_received,44923,Dede Westbrook,12,WR,home,82,left,36.59,40.33,18,16,PHI,50.64,27.53,45.23,41.79,19.944365,9.6097555,48.67
2020101810,3603,"(5:09) J.Scott punts 55 yards to TB 22, Center-H.Bradley. J.Mickens to TB 31 for 9 yards (O.Burks).",4,4,17,GB,Punt,Return,46241,44029,NA,GB,23,05:09:00,NA,NA,NA,38,10,NA,55,9,46,33,TB,GB,OK,0.84,2.06,5.06,N,C,C,L,L,NA,NA,GB 42,NA,GB 56; GB 29; GB 19,NA,NA,TB 35; TB 26; TB 29,CC,2020-10-18T23:19:53.900Z,87.59,35.54,1.99,2.21,0.2,270.84,101.3,punt_received,44029,Jaydon Mickens,85,WR,home,85,right,86.93,35.62,56,29,GB,66.15,35.42,66.14,54.54,21.440336,28.654886,66.34
2020091309,2783,"(7:53) T.Long punts 63 yards to CIN 10, Center-C.Mazza. A.Erickson to CIN 32 for 22 yards (D.King II).",3,4,8,LAC,Punt,Return,42663,43663,NA,LAC,27,07:53:00,NA,NA,NA,10,6,NA,63,22,41,83,CIN,LAC,OK,0.87,2.26,4.64,N,C,C,C,L,NA,NA,LAC 20,NA,LAC 12; LAC 28,CIN 34; CIN 59,CIN 41,CIN 27; CIN 40; CIN 80,CC,2020-09-13T22:15:36.600Z,20.8,38.65,2.7,1.37,0.28,135.68,258.78,punt_received,43663,Alex Erickson,12,WR,home,79,left,21.94,37.92,12,28,LAC,47.17,14.99,40.24,47.4,35.428413,21.318445,57.71
2018122310,128,"(13:46) T.Daniel punts 48 yards to PHI 12, Center-J.Weeks. D.Sproles to PHI 23 for 11 yards (J.Reid).",1,4,3,HOU,Punt,Return,46810,29957,NA,HOU,40,13:46:00,NA,NA,NA,0,0,NA,48,11,37,70,PHI,HOU,OK,0.82,2.07,3.49,A,L,L,R,R,NA,NA,HOU 20,NA,HOU 33; HOU 23,PHI 36,PHI 41,PHI 29; PHI 34,CC,2018-12-23T18:05:02.600Z,22.18,12.99,2.49,1.57,0.24,103.32,189.05,punt_received,29957,Darren Sproles,43,RB,home,66,left,21.95,12.79,33,23,HOU,42.35,1.92,34.52,23.17,23.008125,15.997125,47.99
2021010313,1312,"(8:33) R.Sanchez punts 53 yards to JAX 9, Center-L.Rhodes. C.Claybrooks to JAX 22 for 13 yards (T.Burton).",2,4,4,IND,Punt,Return,45153,52631,NA,IND,38,08:33:00,NA,NA,NA,17,0,NA,53,13,40,72,IND,JAX,OK,0.94,2.23,4.31,N,C,C,L,L,NA,NA,IND 80,NA,IND 16; IND 30,JAX 85,JAX 84,JAX 40; JAX 31,CC,2021-01-03T22:23:24.400Z,19.08,18.74,1.51,2.28,0.15,94.07,340.68,punt_received,52631,Chris Claybrooks,27,CB,away,77,left,19.68,18.55,16,30,IND,34.48,7.57,30.96,18.58,19.02443,11.881078,69.61
2018112510,2857,"(1:58) J.Scott punts 43 yards to MIN 44, Center-H.Bradley. M.Sherels pushed ob at GB 36 for 20 yards (O.Burks). PENALTY on GB, Illegal Formation, 5 yards, enforced at GB 36.",3,4,22,GB,Punt,Return,46241,36071,NA,GB,13,01:58:00,ILF,GB,-5,17,14,NA,43,20,18,23,MIN,GB,OK,0.89,2.22,4.05,N,C,C,L,L,NA,NA,GB 42,NA,GB 82; GB 28,NA,NA,MIN 15; MIN 24; MIN 27; MIN 17,CC,2018-11-26T03:37:09.800Z,65.52,30.47,0.47,4.09,0.06,232.14,46.55,punt_received,36071,Marcus Sherels,35,CB,home,74,right,65.21,30.7,82,28,GB,58.59,41.47,54.54,26.42,13.0009575,11.7031145,84.8
2020110811,2524,"(4:58) T.Morstead punts 51 yards to TB 18, Center-Z.Wood. J.Mickens to TB 19 for 1 yard (A.Trautman).",3,4,12,NO,Punt,Return,34615,44029,NA,NO,31,04:58:00,NA,NA,NA,0,31,NA,51,1,50,79,TB,NO,OK,0.89,2.27,5.12,N,C,C,C,C,NA,NA,NO 82,NA,NO 12; NO 48,NA,NA,TB 35; TB 26; TB 29,CC,2020-11-09T03:22:37.300Z,27.73,29.18,0.69,1.53,0.06,144.48,322.95,punt_received,44029,Jaydon Mickens,85,WR,home,83,left,27.99,28.51,12,48,NO,34.06,26.41,41.0,43.04,6.909544,19.188343,93.02
2019102011,2430,"(11:04) (Punt formation) C.Jones punts 54 yards to PHI 17, Center-L.Ladouceur. B.Scott to DAL 47 for 36 yards (J.Heath). PENALTY on PHI-R.Ford, Illegal Block Above the Waist, 10 yards, enforced at PHI 25.",3,4,23,DAL,Punt,Return,38138,46270,NA,DAL,29,11:04:00,IBW,PHI 36,10,27,7,NA,54,8,56,81,DAL,PHI,OK,0.97,2.05,4.37,N,R,R,L,L,NA,NA,NA,NA,DAL 29; DAL 83,NA,NA,PHI 39; PHI 36; PHI 32,CC,2019-10-21T02:12:07.300Z,27.49,39.92,0.26,2.65,0.04,88.17,215.79,punt_received,46270,Boston Scott,35,RB,away,73,left,28.64,40.33,29,83,DAL,47.89,38.04,43.78,43.51,20.486444,16.680893,48.67
2019121504,2544,"(6:17) D.Colquitt punts 41 yards to DEN 36, Center-J.Winchester. D.Spencer pushed ob at DEN 44 for 8 yards (B.Pringle). PENALTY on KC-B.Pringle, Face Mask (15 Yards), 15 yards, enforced at DEN 44.",3,4,3,KC,Punt,Return,29926,42051,NA,KC,23,06:17:00,FMM,KC 13,-15,23,3,NA,41,8,18,87,KC,DEN,OK,0.82,2.19,2.99,N,C,C,L,L,KC 23,NA,KC 13,NA,KC 11; KC 13,NA,DEN 36,DEN 20; DEN 26; DEN 27,CFFG,2019-12-15T20:03:52.700Z,46.35,27.35,2.09,0.76,0.21,261.74,43.62,punt_received,42051,Diontae Spencer,11,WR,away,77,left,46.88,27.58,11,13,KC,46.87,19.68,54.18,45.92,7.687607,20.153257,96.51
2019122206,1523,"(6:55) J.Gillan punts 46 yards to BAL 35, Center-C.Hughlett. D.Thomas to BAL 35 for no gain (K.Hodge).",2,4,12,CLE,Punt,Return,48139,41353,NA,CLE,19,06:55:00,NA,NA,NA,6,0,NA,46,0,46,29,CLE,BAL,OK,0.84,2.07,4.76,N,C,C,NA,NA,NA,NA,CLE 12,NA,CLE 20; CLE 12,BAL 58; BAL 80,BAL 10,BAL 44; BAL 28; BAL 41,CC,2019-12-22T19:06:24.500Z,75.86,26.25,0.06,0.96,0.01,237.86,135,punt_received,41353,De'Anthony Thomas,16,WR,away,82,right,74.8,26.35,20,12,CLE,70.69,38.03,65.86,24.54,12.864575,10.145151,98.87
2020121303,2796,"(4:59) J.Fox punts 52 yards to GB 19, Center-D.Muhlbach. T.Austin to GB 21 for 2 yards (J.Agnew).",3,4,6,DET,Punt,Return,48258,39954,NA,DET,29,04:59:00,NA,NA,NA,14,21,NA,52,2,50,39,DET,GB,OK,0.81,2.14,4.97,N,C,C,C,C,NA,NA,DET 39,NA,DET 39; DET 47,GB 49,GB 39,GB 37; GB 41; GB 25,CC,2020-12-13T23:26:58.900Z,90.62,20.83,0.82,1.96,0.08,264.59,164.92,punt_received,39954,Tavon Austin,16,WR,away,81,right,89.98,20.85,39,47,DET,88.83,23.15,75.55,7.68,2.930273,20.000685,78.24
2018111800,1363,"(4:51) C.Jones punts 44 yards to ATL 38, Center-L.Ladouceur. J.Hardy to ATL 40 for 2 yards (D.Wilson).",2,4,15,DAL,Punt,Return,38138,42450,NA,DAL,18,04:51:00,NA,NA,NA,3,3,NA,44,2,42,92,ATL,DAL,OK,0.87,2.11,3.5,N,L,L,R,R,NA,NA,DAL 57,NA,DAL 35; DAL 14,NA,ATL 41,ATL 20; ATL 83; ATL 34,CFFG,2018-11-18T18:58:27.800Z,48.27,5.06,3.27,4.39,0.35,137.76,261.76,punt_received,42450,Justin Hardy,14,WR,home,76,left,48.79,4.83,35,14,DAL,54.05,1.88,55.37,16.1,6.5970297,13.12599,18.12
2019102707,1894,"(2:00) A.Lee punts 57 yards to NO 15, Center-A.Brewer. D.Harris to NO 20 for 5 yards (T.Sherfield).",2,4,3,ARI,Punt,Return,29141,48415,NA,ARI,28,02:00:00,NA,NA,NA,10,6,NA,57,5,52,82,NO,ARI,OK,0.88,2.18,4.47,N,R,R,L,L,NA,NA,ARI 16,NA,ARI 89; ARI 16,NO 07,NA,NO 48; NO 34; NO 20; NO 29,CC,2019-10-27T18:18:14.500Z,25.56,47.62,2.02,1.31,0.21,108.28,334.85,punt_received,48415,Deonte Harris,11,WR,home,77,left,27.57,46.78,89,16,ARI,51.86,33.32,48.87,50.78,29.936266,23.523216,24.47
2018092308,569,"(5:43) R.Sanchez punts 53 yards to PHI 38, Center-L.Rhodes. C.Clement MUFFS catch, and recovers at PHI 39. C.Clement to PHI 39 for no gain (Z.Franklin). PENALTY on PHI-L.Reynolds, Offensive Holding, 10 yards, enforced at PHI 39.",1,4,8,IND,Punt,Muffed,45153,45599,NA,IND,9,05:43:00,OH,PHI 50,10,7,0,NA,53,0,62,101,PHI,IND,OK,0.89,2.21,4.13,N,C,C,C,C,IND 28,NA,NA,NA,IND 30; IND 28,NA,NA,PHI 29; PHI 32; PHI 22,MBDR,2018-09-23T17:20:19.400Z,48.86,30.35,3.19,3.11,0.3,94.36,151.77,punt_received,45599,Corey Clement,30,RB,home,86,left,48.84,29.91,30,28,IND,60.15,27.86,50.01,31.87,11.561323,1.9060168,87.77
2020121400,1867,"(2:00) S.Koch punts 50 yards to CLE 30, Center-M.Cox. D.Peoples-Jones to CLE 35 for 5 yards (J.Hill).",2,4,15,BAL,Punt,Return,31018,52595,NA,BAL,20,02:00:00,NA,NA,NA,14,14,NA,50,5,45,90,CLE,BAL,OK,0.84,2.13,4.21,A,L,L,R,R,NA,NA,BAL 43,NA,BAL 33; BAL 43,NA,NA,CLE 36; CLE 34; CLE 28,CFFG,2020-12-15T02:34:02.200Z,39.68,4.67,2.89,4.49,0.27,87.84,114.77,punt_received,52595,Donovan Peoples-Jones,11,WR,home,85,left,40.95,4.26,33,43,BAL,40.65,0.81,43.88,8.67,3.9800127,5.8,15.98
2020101101,2088,"(1:03) K.Huber punts 59 yards to BAL 13, Center-C.Harris. J.Proche to BAL 23 for 10 yards (C.Carter).",2,4,6,CIN,Punt,Return,34593,52609,NA,CIN,28,01:03:00,NA,NA,NA,17,0,NA,59,10,49,38,BAL,CIN,OK,0.81,2.07,4.58,N,C,C,C,C,NA,NA,CIN 82,NA,CIN 40; CIN 27,BAL 54,NA,BAL 23; BAL 31; BAL 33,CC,2020-10-11T18:27:06.000Z,96.58,34.22,3.6,3.93,0.34,232.98,199.34,punt_received,52609,James Proche,11,WR,home,82,right,96.61,33.76,40,27,CIN,80.37,43.56,76.54,32.17,18.708279,20.14458,73.32
2020102200,1837,"(1:07) C.Johnston punts 57 yards to NYG 30, Center-R.Lovato. G.Tate ran ob at NYG 35 for 5 yards (C.James).",2,4,6,PHI,Punt,Return,45603,35499,NA,PHI,13,01:07:00,NA,NA,NA,10,7,NA,57,5,52,23,PHI,NYG,OK,0.87,2.17,4.86,N,C,C,L,L,NA,NA,PHI 39,NA,PHI 89; PHI 39,NYG 47; NYG 49,NYG 43,NYG 25; NYG 20; NYG 45; NYG 27,CC,2020-10-23T01:40:02.000Z,79.63,17.51,1.22,2.11,0.14,267.27,111.28,punt_received,35499,Golden Tate,15,WR,away,84,right,79.65,18.01,89,39,PHI,50.89,23.33,65.63,7.88,29.32337,16.99226,67.58
2020092709,213,"(12:38) T.Long punts 42 yards to CAR 44, Center-C.Mazza. P.Cooper pushed ob at LAC 48 for 8 yards (U.Nwosu).",1,4,21,LAC,Punt,Return,42663,43406,NA,LAC,14,12:38:00,NA,NA,NA,0,0,NA,42,8,34,24,LAC,CAR,OK,0.89,2.2,3.59,N,C,C,R,R,NA,NA,LAC 42,NA,LAC 12; LAC 28,NA,NA,CAR 26; CAR 38; CAR 25; CAR 29,CC,2020-09-27T20:11:19.400Z,65.95,30.11,1.1,1.55,0.12,286.42,293.6,punt_received,43406,Pharoh Cooper,14,WR,away,70,right,65.21,29.98,12,28,LAC,54.78,43.06,46.73,18.52,17.101795,22.444075,87.5
2019112401,3505,"(12:06) C.Wadman punts 56 yards to BUF 42, Center-C.Kreiter. A.Roberts pushed ob at DEN 46 for 12 yards (T.Marshall). PENALTY on DEN-I.Yiadom, Unnecessary Roughness, 15 yards, enforced at DEN 46.",4,4,19,DEN,Punt,Return,45986,35527,NA,DEN,2,12:06:00,UNRd,DEN 26,-15,13,3,NA,56,12,29,12,BUF,DEN,<,0.69,1.93,4.96,N,C,C,L,L,DEN 83,NA,DEN 36,NA,DEN 19; DEN 26,NA,NA,BUF 24; BUF 29; BUF 28,CC,2019-11-24T20:26:55.600Z,67.23,21.36,2.48,2.13,0.25,302.2,47.75,punt_received,35527,Andre Roberts,18,WR,home,78,right,66.4,22.08,19,26,DEN,56.58,24.88,32.29,10.14,11.216635,36.697304,82.85
2020100413,119,"(13:47) C.Johnston punts 61 yards to SF 12, Center-R.Lovato. T.Taylor to SF 12 for no gain (R.Ford).",1,4,8,PHI,Punt,Return,45603,44990,NA,PHI,27,13:47:00,NA,NA,NA,0,0,NA,61,0,61,83,SF,PHI,OK,0.89,2.22,4.72,N,C,C,NA,NA,NA,NA,PHI 36,NA,PHI 42; PHI 36,NA,SF 33,SF 35; SF 47,CC,2020-10-05T00:25:07.900Z,22.42,35.98,1.5,0.66,0.15,128.59,297.38,punt_received,44990,Trent Taylor,15,WR,home,83,left,21.51,36.07,42,36,PHI,42.68,18.88,26.71,36.77,26.511839,4.3621325,64.65
2019102007,521,"(3:51) M.Wishnowsky punts 48 yards to WAS 10, Center-G.Sanborn. T.Quinn to WAS 10 for no gain (R.Mostert, T.Moore).",1,4,7,SF,Punt,Return,47893,46325,NA,SF,42,03:51:00,NA,NA,NA,0,0,NA,48,0,48,68,WAS,SF,OK,0.9,2.26,4.25,N,C,C,NA,NA,NA,SF 33,SF 31,NA,SF 31; SF 33,NA,NA,WAS 38; WAS 32,CC,2019-10-20T17:19:50.000Z,20.38,34.81,1.39,3.24,0.15,103.56,328.23,punt_received,46325,Trey Quinn,18,WR,home,77,left,20.4,34.64,31,33,SF,26.18,29.68,25.92,40.62,7.743184,8.027932,70.02
2020100413,482,"(8:04) M.Wishnowsky punts 47 yards to PHI 14, Center-T.Pepper. G.Ward ran ob at PHI 22 for 8 yards (D.Flannigan-Fowles).",1,4,6,SF,Punt,Return,47893,45607,NA,SF,39,08:04:00,NA,NA,NA,0,0,NA,47,8,39,49,SF,PHI,OK,0.9,2.12,4.48,A,L,L,R,R,NA,NA,SF 45,NA,SF 35; SF 33,NA,NA,PHI 37; PHI 42; PHI 36,CC,2020-10-05T00:39:57.600Z,94.28,40.18,2.12,1.6,0.21,281.04,46.23,punt_received,45607,Greg Ward,84,WR,away,73,right,93.04,40.18,35,33,SF,86.52,47.32,81.34,39.4,10.545009,12.963488,49.23
2018090909,2247,"(11:18) A.Lee punts 57 yards to WAS 13, Center-A.Brewer. T.Quinn to WAS 25 for 12 yards (B.Benwikere). WAS-T.Quinn was injured during the play.  Penalty on WAS-T.Apke, Illegal Block Above the Waist, declined. PENALTY on WAS-F.Moreau, Unnecessary Roughness, 5 yards, enforced at WAS 13.",3,4,11,ARI,Punt,Return,29141,46325,NA,ARI,30,11:18:00,IBW;UNR,WAS 30;WAS 31,5,0,21,NA,57,0,62,80,ARI,WAS,OK,0.79,2.08,4.47,N,R,R,L,L,NA,NA,NA,NA,ARI 26; ARI 23,NA,WAS 22,WAS 41; WAS 30; WAS 31,CC,2018-09-09T22:11:19.900Z,23.74,46.97,3.14,2.91,0.33,113.08,322.22,punt_received,46325,Trey Quinn,14,WR,away,79,left,23.8,46.65,26,23,ARI,32.14,30.66,56.47,56.25,18.34601,34.02016,24.95
2019120813,3026,"(14:56) M.Dickson punts 52 yards to LA 10, Center-T.Ott. N.Webster pushed ob at LA 21 for 11 yards (T.Homer). PENALTY on LA-J.Ramsey, Offensive Holding, 5 yards, enforced at LA 10.",4,4,8,SEA,Punt,Return,46218,48784,NA,SEA,38,14:56:00,OH,LA 20,5,21,9,NA,52,0,57,48,LA,SEA,OK,0.84,1.99,5.11,N,R,R,L,L,NA,NA,NA,NA,SEA 28; SEA 27,NA,LA 88,LA 31; LA 26; LA 20,CC,2019-12-09T03:36:38.000Z,99.5,5.43,3.62,2.21,0.37,257.35,170.03,punt_received,48784,Nsimba Webster,14,WR,home,83,right,99.07,5.53,28,27,SEA,80.07,32.07,53.73,0.73,32.972935,46.01068,20.75
2018111802,1485,"(4:59) M.Wile punts 53 yards to CHI 25, Center-K.McDermott. T.Cohen pushed ob at CHI 36 for 11 yards (B.Gedeon).",2,4,15,MIN,Punt,Return,42907,44932,NA,MIN,22,04:59:00,NA,NA,NA,11,0,NA,53,11,42,88,CHI,MIN,OK,0.88,2.02,4.79,N,C,C,R,R,NA,NA,MIN 42,NA,MIN 35; MIN 27,CHI 15; CHI 27; CHI 45; CHI 90; CHI 95,CHI 30,CHI 22; CHI 23,CC,2018-11-19T02:16:07.200Z,35.76,21.3,2.05,1.04,0.21,101.29,247.35,punt_received,44932,Tarik Cohen,29,RB,home,77,left,35.95,20.85,35,27,MIN,44.62,13.29,49.63,20.67,11.944024,13.8843,78.24
2019120105,1961,"(:07) D.Colquitt punts 42 yards to OAK 29, Center-J.Winchester. T.Davis to OAK 32 for 3 yards (G.Dieter; J.Winchester).",2,4,15,KC,Punt,Return,29926,43452,NA,KC,29,00:07:00,NA,NA,NA,21,0,NA,42,3,39,81,KC,OAK,OK,0.79,2.06,4.31,N,C,C,NA,NA,NA,KC 41,KC 12,NA,KC 12; KC 13,OAK 32; OAK 85; OAK 87; OAK 98,OAK 35,OAK 22; OAK 26,CC,2019-12-01T22:47:58.100Z,38.59,21.73,0.82,3.15,0.1,76.83,108.26,punt_received,43452,Trevor Davis,11,WR,away,74,left,39.39,21.78,12,13,KC,44.41,21.8,46.18,40.19,5.8204207,19.959452,81.73
2020101901,329,"(10:22) T.Townsend punts 42 yards to BUF 8, Center-J.Winchester. A.Roberts to BUF 32 for 24 yards (D.Wilson).",1,4,4,KC,Punt,Return,52791,35527,NA,NA,50,10:22:00,NA,NA,NA,0,0,NA,42,24,18,60,BUF,KC,OK,0.85,1.97,4.21,A,L,L,R,R,KC 19,KC 54,KC 49,NA,KC 20; KC 13,NA,NA,BUF 24; BUF 33; BUF 25,CC,2020-10-19T21:14:35.300Z,101.95,47.96,2.32,3.42,0.24,277.45,10.56,punt_received,35527,Andre Roberts,18,WR,home,73,right,100.9,48.26,20,13,KC,85.42,38.99,75.26,16.58,18.806961,41.195393,18.91
2020101112,1995,"(11:51) B.Colquitt punts 57 yards to SEA 27, Center-A.Cutting. D.Moore to SEA 42 for 15 yards (M.Boone).",3,4,9,MIN,Punt,Return,34723,45039,NA,MIN,16,11:51:00,NA,NA,NA,0,13,NA,57,15,42,94,SEA,MIN,OK,0.88,2.15,4.02,N,C,C,C,R,MIN 85,NA,MIN 23,NA,MIN 85; MIN 12,SEA 18; SEA 19; SEA 25; SEA 57; SEA 99,NA,SEA 28; SEA 34,CC,2020-10-12T01:56:39.100Z,39.24,21.26,6.01,0.47,0.6,303.25,273.6,punt_received,45039,David Moore,83,WR,home,74,left,39.26,21.52,85,12,MIN,46.49,16.98,57.52,28.79,8.41908,19.770163,80.75
2018102101,3053,"(11:28) (Punt formation) S.Koch punts 53 yards to NO 32, Center-M.Cox. A.Kamara to NO 44 for 12 yards (C.Jones).",4,4,20,BAL,Punt,Return,31018,44879,NA,BAL,15,11:28:00,NA,NA,NA,17,14,NA,53,12,41,25,BAL,NO,OK,0.83,2.25,4.24,N,L,C,C,C,BAL 37,NA,BAL 27,NA,BAL 27; BAL 10,NA,NA,NO 34; NO 24; NO 32,CC,2018-10-21T22:24:56.400Z,77.61,40.41,0.62,3.5,0.06,275.62,158.19,punt_received,44879,Alvin Kamara,41,RB,away,77,right,77.58,40.82,27,10,BAL,70.25,44.99,30.74,6.5,8.668679,57.85054,46.83
2019120804,928,"(:40) B.Anger punts 41 yards to DEN 18, Center-J.Weeks. D.Spencer to DEN 20 for 2 yards (Z.Cunningham, G.Howell). Punt Hangtime: 4.28s",1,4,14,HOU,Punt,Return,38600,42051,NA,HOU,41,00:40:00,NA,NA,NA,0,14,NA,41,2,39,51,HOU,DEN,OK,0.86,2.14,4.22,N,C,C,C,C,HOU 35,NA,HOU 41,NA,HOU 33; HOU 35,DEN 19; DEN 83,NA,DEN 26; DEN 36,CC,2019-12-08T18:40:21.800Z,92.52,20.49,2.86,2.63,0.3,90,328.44,punt_received,42051,Diontae Spencer,11,WR,away,75,right,91.23,20.5,33,35,HOU,81.03,13.84,85.25,22.12,13.27564,7.45049,76.92
2018121501,3285,"(15:00) B.Colquitt punts 56 yards to DEN 32, Center-C.Hughlett. R.Cracraft to DEN 30 for -2 yards (T.Thomas). PENALTY on DEN-W.Parks, Illegal Block Above the Waist, 10 yards, enforced at DEN 30.",4,4,23,CLE,Punt,Return,34723,45900,NA,CLE,12,15:00:00,IBW,DEN 34,10,13,10,NA,56,0,68,22,DEN,CLE,OK,0.85,2.12,4.65,N,R,R,L,L,NA,NA,CLE 27,NA,CLE 31; CLE 27,DEN 40,NA,DEN 35; DEN 81; DEN 34; DEN 22,CC,2018-12-16T03:39:55.800Z,77.35,9.17,2.18,2.13,0.22,276.94,116.49,punt_received,45900,River Cracraft,11,WR,home,81,right,77.33,8.89,31,27,CLE,61.08,22.51,67.55,5.06,21.039688,10.626951,33.36
2018102100,2133,"(5:45) (Punt formation) D.Jones punts 40 yards to TEN 19, Center-M.Windt. A.Jackson to TEN 19 for no gain (M.Davis).",3,4,6,LAC,Punt,Return,29177,44830,NA,LAC,41,05:45:00,NA,NA,NA,17,13,NA,40,0,40,51,LAC,TEN,OK,0.86,2.23,4.23,A,C,C,NA,NA,NA,LAC 98,LAC 31,NA,LAC 43; LAC 36,NA,NA,TEN 29; TEN 21; TEN 26,CC,2018-10-21T15:23:35.100Z,91.53,16.78,2.94,2.68,0.31,241.59,225.38,punt_received,44830,Adoree' Jackson,25,CB,away,76,right,90.36,16.41,43,36,LAC,82.21,32.79,79.36,19.21,18.525185,12.41023,61.58
2020120603,181,"(12:25) K.Huber punts 51 yards to MIA 7, Center-C.Harris. J.Grant to MIA 9 for 2 yards (B.Wilson; S.Morgan).",1,4,3,CIN,Punt,Return,34593,43475,NA,CIN,42,12:25:00,NA,NA,NA,0,0,NA,51,2,49,52,MIA,CIN,OK,0.88,2.16,4.73,N,R,C,NA,NA,NA,CIN 40,CIN 17,NA,CIN 40; CIN 17,NA,MIA 35,MIA 23; MIA 33,CC,2020-12-06T18:07:43.600Z,102.41,14.04,2.27,1.22,0.22,275.42,36.16,punt_received,43475,Jakeem Grant,19,WR,home,82,right,101.6,14.39,40,17,CIN,96.38,19.54,100.93,13.43,8.1615505,1.6007811,54.0
2019112500,3727,"(5:08) J.Hekker punts 47 yards to BAL 29, Center-J.McQuaide. D.Thomas pushed ob at BAL 37 for 8 yards (M.Brown).",4,4,11,LA,Punt,Return,38815,41353,NA,LA,24,05:08:00,NA,NA,NA,6,45,NA,47,8,39,34,LA,BAL,OK,0.89,2.23,2.76,N,C,C,R,R,NA,NA,LA 34,NA,LA 88; LA 25,NA,BAL 10; BAL 28,BAL 37; BAL 41,CFFG,2019-11-26T03:57:30.700Z,81.48,31.86,3.73,1.17,0.37,264.34,204.22,punt_received,41353,De'Anthony Thomas,16,WR,away,77,right,80.08,31.27,88,25,LA,75.02,34.87,76.61,26.43,7.1268296,7.2939563,82.66
2018110500,2728,"(2:32) (Punt formation) C.Jones punts 47 yards to TEN 14, Center-L.Ladouceur. A.Jackson to TEN 25 for 11 yards (D.Wilson; J.Heath).",3,4,8,DAL,Punt,Return,38138,44830,NA,DAL,39,02:32:00,NA,NA,NA,14,21,NA,47,11,36,49,DAL,TEN,>,0.92,2.13,4.33,N,C,C,C,C,DAL 49,DAL 38,DAL 57,NA,DAL 35; DAL 15,NA,NA,TEN 36; TEN 15; TEN 21; TEN 26,CC,2018-11-06T03:21:04.200Z,95.22,36.91,1.22,2.87,0.13,270.49,84.8,punt_received,44830,Adoree' Jackson,25,CB,away,75,right,94.37,37.24,35,15,DAL,84.48,47.46,65.52,7.02,15.054903,42.136707,60.26
2020121307,370,"(7:41) B.Pinion punts 61 yards to MIN 6, Center-Z.Triner. C.Beebe to MIN 16 for 10 yards (K.Barner).",1,4,3,TB,Punt,Return,42508,46534,NA,TB,33,07:41:00,NA,NA,NA,0,0,NA,61,10,51,77,TB,MIN,OK,0.92,2.14,4.53,N,C,C,C,C,NA,NA,TB 44,NA,TB 44; TB 29,MIN 45; MIN 57,MIN 31; MIN 44,MIN 38; MIN 26,CC,2020-12-13T18:14:54.400Z,17.31,15.41,2.82,2.53,0.3,48.57,250.95,punt_received,46534,Chad Beebe,12,WR,away,77,left,16.62,15.24,44,29,TB,37.94,9.5,26.54,27.46,21.459846,15.1787815,57.19
