gameId,playId,playDescription,quarter,down,yardsToGo,possessionTeam,specialTeamsPlayType,specialTeamsResult,kickerId,returnerId,kickBlockerId,yardlineSide,yardlineNumber,gameClock,penaltyCodes,penaltyJerseyNumbers,penaltyYards,preSnapHomeScore,preSnapVisitorScore,passResult,kickLength,kickReturnYardage,playResult,absoluteYardlineNumber,homeTeamAbbr,visitorTeamAbbr,snapDetail,snapTime,operationTime,hangTime,kickType,kickDirectionIntended,kickDirectionActual,returnDirectionIntended,returnDirectionActual,missedTackler,assistTackler,tackler,kickoffReturnFormation,gunners,puntRushers,specialTeamsSafeties,vises,kickContactType,time,x,y,s,a,dis,o,dir,event,nflId,displayName,jerseyNumber,position,team,frameId,playDirection,x_football,y_football,gunner1_jersey_num,gunner2_jersey_num,defense_team_abbr,x_gunner1,y_gunner1,x_gunner2,y_gunner2,distance_returner_gunner1,distance_returner_gunner2,y_football_rescaled
2019120811,417,"(11:09) J.Bailey punts 33 yards to KC 8, Center-J.Cardona. M.Hardman to KC 17 for 9 yards (J.Bentley). NE 7-Bailey 32nd punt inside 20, new single-season franchise record.",1,4,11,NE,Punt,Return,47946,47839,NA,KC,41,11:09:00,NA,NA,NA,7,0,NA,33,9,24,51,NE,KC,OK,0.83,2.07,4.03,A,R,R,L,L,NE 43,NA,NE 51,NA,NE 29; NE 18,NA,KC 23; KC 49,KC 35; KC 24,CC,2019-12-08T21:39:32.100Z,18.1,42.68,2.96,0.3,0.3,79.86,21.45,punt_received,47839,Mecole Hardman,17,WR,away,73,left,19.34,42.8,29,18,NE,17.92,30.14,16.3,48.11,12.541292,5.720568,39.4
2019111100,904,"(:40) M.Dickson punts 43 yards to SF 24, Center-T.Ott. R.James Jr. to SF 26 for 2 yards (C.Barton).",1,4,6,SEA,Punt,Return,46218,46309,NA,SEA,33,00:40:00,NA,NA,NA,10,0,NA,43,2,41,77,SF,SEA,OK,0.87,2.04,5.15,N,C,C,NA,NA,NA,NA,SEA 57,NA,SEA 28; SEA 23,NA,NA,SF 41; SF 33,CC,2019-11-12T01:53:03.500Z,33.87,14.17,2.22,0.22,0.22,97.43,153.63,punt_received,46309,Richie James,13,WR,home,82,left,34.05,14.77,28,23,SEA,33.37,8.79,40.84,19.45,5.4031844,8.744101,55.42
2019120108,399,"(9:03) A.Lee punts 42 yards to LA 28, Center-A.Brewer. J.Natson to LA 34 for 6 yards (C.Banjo).",1,4,5,ARI,Punt,Return,29141,45150,NA,ARI,30,09:03:00,NA,NA,NA,0,3,NA,42,6,36,80,ARI,LA,OK,0.91,2.15,3.47,N,R,R,L,L,NA,NA,ARI 38,NA,ARI 16; ARI 28,NA,LA 26,LA 25; LA 21,CC,2019-12-01T21:18:21.200Z,38.4,40.33,2.5,2.99,0.26,108.07,109.34,punt_received,45150,JoJo Natson,19,WR,away,69,left,39.31,40.12,16,28,ARI,46.75,24.47,45.15,45.74,17.923786,8.650468,49.46
2018110406,597,"(6:39) T.Way punts 53 yards to ATL 6, Center-N.Sundberg. J.Hardy to ATL 10 for 4 yards (D.Johnson; J.Chesson).",1,4,15,WAS,Punt,Return,40600,42450,NA,WAS,41,06:39:00,NA,NA,NA,0,7,NA,53,4,49,69,WAS,ATL,OK,0.78,2.07,4.49,N,C,C,C,C,NA,WAS 16,WAS 41,NA,WAS 16; WAS 41,ATL 28; ATL 36; ATL 41; ATL 42; ATL 55; ATL 85,NA,ATL 83; ATL 33,CC,2018-11-04T18:29:01.300Z,16.26,31.94,0.91,3.98,0.11,79.63,299.63,punt_received,42450,Justin Hardy,14,WR,away,81,left,15.43,31.25,16,41,WAS,23.86,27.14,24.32,36.61,8.988882,9.315176,82.74
2019110306,3681,"(4:07) (Punt formation) R.Sanchez punts 44 yards to PIT 20, Center-L.Rhodes. R.Switzer to PIT 20 for no gain (B.Okereke). PENALTY on IND-B.Okereke, Unnecessary Roughness, 15 yards, enforced at PIT 20.",4,4,16,IND,Punt,Return,45153,44946,NA,IND,36,04:07:00,UNRd,IND 58,-15,26,24,NA,44,0,29,46,PIT,IND,OK,0.95,2.18,4.38,N,C,C,NA,NA,NA,NA,IND 58,NA,IND 30; IND 16,NA,NA,PIT 29; PIT 20; PIT 80; PIT 25,CC,2019-11-03T20:45:57.800Z,89.48,22.17,0.8,3.37,0.08,198.66,2.31,punt_received,44946,Ryan Switzer,10,WR,home,78,right,89.65,21.95,30,16,IND,75.03,19.21,83.78,10.6,14.750054,12.897864,82.36
2018120911,2070,"(:40) S.Martin punts 45 yards to ARI 7, Center-D.Muhlbach. P.Peterson ran ob at ARI 19 for 12 yards (M.Ford).",2,4,6,DET,Punt,Return,40113,37078,NA,DET,48,00:40:00,NA,NA,NA,0,3,NA,45,12,33,62,ARI,DET,OK,0.85,2.1,4.31,A,C,C,L,L,NA,NA,DET 38,NA,DET 47; DET 38,ARI 56,NA,ARI 26; ARI 38; ARI 27,CC,2018-12-09T22:46:56.700Z,18.02,38.88,3.21,3.33,0.31,76.11,359.97,punt_received,37078,Patrick Peterson,21,CB,home,76,left,18.6,39.19,47,38,DET,30.86,10.64,31.52,35.22,31.021978,13.987337,52.95
2020102507,3343,"(11:51) C.Jones punts 45 yards to WAS 29, Center-L.Ladouceur. D.Johnson pushed ob at WAS 32 for 3 yards (C.Goodwin).",4,4,9,DAL,Punt,Return,38138,46329,NA,DAL,26,11:51:00,NA,NA,NA,25,3,NA,45,3,42,36,WAS,DAL,OK,0.94,2.37,3.4,N,L,L,NA,NA,NA,NA,DAL 92,NA,DAL 29; DAL 11,NA,WAS 22,WAS 20; WAS 25,CFFG,2020-10-25T19:33:10.100Z,80.78,47.67,3.38,1.24,0.33,283.9,321.69,punt_received,46329,Danny Johnson,32,DB,home,90,right,79.8,47.77,29,11,DAL,80.22,42.3,75.43,41.85,5.3991203,7.9053717,20.75
2019112410,938,"(1:25) J.Scott punts 41 yards to SF 37, Center-H.Bradley. R.James Jr. to SF 37 for no gain (J.Jackson).",1,4,13,GB,Punt,Return,46241,46309,NA,GB,22,01:25:00,NA,NA,NA,10,0,NA,41,0,41,88,SF,GB,L,0.88,2.12,4.88,N,L,L,NA,NA,NA,NA,GB 37,NA,GB 37; GB 28,SF 20; SF 29; SF 47; SF 53; SF 88,NA,SF 41; SF 33,CC,2019-11-25T01:59:55.400Z,46.45,13.52,3.09,2.81,0.32,96.06,144.89,punt_received,46309,Richie James,13,WR,home,80,left,46.29,13.12,37,28,GB,48.27,10.32,55.26,31.35,3.6813583,19.88781,49.23
2018091607,2458,"(6:50) (Punt formation) B.Kern punts 51 yards to HOU 39, Center-B.Brinkley. T.Ervin to HOU 48 for 9 yards (B.Brinkley).",3,4,5,TEN,Punt,Return,33338,43408,NA,TEN,10,06:50:00,NA,NA,NA,14,7,NA,51,9,42,20,TEN,HOU,OK,0.75,2.08,4.57,N,L,L,R,R,NA,NA,TEN 48,NA,TEN 36; TEN 29,NA,NA,HOU 33; HOU 31; HOU 23; HOU 43,CC,2018-09-16T18:55:56.100Z,70.42,40.85,0.67,2.36,0.06,268.73,311.63,punt_received,43408,Tyler Ervin,21,RB,away,78,right,70.94,40.64,36,29,TEN,57.85,47.9,63.44,36.08,14.412058,8.454188,47.5
2020101900,621,"(7:22) C.Jones punts 41 yards to 50, Center-L.Ladouceur. C.Kirk to ARI 49 for -1 yards (C.Goodwin).",1,4,11,DAL,Punt,Return,38138,46116,NA,DAL,9,07:22:00,NA,NA,NA,0,0,NA,41,-1,42,101,DAL,ARI,OK,0.87,2.23,3.76,N,L,L,C,C,NA,NA,DAL 29,NA,DAL 29; DAL 11,NA,NA,ARI 33; ARI 27; ARI 28; ARI 31,CC,2020-10-20T00:36:28.500Z,60.05,14.42,1.92,3.55,0.19,82.41,30.8,punt_received,46116,Christian Kirk,13,WR,away,72,left,61.22,14.33,29,11,DAL,66.59,7.72,81.28,26.16,9.362778,24.259853,53.77
2020091301,3954,"(4:15) J.Gillan punts 41 yards to BAL 17, Center-C.Hughlett. J.Proche to BAL 26 for 9 yards (R.Jackson).",4,4,12,CLE,Punt,Return,48139,52609,NA,CLE,42,04:15:00,NA,NA,NA,38,6,NA,41,9,32,52,BAL,CLE,OK,0.87,2.06,4.4,N,C,C,C,C,NA,NA,CLE 34,NA,CLE 34; CLE 33,BAL 98,NA,BAL 23; BAL 44,CC,2020-09-13T19:55:14.500Z,93.63,24.48,0.28,5.3,0.05,291.41,250.7,punt_received,52609,James Proche,11,WR,home,76,right,93.26,24.59,34,33,CLE,85.12,35.04,89.48,21.83,13.562216,4.923921,92.27
2019122214,928,"(15:00) (Punt formation) P.O'Donnell punts 57 yards to KC 21, Center-P.Scales. M.Hardman to KC 30 for 9 yards (B.Skrine; J.Holtz).",2,4,6,CHI,Punt,Return,41420,47839,NA,CHI,22,15:00:00,NA,NA,NA,0,7,NA,57,9,48,88,CHI,KC,OK,0.88,2.21,4.29,A,L,L,R,R,NA,CHI 81,CHI 24,NA,CHI 24; CHI 26,NA,KC 49,KC 23; KC 35; KC 30; KC 24,CC,2019-12-23T01:56:30.700Z,32.41,14.37,4.17,2.66,0.43,117.91,225.09,punt_received,47839,Mecole Hardman,17,WR,away,76,left,32.98,14.38,24,26,CHI,61.35,4.38,58.71,43.37,30.615742,39.149586,53.96
2020102506,3004,"(:04) B.Mann punts 39 yards to BUF 34, Center-T.Hennessy. A.Roberts pushed ob at BUF 41 for 7 yards (B.Cashman). PENALTY on BUF-T.Jones, Offensive Holding, 10 yards, enforced at BUF 41.",3,4,10,NYJ,Punt,Return,52599,35527,NA,NYJ,27,00:04:00,OH,BUF 25,10,10,12,NA,39,7,42,83,NYJ,BUF,OK,0.83,2.16,3.46,N,C,C,L,L,NA,NA,NYJ 53,NA,NYJ 38; NYJ 17,NA,NA,BUF 24; BUF 33; BUF 25,CC,2020-10-25T19:13:05.400Z,44.33,26.69,2.03,3.21,0.2,104.89,132.13,punt_received,35527,Andre Roberts,18,WR,away,68,left,44.15,26.05,38,17,NYJ,61.75,23.24,53.95,34.76,17.758347,12.5566435,97.75
2020100406,2797,"(1:45) M.Dickson punts 58 yards to MIA 5, Center-T.Ott. J.Grant to MIA 16 for 11 yards (D.Dallas).",3,4,16,SEA,Punt,Return,46218,43475,NA,SEA,37,01:45:00,NA,NA,NA,12,17,NA,58,11,47,47,MIA,SEA,OK,0.78,2.02,5.12,N,C,C,C,C,SEA 44,NA,SEA 31,NA,SEA 28; SEA 34,NA,NA,MIA 22; MIA 33; MIA 21,CC,2020-10-04T19:15:06.300Z,104.61,20.84,2.45,0.64,0.25,282.08,33.14,punt_received,43475,Jakeem Grant,19,WR,home,82,right,104.63,20.89,28,34,SEA,93.11,25.11,90.14,9.23,12.267147,18.5519,78.39
2020101100,1458,"(5:07) S.Hofrichter punts 50 yards to CAR 15, Center-J.Harris. P.Cooper to CAR 12 for -3 yards (T.Hall; K.Smith).",2,4,18,ATL,Punt,Return,52636,43406,NA,ATL,35,05:07:00,NA,NA,NA,7,6,NA,50,-3,53,75,ATL,CAR,OK,0.92,2.09,4.95,N,C,C,C,L,NA,ATL 44,ATL 40,NA,ATL 13; ATL 44,NA,NA,CAR 36; CAR 38; CAR 25; CAR 29,CC,2020-10-11T17:59:02.000Z,25.93,36.57,1.55,0.69,0.15,134.29,238.92,punt_received,43406,Pharoh Cooper,14,WR,away,82,left,26.29,36.74,13,44,ATL,61.29,38.84,36.91,45.46,35.43279,14.127721,62.14
2018100100,568,"(4:46) M.King punts 51 yards to KC 22, Center-C.Kreiter. T.Hill to DEN 41 for 37 yards (J.Jones).",1,4,8,DEN,Punt,Return,39113,43454,NA,DEN,27,04:46:00,NA,NA,NA,3,3,NA,51,37,14,83,DEN,KC,OK,0.95,2.23,4.19,N,C,C,L,L,NA,NA,DEN 43,NA,DEN 30; DEN 81,NA,KC 11; KC 13; KC 25,KC 35; KC 24,CC,2018-10-02T00:35:43.000Z,32.55,37.82,2.41,1.76,0.25,94.99,310.86,punt_received,43454,Tyreek Hill,10,WR,away,83,left,33.4,37.69,30,81,DEN,41.32,31.3,59.53,38.7,10.928097,26.994347,58.57
2020112211,2323,"(7:28) M.Haack punts 54 yards to DEN 29, Center-B.Ferguson. D.Spencer to DEN 29 for no gain (C.Munson). PENALTY on DEN-A.Holder, Offensive Holding, 10 yards, enforced at DEN 29.",3,4,7,MIA,Punt,Return,45296,42051,NA,MIA,17,07:28:00,OH,DEN 33,10,13,10,NA,54,0,64,27,DEN,MIA,OK,0.7,2.2,4.52,A,C,C,C,C,MIA 43,NA,MIA 48,NA,MIA 33; MIA 86,NA,NA,DEN 37; DEN 23; DEN 33; DEN 41,CC,2020-11-22T22:57:34.400Z,81.33,23.26,3.96,1.76,0.4,327.34,62.01,punt_received,42051,Diontae Spencer,11,WR,home,82,right,81.54,23.47,33,86,MIA,67.67,25.78,59.63,5.33,13.8905,28.149155,88.07
2019120104,1485,"(6:26) L.Cooke punts 49 yards to TB 27, Center-M.Orzech. T.Logan pushed ob at TB 32 for 5 yards (Co.Davis).",2,4,11,JAX,Punt,Return,46316,44992,NA,JAX,24,06:26:00,NA,NA,NA,0,22,NA,49,5,44,86,JAX,TB,OK,0.85,2.19,4.83,N,L,L,R,R,NA,NA,JAX 22,NA,JAX 13; JAX 40,NA,NA,TB 37; TB 39; TB 29,CC,2019-12-01T19:07:26.000Z,36.99,5.91,3.4,0.32,0.34,124.96,174.54,punt_received,44992,T.J. Logan,22,RB,away,81,left,37.62,5.64,13,40,JAX,43.31,5.71,55.92,50.41,6.323164,48.35902,21.16
2020122100,211,"(12:01) K.Huber punts 49 yards to PIT 22, Center-C.Harris. R.McCloud ran ob at PIT 22 for no gain (S.Morgan).",1,4,7,CIN,Punt,Return,34593,46256,NA,CIN,29,12:01:00,NA,NA,NA,0,0,NA,49,0,49,39,CIN,PIT,OK,0.91,2.28,4.57,N,R,R,NA,NA,NA,NA,CIN 17,NA,CIN 40; CIN 17,NA,NA,PIT 42; PIT 31; PIT 20,CC,2020-12-22T01:23:29.100Z,87.7,1.49,4.0,0.47,0.4,229.07,176.59,punt_received,46256,Ray-Ray McCloud,14,WR,away,80,right,87.11,1.45,40,17,CIN,80.51,10.74,85.12,2.35,11.715741,2.7195587,5.44
2018112500,1748,"(5:55) (Punt formation) J.Townsend punts 38 yards to BAL 21, Center-T.Sieg. C.Jones pushed ob at BAL 30 for 9 yards (D.Harris).",2,4,6,OAK,Punt,Return,46242,43349,NA,OAK,41,05:55:00,NA,NA,NA,13,7,NA,38,9,29,69,BAL,OAK,OK,0.88,2.05,3.14,A,C,C,L,L,NA,NA,OAK 17,NA,OAK 17; OAK 23,BAL 10; BAL 40; BAL 48; BAL 49; BAL 54; BAL 99,BAL 36,BAL 28; BAL 26,CC,2018-11-25T19:14:49.300Z,29.87,37.06,5.81,2.07,0.58,57.98,60.81,punt_received,43349,Cyrus Jones,27,CB,home,62,left,29.92,37.17,17,23,OAK,38.53,29.84,38.71,41.57,11.274928,9.923996,60.53
2018091606,2649,"(7:11) C.Johnston punts 65 yards to TB 7, Center-R.Lovato. A.Humphries to TB 16 for 9 yards (C.Graham).",3,4,7,PHI,Punt,Return,45603,43010,NA,PHI,28,07:11:00,NA,NA,NA,27,7,NA,65,9,56,38,TB,PHI,OK,0.82,2.07,4.75,N,C,C,C,C,NA,NA,PHI 24,NA,PHI 32; PHI 29,TB 53,TB 31; TB 39,TB 36; TB 35; TB 22,CC,2018-09-16T19:09:44.400Z,101.19,16.27,3.93,1.51,0.4,273.87,112.08,punt_received,43010,Adam Humphries,10,WR,home,80,right,100.8,16.15,32,29,PHI,73.03,27.88,83.29,4.62,30.459444,21.357258,60.6
2019112400,3811,"(6:46) B.Pinion punts 45 yards to ATL 17, Center-Z.Triner. K.Barner to ATL 19 for 2 yards (R.Smith).",4,4,10,TB,Punt,Return,42508,40130,NA,TB,38,06:46:00,NA,NA,NA,16,28,NA,45,2,43,48,ATL,TB,OK,0.9,1.98,4.48,A,C,C,NA,NA,NA,NA,TB 29,NA,TB 22; TB 29,ATL 35; ATL 55,ATL 13,ATL 26; ATL 17; ATL 33,CC,2019-11-24T20:53:04.500Z,92.94,27.24,5.05,1.7,0.51,252.75,196.93,punt_received,40130,Kenjon Barner,38,RB,home,70,right,92.44,27.04,22,29,TB,89.72,38.59,84.11,28.41,11.797919,8.907177,98.54
2020112901,1175,"(14:18) T.Long punts 45 yards to BUF 20, Center-C.Mazza. A.Roberts to BUF 24 for 4 yards (B.Facyson).",2,4,2,LAC,Punt,Return,42663,35527,NA,LAC,35,14:18:00,NA,NA,NA,7,6,NA,45,4,41,45,BUF,LAC,OK,0.88,2.22,3.4,N,C,C,C,C,NA,NA,LAC 28,NA,LAC 12; LAC 28,NA,NA,BUF 24; BUF 25,CC,2020-11-29T18:50:28.800Z,90.32,17.83,1.99,0.95,0.21,253.21,298.63,punt_received,35527,Andre Roberts,18,WR,home,68,right,90.85,17.95,12,28,LAC,79.84,29.71,75.19,9.12,15.841868,17.457977,67.35
2018102111,2168,"(13:03) B.Pinion punts 34 yards to LA 35, Center-K.Nelson. J.Natson to SF 46 for 19 yards (F.Warner). PENALTY on LA-B.Hager, Offensive Holding, 10 yards, enforced at LA 35. Penalty on LA-D.Hatfield, Unnecessary Roughness, declined.",3,4,4,SF,Punt,Return,42508,45150,NA,SF,31,13:03:00,OH;UNR,LA 54;LA 36,10,7,22,NA,34,0,44,79,SF,LA,OK,0.84,2.1,4.11,N,C,C,R,R,NA,NA,NA,NA,SF 33; SF 30,LA 34,LA 24,LA 36; LA 41; LA 37,CC,2018-10-21T22:06:37.000Z,44.72,17.36,6.57,2.57,0.66,109.86,132.87,punt_received,45150,JoJo Natson,19,WR,away,72,left,45.49,17.13,33,30,SF,60.44,22.27,45.05,38.63,16.468956,21.27256,64.28
2018101410,117,"(13:06) (Punt formation) L.Cooke punts 53 yards to DAL 14, Center-M.Overton. T.Austin to DAL 17 for 3 yards (J.O'Shaughnessy).",1,4,2,JAX,Punt,Return,46316,39954,NA,JAX,33,13:06:00,NA,NA,NA,0,0,NA,53,3,50,43,DAL,JAX,OK,0.94,2.25,4.68,N,C,C,C,C,NA,NA,JAX 80,NA,JAX 17; JAX 85,NA,DAL 27; DAL 35,DAL 31; DAL 29,CC,2018-10-14T20:28:09.800Z,95.43,26.91,1.69,2.45,0.17,239.78,100.98,punt_received,39954,Tavon Austin,10,WR,home,81,right,95.51,27.43,17,85,JAX,81.88,39.77,87.82,24.27,18.681063,8.054917,97.07
2020122013,2466,"(13:40) H.Niswander punts 53 yards to SF 15, Center-L.Ladouceur. T.Taylor to SF 29 for 14 yards (D.Thompson; F.Bernard).",3,4,3,DAL,Punt,Return,50975,44990,NA,DAL,32,13:40:00,NA,NA,NA,17,14,NA,53,14,39,42,DAL,SF,OK,0.88,2.22,4.82,N,C,C,C,C,DAL 91,DAL 44,DAL 23,NA,DAL 29; DAL 11,NA,SF 36; SF 45,SF 41; SF 27,CC,2020-12-20T19:57:24.500Z,93.75,22.49,1.2,1.59,0.13,287.39,171.9,punt_received,44990,Trent Taylor,15,WR,away,82,right,92.63,22.91,29,11,DAL,84.68,51.99,75.89,22.52,30.86284,17.860025,85.97
2020112902,3846,"(1:11) R.Dixon punts 61 yards to CIN 21, Center-C.Kreiter. A.Erickson to 50 for 29 yards (C.Brown).",4,4,5,NYG,Punt,Return,43517,43663,NA,NYG,18,01:11:00,NA,NA,NA,17,19,NA,61,29,32,92,CIN,NYG,OK,0.91,2.17,4.7,N,C,C,C,R,NYG 09; NYG 20; NYG 28; NYG 52; NYG 85,NA,NYG 47,NA,NYG 28; NYG 18,NA,CIN 36,CIN 37; CIN 30; CIN 38,CC,2020-11-29T20:57:46.400Z,33.32,22.72,3.87,1.76,0.39,91.16,268.06,punt_received,43663,Alex Erickson,12,WR,home,78,left,33.77,22.41,28,18,NYG,48.41,-1.34,52.97,23.66,28.400558,19.67247,84.09
2019102000,960,"(:08) K.Redfern punts 37 yards to LA 12, Center-J.Harris. M.Thomas to LA 15 for 3 yards (R.Gage).",1,4,10,ATL,Punt,Return,42133,43495,NA,LA,49,00:08:00,NA,NA,NA,3,3,NA,37,3,34,59,ATL,LA,OK,0.86,2.14,4.44,A,L,L,NA,NA,NA,NA,ATL 83,NA,ATL 83; ATL 28,LA 58,NA,LA 31; LA 26,CC,2019-10-20T17:42:03.200Z,22.38,9.83,1.19,4.78,0.13,35.24,307.09,punt_received,43495,Mike Thomas,88,WR,away,83,left,22.39,9.94,83,28,ATL,22.35,8.37,17.95,25.18,1.4603082,15.976464,37.3
2019122201,708,"(4:48) T.Long punts 57 yards to OAK 23, Center-C.Mazza. H.Renfrow to OAK 36 for 13 yards (D.Watt).",1,4,10,LAC,Punt,Return,42663,47932,NA,LAC,20,04:48:00,NA,NA,NA,0,7,NA,57,13,44,90,LAC,OAK,H,0.97,2.1,4.79,N,L,L,R,C,NA,LAC 34,LAC 49,NA,LAC 35; LAC 28,OAK 35,NA,OAK 22; OAK 26,CC,2019-12-22T21:34:40.000Z,34.22,12.37,2.93,1.41,0.3,133.6,214.9,punt_received,47932,Hunter Renfrow,13,WR,away,81,left,34.27,12.35,35,28,LAC,38.51,11.07,50.29,25.21,4.482644,20.56965,46.34
2020122709,1394,"(5:02) J.Berry punts 50 yards to IND 25, Center-K.Canaday. N.Hines to IND 47 for 22 yards (A.Highsmith). PENALTY on PIT-J.Layne, Illegal Block Above the Waist, 10 yards, enforced at IND 47.",2,4,10,PIT,Punt,Return,42333,46173,NA,PIT,25,05:02:00,IBW,PIT 31,-10,7,14,NA,50,22,18,35,PIT,IND,OK,0.83,2.15,4.24,N,L,L,R,R,NA,NA,PIT 56,NA,PIT 42; PIT 31,NA,IND 16,IND 26; IND 30; IND 35,CC,2020-12-27T19:00:43.800Z,84.55,44.32,1.2,1.83,0.13,285.62,1.85,punt_received,46173,Nyheim Hines,21,RB,away,75,right,84.36,44.52,42,31,PIT,61.32,54.89,66.21,26.76,25.521713,25.391125,32.95
2019102703,4068,"(2:32) S.Martin punts 45 yards to NYG 48, Center-D.Muhlbach. J.Peppers to 50 for 2 yards (C.Moore).",4,4,17,DET,Punt,Return,40113,44837,NA,DET,7,02:32:00,NA,NA,NA,31,19,NA,45,2,43,17,DET,NYG,OK,0.9,2.24,4.87,N,C,C,C,C,DET 30,NA,DET 49,NA,DET 49; DET 30,NYG 39,NYG 24,NYG 27; NYG 30,CC,2019-10-27T19:52:58.600Z,61.91,20.82,0.67,2.44,0.07,291.68,273.5,punt_received,44837,Jabrill Peppers,21,FS,away,78,right,60.75,20.97,49,30,DET,56.12,26.6,58.57,18.92,8.181229,3.8426032,78.69
2018101408,251,"(10:41) T.Way punts 51 yards to CAR 21, Center-N.Sundberg. D.Moore to CAR 22 for 1 yard (S.Hamilton, Z.Vigil). FUMBLES (S.Hamilton), RECOVERED by WAS-J.Sprinkle at CAR 22.",1,4,2,WAS,Punt,Return,40600,46093,NA,WAS,28,10:41:00,NA,NA,NA,0,0,NA,51,1,50,38,WAS,CAR,OK,0.75,2.02,4.73,N,C,C,L,C,NA,WAS 32,WAS 51,NA,WAS 41; WAS 48,CAR 40,NA,CAR 23; CAR 24,CC,2018-10-14T17:11:44.400Z,88.67,15.65,5.04,1.25,0.5,228.36,155.92,punt_received,46093,D.J. Moore,12,WR,away,80,right,88.34,15.37,41,48,WAS,84.28,20.13,76.18,13.11,6.27236,12.745654,57.67
2019122910,1023,"(10:54) M.Haack punts 44 yards to NE 24, Center-T.Pepper. M.Sanu Sr. to NE 31 for 7 yards (W.Aikens).",2,4,5,MIA,Punt,Return,45296,38613,NA,MIA,32,10:54:00,NA,NA,NA,0,3,NA,44,7,37,42,NE,MIA,OK,0.79,1.92,3.03,N,C,C,C,C,NA,NA,MIA 35,NA,MIA 86; MIA 35,NA,NA,NE 27; NE 29,CFFG,2019-12-29T18:44:40.500Z,85.32,24.5,3.1,5.41,0.27,300.99,312.94,punt_received,38613,Mohamed Sanu,14,WR,home,73,right,84.79,25.13,86,35,MIA,82.82,31.22,80.26,23.67,7.1699653,5.127621,94.3
2020091308,2104,"(:20) C.Johnston punts 59 yards to WAS 16, Center-R.Lovato. S.Sims to WAS 16 for no gain (M.Epps).",2,4,10,PHI,Punt,Return,45603,48051,NA,PHI,25,00:20:00,NA,NA,NA,7,17,NA,59,0,59,85,WAS,PHI,OK,0.86,2.14,4.95,N,C,C,R,R,NA,NA,PHI 22,NA,PHI 39; PHI 36,WAS 47; WAS 96,WAS 22; WAS 31,WAS 32; WAS 37; WAS 25,CC,2020-09-13T18:29:54.700Z,26.28,36.67,1.96,2.4,0.2,93.74,294.12,punt_received,48051,Steven Sims,15,WR,home,83,left,27.4,36.67,39,36,PHI,50.58,6.38,35.46,44.54,38.83264,12.091703,62.4
2020122705,1000,"(13:06) R.Dixon punts 45 yards to BAL 19, Center-C.Kreiter. D.Duvernay to BAL 38 for 19 yards (R.Dixon).",2,4,4,NYG,Punt,Return,43517,52500,NA,NYG,36,13:06:00,NA,NA,NA,14,0,NA,45,19,26,46,BAL,NYG,OK,0.94,2.21,4.54,N,C,C,C,R,NYG 55,NA,NYG 09,NA,NYG 34; NYG 18,BAL 49; BAL 54; BAL 57,BAL 10,BAL 47; BAL 41,CC,2020-12-27T18:40:05.900Z,90.52,13.1,2.26,1.19,0.23,217.26,163.84,punt_received,52500,Devin Duvernay,13,WR,home,83,right,90.85,13.01,34,18,NYG,86.37,14.9,75.51,12.18,4.5235496,15.038168,48.82
2020121311,130,"(13:11) T.Morstead punts 49 yards to PHI 19, Center-Z.Wood. G.Ward to PHI 24 for 5 yards (A.Anzalone).",1,4,10,NO,Punt,Return,34615,45607,NA,NO,32,13:11:00,NA,NA,NA,0,0,NA,49,5,44,78,PHI,NO,OK,0.82,2.15,4.2,N,C,C,C,C,NA,NA,NO 47,NA,NO 48; NO 34,NA,NA,PHI 42; PHI 46; PHI 41,CC,2020-12-13T21:28:10.400Z,27.67,23.98,1.5,3.49,0.15,90.94,65.3,punt_received,45607,Greg Ward,84,WR,home,76,left,28.07,24.04,48,34,NO,35.52,21.22,43.46,28.52,8.321064,16.42972,90.21
2018121501,2166,"(1:01) C.Wadman punts 46 yards to CLE 37, Center-C.Kreiter. J.Peppers to CLE 45 for 8 yards (R.Cracraft; J.Jewell).",2,4,6,DEN,Punt,Return,45986,44837,NA,DEN,17,01:01:00,NA,NA,NA,10,10,NA,46,8,38,93,DEN,CLE,OK,0.9,2.13,4.32,A,C,C,R,R,NA,DEN 47,DEN 11,NA,DEN 19; DEN 11,NA,CLE 26,CLE 27; CLE 31,CC,2018-12-16T02:42:22.800Z,46.57,26.92,0.98,2.6,0.09,88.53,346.61,punt_received,44837,Jabrill Peppers,22,FS,away,77,left,46.92,26.57,19,11,DEN,51.88,15.03,64.95,31.7,13.021835,18.991388,99.7
2018123006,303,"(10:26) L.Edwards punts 51 yards to NE 33, Center-T.Hennessy. J.Edelman to NE 41 for 8 yards (T.Cannon).",1,4,11,NYJ,Punt,Return,43524,34683,NA,NYJ,16,10:26:00,NA,NA,NA,0,0,NA,51,8,43,94,NE,NYJ,OK,0.89,2.17,4.13,N,C,C,R,R,NA,NA,NYJ 40,NA,NYJ 40; NYJ 17,NE 36; NE 50; NE 55; NE 59; NE 70,NE 18,NE 35; NE 31; NE 23,CC,2018-12-30T18:12:41.600Z,43.49,20.63,1.82,3.01,0.18,88.6,1.21,punt_received,34683,Julian Edelman,11,WR,home,77,left,43.65,20.4,40,17,NYJ,48.92,14.28,67.65,28.25,8.3550825,25.33318,76.55
2018122304,3433,"(13:37) M.Bosher punts 49 yards to CAR 20, Center-J.Condo. K.Barner to CAR 33 for 13 yards (K.Ishmael; J.Richards).",4,4,4,ATL,Punt,Return,37267,40130,NA,ATL,31,13:37:00,NA,NA,NA,10,24,NA,49,13,36,79,CAR,ATL,OK,0.85,2.26,4.54,N,L,L,R,R,ATL 28; ATL 82,ATL 29,ATL 36,NA,ATL 83; ATL 28,CAR 42,CAR 28; CAR 35,CAR 26; CAR 24,CC,2018-12-23T20:27:18.500Z,30.07,9.78,2.28,0.24,0.23,85.04,60.68,punt_received,40130,Kenjon Barner,23,RB,home,80,left,30.75,9.3,83,28,ATL,32.98,5.74,36.87,13.22,4.9789257,7.6206036,34.9
2020121308,1009,"(14:11) R.Allen punts 41 yards to LV 6, Center-L.Rhodes. H.Renfrow to LV 17 for 11 yards (G.Odum).",2,4,12,IND,Punt,Return,40437,47932,NA,LV,47,14:11:00,NA,NA,NA,7,10,NA,41,11,30,63,LV,IND,OK,0.98,2.25,3.96,A,R,R,L,L,NA,NA,IND 30,NA,IND 30; IND 16,LV 25; LV 44; LV 51; LV 73; LV 98; LV 99,NA,LV 27; LV 26,CFFG,2020-12-13T21:45:46.300Z,102.98,3.66,1.35,2.78,0.15,282.67,208.9,punt_received,47932,Hunter Renfrow,13,WR,home,78,right,101.81,3.33,30,16,IND,98.45,15.5,104.57,1.32,12.677007,2.829081,12.5
2020100404,868,"(1:01) J.Fox punts 52 yards to NO 9, Center-D.Muhlbach. D.Harris to NO 20 for 11 yards (J.Reeves-Maybin).",1,4,7,DET,Punt,Return,48258,48415,NA,DET,39,01:01:00,NA,NA,NA,14,7,NA,52,11,41,71,DET,NO,OK,0.89,2.06,4.59,N,R,R,L,L,NA,NA,DET 44,NA,DET 39; DET 34,NO 07; NO 24,NA,NO 48; NO 22; NO 34; NO 25,CC,2020-10-04T17:35:58.000Z,20.34,42.1,4.58,1.95,0.46,104.05,333.71,punt_received,48415,Deonte Harris,11,WR,away,77,left,21.13,41.55,39,34,DET,44.22,10.39,45.33,29.47,39.696075,28.000303,44.09
2019111004,1338,"(9:28) T.Morstead punts 51 yards to ATL 28, Center-Z.Wood. K.Barner to ATL 49 for 21 yards (J.Gray).",2,4,9,NO,Punt,Return,34615,40130,NA,NO,21,09:28:00,NA,NA,NA,3,10,NA,51,21,30,31,NO,ATL,OK,0.88,2.14,4.39,N,R,R,L,L,NA,NA,NO 48,NA,NO 48; NO 34,ATL 30,ATL 17,ATL 26; ATL 13; ATL 33,CC,2019-11-10T18:51:38.100Z,81.84,5.63,3.13,0.78,0.32,238.03,192.97,punt_received,40130,Kenjon Barner,38,RB,away,79,right,81.4,5.72,48,34,NO,65.63,15.9,78.67,4.93,19.189503,3.2463672,21.46
2019112407,2424,"(8:56) T.Way punts 56 yards to DET 0, Center-N.Sundberg. M.Hall to DET 2 for 2 yards (T.Apke).",3,4,7,WAS,Punt,Return,40600,44074,NA,WAS,44,08:56:00,NA,NA,NA,13,13,NA,56,2,54,54,WAS,DET,OK,0.66,1.86,4.63,N,L,L,NA,NA,NA,NA,WAS 30,NA,WAS 30; WAS 38,NA,NA,DET 38; DET 24; DET 49; DET 30,CC,2019-11-24T19:54:28.100Z,108.48,41.41,5.8,2.39,0.59,343.63,37.83,punt_received,44074,Marvin Hall,17,WR,away,85,right,108.22,41.76,30,38,WAS,95.95,47.11,89.38,43.09,13.76557,19.173742,43.3
2019122911,3762,"(10:13) C.Johnston punts 45 yards to NYG 14, Center-R.Lovato. G.Tate ran ob at NYG 31 for 17 yards (N.Gerry).",4,4,3,PHI,Punt,Return,45603,35499,NA,PHI,41,10:13:00,NA,NA,NA,17,27,NA,45,17,28,51,NYG,PHI,OK,0.87,2.12,4.6,N,C,C,L,L,NA,NA,PHI 47,NA,PHI 22; PHI 34,NA,NYG 31,NYG 25; NYG 24; NYG 30,CC,2019-12-30T00:07:39.200Z,96.2,33.9,0.32,2.17,0.04,267.77,309.42,punt_received,35499,Golden Tate,15,WR,home,77,right,95.35,33.78,22,34,PHI,85.43,51.68,84.23,22.85,20.787527,16.290592,73.25
2019112407,1097,"(10:35) T.Way punts 55 yards to DET 31, Center-N.Sundberg. M.Hall to DET 45 for 14 yards (W.Smallwood).",2,4,7,WAS,Punt,Return,40600,44074,NA,WAS,14,10:35:00,NA,NA,NA,10,3,NA,55,14,41,24,WAS,DET,OK,0.7,1.99,4.7,N,C,C,C,C,WAS 87,NA,WAS 34,NA,WAS 30; WAS 38,NA,NA,DET 38; DET 24; DET 30,CC,2019-11-24T18:48:14.500Z,78.11,14.35,2.08,4.2,0.21,264.8,81.52,punt_received,44074,Marvin Hall,17,WR,away,79,right,77.08,14.39,30,38,WAS,36.01,49.5,66.55,10.31,54.84462,12.24562,54.0
2020121312,1027,"(:04) T.Way punts 55 yards to SF 18, Center-N.Sundberg. R.James to SF 20 for 2 yards (J.Smith-Williams).",1,4,8,WAS,Punt,Return,40600,46309,NA,WAS,27,00:04:00,NA,NA,NA,7,0,NA,55,2,53,83,SF,WAS,OK,0.8,2.11,4.77,N,R,R,NA,NA,WAS 19,NA,WAS 96,NA,WAS 19; WAS 32,NA,NA,SF 23; SF 47; SF 27,CC,2020-12-13T22:05:40.700Z,29.08,44.85,1.03,3.63,0.09,89.79,229.51,punt_received,46309,Richie James,13,WR,home,81,left,30.3,45.22,19,32,WAS,35.57,42.66,56.06,51.17,6.84954,27.710337,30.32
2018120203,955,"(13:55) A.Lee punts 50 yards to GB 41, Center-A.Brewer. J.Alexander pushed ob at ARI 35 for 24 yards (Bra.Williams).",2,4,12,ARI,Punt,Return,29141,46087,NA,ARI,9,13:55:00,NA,NA,NA,0,0,NA,50,24,26,19,GB,ARI,OK,0.91,2.18,3.76,N,C,C,C,R,ARI 29,NA,ARI 26,NA,ARI 26; ARI 30,GB 16,GB 35,GB 28; GB 25,CC,2018-12-02T18:43:17.000Z,68.18,31.75,0.85,4.23,0.08,249.52,290.72,punt_received,46087,Jaire Alexander,23,CB,home,72,right,68.83,31.94,26,30,ARI,59.77,39.71,53.96,11.56,11.579711,24.69503,80.15
2020120604,689,"(3:08) B.Colquitt punts 49 yards to JAX 21, Center-A.DePaola. K.Cole Sr. to JAX 25 for 4 yards (R.Connelly). PENALTY on JAX-J.Giles-Harris, Offensive Holding, 10 yards, enforced at JAX 21.",1,4,16,MIN,Punt,Return,34723,45555,NA,MIN,30,03:08:00,OH,JAX 43,10,0,9,NA,49,0,59,80,MIN,JAX,OK,0.83,2.14,4.4,N,C,C,C,C,MIN 44; MIN 85,NA,NA,NA,MIN 85; MIN 29,NA,NA,JAX 40; JAX 42; JAX 31,CC,2020-12-06T18:30:42.000Z,30.99,32.53,0.13,4.47,0.04,94.8,345.06,punt_received,45555,Keelan Cole,84,WR,away,74,left,30.33,32.97,85,29,MIN,39.76,30.2,67.61,46.39,9.074238,39.15513,76.29
2018093006,3313,"(11:50) M.Haack punts 45 yards to NE 38, Center-J.Denney. C.Jones to NE 43 for 5 yards (W.Aikens; S.Anthony).",4,4,18,MIA,Punt,Return,45296,43349,NA,MIA,17,11:50:00,NA,NA,NA,38,0,NA,45,5,40,27,NE,MIA,OK,0.91,2.16,3.55,N,C,C,C,C,NA,MIA 35,MIA 44,NA,MIA 35; MIA 27,NA,NA,NE 35; NE 27,CFFG,2018-09-30T19:31:42.000Z,71.75,31.14,2.34,2.52,0.22,219.32,171.34,punt_received,43349,Cyrus Jones,41,CB,home,82,right,71.32,30.83,35,27,MIA,64.03,36.5,64.37,22.76,9.398297,11.166414,84.32
2018093006,971,"(14:20) M.Haack punts 51 yards to NE 9, Center-J.Denney. C.Jones to NE 33 for 24 yards (S.Perry; J.Denney).",2,4,6,MIA,Punt,Return,45296,43349,NA,MIA,40,14:20:00,NA,NA,NA,3,0,NA,51,24,27,70,NE,MIA,L,0.93,2.15,4.76,N,C,C,L,L,NA,MIA 92,MIA 34,NA,MIA 31; MIA 35,NA,NA,NE 35; NE 27,CC,2018-09-30T17:42:06.300Z,20.0,35.86,1.29,1.11,0.12,78.88,250.55,punt_received,43349,Cyrus Jones,41,CB,home,79,left,21.1,36.06,31,35,MIA,27.74,27.25,24.85,45.6,11.577552,10.880721,64.69
2018090910,3477,"(5:04) M.Palardy punts 52 yards to DAL 23, Center-J.Jansen. T.Austin pushed ob at DAL 21 for -2 yards (J.Norris).",4,4,21,CAR,Punt,Return,42098,39954,NA,CAR,25,05:04:00,NA,NA,NA,16,8,NA,52,-2,54,85,CAR,DAL,OK,0.86,2.22,4.59,N,R,R,NA,NA,NA,NA,CAR 52,NA,CAR 13; CAR 12,NA,DAL 31,DAL 27; DAL 24; DAL 30,CC,2018-09-09T23:17:12.900Z,32.93,35.28,3.44,0.47,0.35,107.48,273.91,punt_received,39954,Tavon Austin,10,WR,away,78,left,33.55,35.23,13,12,CAR,41.96,26.61,57.07,47.9,12.518378,27.23975,67.8
2020091311,1748,"(5:26) M.Wishnowsky punts 30 yards to ARI 6, Center-K.Nelson. C.Kirk to ARI 14 for 8 yards (R.Dwelley).",2,4,9,SF,Punt,Return,47893,46116,NA,ARI,36,05:26:00,NA,NA,NA,10,7,NA,30,8,22,46,SF,ARI,OK,0.86,2.03,3.97,A,L,L,C,R,NA,NA,SF 82,NA,SF 23; SF 33,ARI 45,NA,ARI 33; ARI 21,CC,2020-09-13T21:31:08.200Z,15.38,6.87,2.27,5.32,0.25,81.97,175.73,punt_received,46116,Christian Kirk,13,WR,away,73,left,15.82,7.1,23,33,SF,10.48,2.3,24.44,11.36,6.7003655,10.111563,26.64
2019101310,1756,"(2:14) C.Jones punts 44 yards to NYJ 23, Center-L.Ladouceur. B.Berrios to NYJ 35 for 12 yards (J.March-Lillard).",2,4,2,DAL,Punt,Return,38138,46279,NA,DAL,33,02:14:00,NA,NA,NA,14,3,NA,44,12,32,43,NYJ,DAL,OK,0.95,2.1,4.51,N,R,R,L,L,NA,NA,DAL 53,NA,DAL 83; DAL 29,NYJ 44; NYJ 47; NYJ 60; NYJ 88; NYJ 93; NYJ 94,NYJ 41,NYJ 23; NYJ 34,CC,2019-10-13T21:37:25.200Z,87.39,10.86,2.73,2.4,0.26,302.34,344.34,punt_received,46279,Braxton Berrios,10,WR,home,79,right,86.31,11.12,83,29,DAL,77.44,20.59,73.61,10.96,13.916731,13.780363,41.73
2020110809,2270,"(:58) A.Lee punts 42 yards to MIA 26, Center-A.Brewer. J.Grant to MIA 36 for 10 yards (T.Vallejo; E.Turner).",2,4,1,ARI,Punt,Return,29141,43475,NA,ARI,32,00:58:00,NA,NA,NA,17,21,NA,42,10,32,78,ARI,MIA,OK,0.86,2.05,3.71,N,C,C,C,C,NA,ARI 47,ARI 51,NA,ARI 16; ARI 28,MIA 29; MIA 42,NA,MIA 23; MIA 83,CC,2020-11-08T22:49:34.600Z,36.49,21.81,2.91,4.81,0.31,79.19,112.01,punt_received,43475,Jakeem Grant,19,WR,away,68,left,36.6,21.38,16,28,ARI,39.99,19.71,39.72,31.15,4.0816665,9.882737,80.23
2019112404,508,"(8:50) M.Haack punts 50 yards to CLE 17, Center-T.Pepper. D.Hilliard to CLE 23 for 6 yards (P.Laird; W.Aikens).",1,4,17,MIA,Punt,Return,45296,46506,NA,MIA,33,08:50:00,NA,NA,NA,7,0,NA,50,6,44,43,CLE,MIA,OK,0.77,2.17,4.76,N,C,C,C,C,MIA 46,MIA 35,MIA 42,NA,MIA 30; MIA 35,NA,CLE 30,CLE 20; CLE 31; CLE 39,CFFG,2019-11-24T18:19:01.800Z,93.14,15.09,1.87,3.76,0.17,290.87,352.76,punt_received,46506,Dontrell Hilliard,25,RB,home,92,right,92.94,15.66,30,35,MIA,91.29,19.98,89.06,14.51,5.22825,4.1210194,58.76
2020110807,762,"(5:26) R.Dixon punts 49 yards to WAS 15, Center-C.Kreiter. I.Wright MUFFS catch, and recovers at WAS 15. I.Wright to WAS 15 for no gain (C.Brown). FUMBLES (C.Brown), RECOVERED by NYG-M.Harper at WAS 16.",1,4,9,NYG,Punt,Muffed,43517,53044,NA,NYG,36,05:26:00,NA,NA,NA,0,3,NA,49,0,48,46,WAS,NYG,OK,0.9,2.15,4.69,N,C,C,NA,NA,NA,NA,NA,NA,NYG 25; NYG 47; NYG 45,NA,NA,WAS 32; WAS 20; WAS 25,MBDR,2020-11-08T18:31:56.500Z,94.99,24.79,5.74,1.0,0.57,280.14,354.67,punt_received,53044,Isaiah Wright,83,WR,home,90,right,94.89,25.04,25,47,NYG,91.55,24.56,93.17,23.45,3.4476805,2.2600884,93.96
2018110407,3171,"(10:26) T.Daniel punts 50 yards to DEN 22, Center-J.Weeks. A.Jones to DEN 27 for 5 yards (G.Howell).",4,4,3,HOU,Punt,Return,46810,29830,NA,HOU,28,10:26:00,NA,NA,NA,17,19,NA,50,5,45,38,DEN,HOU,OK,0.79,2.03,4.09,N,R,R,NA,NA,NA,NA,HOU 38,NA,HOU 23; HOU 33,DEN 21; DEN 45; DEN 48; DEN 89,NA,DEN 41; DEN 35; DEN 22,CC,2018-11-04T23:39:13.400Z,86.46,4.13,4.44,0.99,0.45,313.64,162.31,punt_received,29830,Adam Jones,24,CB,home,73,right,86.1,4.24,23,33,HOU,75.62,18.57,72.23,2.53,18.056002,14.319668,15.91
2018093003,2796,"(1:41) J.Scott punts 43 yards to BUF 39, Center-H.Bradley. R.McCloud to BUF 38 for -1 yards (R.Gilbert).",3,4,11,GB,Punt,Return,46241,46256,NA,GB,18,01:41:00,NA,NA,NA,19,0,NA,43,-1,44,28,GB,BUF,OK,0.88,2.25,4.35,N,C,C,C,C,NA,NA,GB 93,NA,GB 28; GB 27,NA,BUF 16,BUF 29; BUF 30; BUF 26,CFFG,2018-09-30T19:23:27.300Z,71.0,40.79,3.39,3.74,0.33,211.46,146.46,punt_received,46256,Ray-Ray McCloud,14,WR,away,89,right,70.94,40.69,28,27,GB,66.0,44.95,62.15,36.22,6.5042753,9.960291,47.32
2018111804,3422,"(10:55) B.Kern punts 52 yards to IND 17, Center-B.Brinkley. C.Rogers to IND 21 for 4 yards (B.Trawick).",4,4,4,TEN,Punt,Return,33338,43556,NA,TEN,31,10:55:00,NA,NA,NA,38,3,NA,52,4,48,79,IND,TEN,OK,0.72,2.06,4.06,N,L,L,C,C,NA,NA,TEN 41,NA,TEN 36; TEN 29,NA,IND 31; IND 32,IND 28; IND 35,CC,2018-11-18T20:30:28.600Z,27.09,10.33,1.96,2.91,0.21,89.12,168.02,punt_received,43556,Chester Rogers,80,WR,home,73,left,27.75,10.09,36,29,TEN,35.85,9.48,44.94,16.12,8.801142,18.76557,37.86
2020101105,2812,"(8:14) A.Lee punts 47 yards to NYJ 17, Center-A.Brewer. B.Berrios to NYJ 26 for 9 yards (T.Vallejo; E.Turner).",3,4,6,ARI,Punt,Return,29141,46279,NA,ARI,36,08:14:00,NA,NA,NA,3,17,NA,47,9,38,46,NYJ,ARI,OK,0.9,2.12,4.16,N,C,C,C,C,ARI 16; ARI 28,ARI 47,ARI 51,NA,ARI 16; ARI 28,NYJ 41,NA,NYJ 40; NYJ 38; NYJ 35,CC,2020-10-11T19:06:50.900Z,92.83,15.77,3.02,3.19,0.29,309.83,28.21,punt_received,46279,Braxton Berrios,10,WR,home,74,right,92.16,15.87,16,28,ARI,85.46,16.87,86.74,11.34,7.4516373,7.530803,59.55
2018123000,2502,"(12:50) (Punt formation) S.Koch punts 53 yards to CLE 15, Center-M.Cox. A.Callaway to BAL 48 for 37 yards (M.Williams).",3,4,14,BAL,Punt,Return,31018,46174,NA,BAL,32,12:50:00,NA,NA,NA,20,7,NA,53,37,16,42,BAL,CLE,OK,0.82,2.16,4.17,N,C,C,R,R,BAL 04; BAL 54,NA,BAL 87,NA,BAL 26; BAL 10,NA,NA,CLE 27; CLE 31,CC,2018-12-30T23:12:10.300Z,94.63,32.25,0.86,1.86,0.09,291.28,290.83,punt_received,46174,Antonio Callaway,11,WR,away,75,right,93.55,32.86,26,10,BAL,75.48,50.96,75.64,30.47,26.772871,19.07324,76.7
2020101108,3049,"(1:24) T.Way punts 44 yards to WAS 45, Center-N.Sundberg. C.Kupp to WAS 43 for 2 yards (K.Hudson).",3,4,15,WAS,Punt,Return,40600,44881,NA,WAS,1,01:24:00,NA,NA,NA,10,23,NA,44,2,42,109,WAS,LA,OK,0.59,1.66,3.67,N,C,C,NA,NA,NA,NA,WAS 47,NA,WAS 89; WAS 32,LA 32; LA 33; LA 57; LA 82; LA 95,NA,LA 31; LA 25,CFFG,2020-10-11T19:17:32.900Z,63.72,16.22,0.2,1.75,0.01,55.43,71.35,punt_received,44881,Cooper Kupp,10,WR,away,80,left,64.18,15.95,89,32,WAS,73.17,19.52,67.73,22.06,10.009621,7.0841866,59.85
2018120202,2355,"(14:15) S.Martin punts 54 yards to LA 18, Center-D.Muhlbach. J.Natson to LA 26 for 8 yards (T.Walker).",3,4,7,DET,Punt,Return,40113,45150,NA,DET,28,14:15:00,NA,NA,NA,3,13,NA,54,8,46,38,DET,LA,OK,0.77,2.11,4.53,N,C,C,R,R,NA,NA,DET 47,NA,DET 47; DET 45,LA 58,LA 24; LA 41,LA 23; LA 32; LA 36,CC,2018-12-02T19:44:40.700Z,91.64,32.22,2.46,1.31,0.25,270.74,120.57,punt_received,45150,JoJo Natson,19,WR,away,79,right,90.89,32.09,47,45,DET,76.49,45.28,80.25,26.96,20.002151,12.545904,79.59
2020122800,3460,"(7:44) C.Bojorquez punts 51 yards to NE 10, Center-R.Ferguson. G.Olszewski to NE 15 for 5 yards (Da.Johnson).",4,4,1,BUF,Punt,Return,46903,48988,NA,BUF,39,07:44:00,NA,NA,NA,9,38,NA,51,5,46,71,NE,BUF,OK,0.9,2.12,5.12,N,C,C,C,C,BUF 25,NA,BUF 92,NA,BUF 25; BUF 33,NE 14; NE 46,NE 33,NA,CC,2020-12-29T03:49:09.500Z,20.86,28.23,5.18,1.21,0.51,359.64,344.3,punt_received,48988,Gunner Olszewski,80,WR,home,84,left,21.07,28.69,25,33,BUF,22.42,26.94,67.69,29.89,2.0242777,46.859413,92.35
2019120806,890,"(2:40) M.Wishnowsky punts 40 yards to NO 46, Center-K.Nelson. D.Harris to SF 29 for 25 yards (E.Moseley).",1,4,21,SF,Punt,Return,47893,48415,NA,SF,14,02:40:00,NA,NA,NA,13,7,NA,40,25,15,24,NO,SF,OK,0.89,2.27,4.31,N,C,C,L,L,SF 86,NA,SF 41,NA,SF 33; SF 41,NA,NA,NO 48; NO 22; NO 34; NO 29,CC,2019-12-08T18:34:05.800Z,64.31,25.39,3.64,2.75,0.37,263.95,326.76,punt_received,48415,Deonte Harris,11,WR,home,77,right,64.09,25.63,33,41,SF,56.71,20.99,22.67,24.04,8.781799,41.661877,96.17
2018121500,2599,"(6:45) T.Daniel punts 51 yards to NYJ 24, Center-J.Weeks. A.Roberts to NYJ 36 for 12 yards (G.Howell; A.Moore).",3,4,10,HOU,Punt,Return,46810,35527,NA,HOU,25,06:45:00,NA,NA,NA,15,16,NA,51,12,39,35,NYJ,HOU,OK,0.88,2.02,4.71,N,C,C,L,L,NA,HOU 33,HOU 38,NA,HOU 23; HOU 33,NA,NYJ 27,NYJ 43; NYJ 30,CC,2018-12-15T23:30:27.200Z,85.44,19.91,0.52,4.06,0.05,271.96,194.83,punt_received,35527,Andre Roberts,19,WR,home,81,right,85.43,20.41,23,33,HOU,76.41,22.21,76.25,10.99,9.31831,12.807127,76.59
2018101409,129,"(13:39) C.Wadman punts 46 yards to LA 26, Center-C.Kreiter. J.Natson to LA 29 for 3 yards (J.Jewell; T.Patrick).",1,4,7,DEN,Punt,Return,45986,45150,NA,DEN,28,13:39:00,NA,NA,NA,0,0,NA,46,3,43,38,DEN,LA,OK,0.92,2.06,4.51,A,C,C,R,R,NA,DEN 81,DEN 47,NA,DEN 30; DEN 81,LA 34; LA 41; LA 53; LA 54; LA 58; LA 83,LA 59,LA 36; LA 37,CC,2018-10-14T20:08:10.100Z,82.77,30.48,3.3,1.98,0.34,292.93,33.45,punt_received,45150,JoJo Natson,19,WR,away,77,right,82.62,30.72,30,81,DEN,76.43,36.11,75.92,25.34,8.478945,8.564,84.73
2018111109,753,"(1:55) D.Jones punts 46 yards to OAK 28, Center-M.Windt. D.Harris to OAK 26 for -2 yards (A.Ekeler).",1,4,9,LAC,Punt,Return,29177,37251,NA,LAC,26,01:55:00,NA,NA,NA,3,0,NA,46,-2,48,84,OAK,LAC,OK,0.77,2.08,4.07,A,R,R,NA,NA,LAC 30,NA,LAC 30,NA,LAC 36; LAC 30,NA,OAK 27; OAK 41,OAK 23; OAK 20; OAK 25,CC,2018-11-11T21:37:14.000Z,38.35,42.66,1.86,1.93,0.19,103.7,326.72,punt_received,37251,Dwayne Harris,17,WR,home,74,left,38.99,42.42,36,30,LAC,50.82,22.41,52.16,41.64,23.781576,13.847617,40.83
2019120812,2387,"(8:56) B.Kern punts 55 yards to OAK 35, Center-B.Brinkley. J.Richard to OAK 47 for 12 yards (D.Long).",3,4,6,TEN,Punt,Return,33338,44045,NA,TEN,10,08:56:00,NA,NA,NA,21,21,NA,55,12,43,20,OAK,TEN,OK,0.81,2.05,4.46,N,L,L,C,C,TEN 48,NA,TEN 51,NA,TEN 46; TEN 29,NA,OAK 32; OAK 35,OAK 22; OAK 26,CC,2019-12-08T23:20:40.000Z,74.84,42.86,1.93,2.45,0.18,260.33,146.3,punt_received,44045,Jalen Richard,30,RB,home,78,right,73.5,42.69,46,29,TEN,68.2,44.69,48.39,22.23,6.8875613,33.54399,39.81
2019091506,2198,"(13:41) C.Bojorquez punts 53 yards to NYG 24, Center-R.Ferguson. T.Jones pushed ob at NYG 37 for 13 yards (L.Alexander).",3,4,12,BUF,Punt,Return,46903,41418,NA,BUF,23,13:41:00,NA,NA,NA,7,21,NA,53,13,40,33,NYG,BUF,OK,0.89,2.18,4.81,N,L,L,R,R,BUF 41,NA,BUF 57,NA,BUF 29; BUF 33,NA,NYG 36,NYG 25; NYG 24; NYG 30; NYG 31,CC,2019-09-15T18:47:29.900Z,85.3,47.34,0.74,2.17,0.08,258.49,93.21,punt_received,41418,T.J. Jones,80,WR,home,83,right,84.46,47.17,29,33,BUF,68.28,50.49,68.03,42.31,17.30904,17.987602,23.0
2019091504,1046,"(11:42) T.Daniel punts 54 yards to JAX 15, Center-J.Weeks. D.Westbrook pushed ob at JAX 15 for no gain (A.Moore).",2,4,15,HOU,Punt,Return,46810,44923,NA,HOU,31,11:42:00,NA,NA,NA,3,0,NA,54,0,54,41,HOU,JAX,OK,0.83,2.16,4.71,N,R,R,NA,NA,NA,NA,HOU 33,NA,HOU 35; HOU 33,NA,JAX 17,JAX 42; JAX 31; JAX 29,CC,2019-09-15T17:46:35.200Z,95.24,2.35,5.34,1.54,0.54,293.21,198.57,punt_received,44923,Dede Westbrook,12,WR,away,80,right,93.58,2.08,35,33,HOU,80.95,18.26,90.79,2.45,21.385326,4.451123,7.8
2019101308,2871,"(3:53) J.Hekker punts 59 yards to SF 33, Center-J.McQuaide. R.James Jr. to SF 42 for 9 yards (N.Scott).",3,4,17,LA,Punt,Return,38815,46309,NA,LA,8,03:53:00,NA,NA,NA,7,17,NA,59,9,50,102,LA,SF,OK,0.91,2.18,4.31,N,C,C,R,R,LA 31,NA,LA 33,NA,LA 31; LA 88,NA,NA,SF 33; SF 32; SF 38,CC,2019-10-13T22:18:27.100Z,43.86,15.04,0.74,1.45,0.07,91.34,163.31,punt_received,46309,Richie James,13,WR,away,76,left,43.54,15.55,31,88,LA,64.18,4.62,61.06,22.48,22.83591,18.74016,58.35
2020101101,2565,"(11:00) K.Huber punts 45 yards to BAL 19, Center-C.Harris. J.Proche to BAL 20 for 1 yard (B.Wilson; T.Brown).",3,4,15,CIN,Punt,Return,34593,52609,NA,CIN,36,11:00:00,NA,NA,NA,17,0,NA,45,1,44,46,BAL,CIN,OK,0.86,2.24,4.62,N,L,L,NA,NA,NA,CIN 27,CIN 40,NA,CIN 40; CIN 27,BAL 54,NA,BAL 23; BAL 31; BAL 33,CC,2020-10-11T18:54:50.900Z,90.87,47.88,3.95,2.86,0.41,325.98,8.73,punt_received,52609,James Proche,11,WR,home,81,right,90.27,48.2,40,27,CIN,83.78,48.39,84.7,41.68,7.1083193,8.746937,19.14
2019092212,3107,"(14:13) J.Berry punts 46 yards to SF 20, Center-K.Canaday. R.James Jr. to SF 25 for 5 yards (J.Elliott).",4,4,1,PIT,Punt,Return,42333,46309,NA,PIT,34,14:13:00,NA,NA,NA,17,13,NA,46,5,41,76,SF,PIT,L,0.88,2.16,4.66,N,C,C,R,R,NA,PIT 51,PIT 80,NA,PIT 31; PIT 80,NA,NA,SF 23; SF 25,CC,2019-09-22T22:41:39.800Z,29.82,25.37,2.98,1.99,0.29,104.87,134.98,punt_received,46309,Richie James,13,WR,home,78,left,29.6,25.34,31,80,PIT,31.03,20.97,34.0,31.27,4.563343,7.230657,95.08
2018091612,3460,"(8:01) R.Allen punts 59 yards to JAX 23, Center-J.Cardona. J.Mickens to JAX 39 for 16 yards (N.Ebner).",4,4,1,NE,Punt,Return,40437,44029,NA,NE,18,08:01:00,NA,NA,NA,24,13,NA,59,16,43,28,JAX,NE,OK,0.77,2.15,4.52,N,C,C,C,C,NA,NA,NE 43,NA,NE 18; NE 31,JAX 50; JAX 91; JAX 93,NA,JAX 20; JAX 21,CC,2018-09-16T23:03:44.200Z,86.72,39.58,3.18,1.59,0.32,281.83,64.57,punt_received,44029,Jaydon Mickens,85,WR,home,80,right,86.23,39.79,18,31,NE,80.05,42.95,73.8,33.97,7.473005,14.085401,50.69
2020110802,2736,"(4:43) R.Sanchez punts 51 yards to BAL 21, Center-L.Rhodes. J.Proche to BAL 25 for 4 yards (Z.Franklin, I.Rodgers).",3,4,9,IND,Punt,Return,45153,52609,NA,IND,28,04:43:00,NA,NA,NA,10,14,NA,51,4,47,38,IND,BAL,OK,0.92,2.29,4.01,N,C,C,C,L,NA,NA,IND 34,NA,IND 30; IND 34,NA,NA,BAL 31; BAL 38; BAL 41,CC,2020-11-08T20:12:39.400Z,88.77,19.51,1.5,3.59,0.15,285.92,172.64,punt_received,52609,James Proche,11,WR,away,74,right,87.99,19.77,30,34,IND,71.31,26.79,64.93,-0.67,18.916924,31.234243,74.18
2020112212,876,"(1:17) B.Mann punts 42 yards to LAC 38, Center-T.Hennessy. K.Hill Jr. to LAC 43 for 5 yards (B.Hager; D.Brown).",1,4,15,NYJ,Punt,Return,52599,52628,NA,NYJ,20,01:17:00,NA,NA,NA,7,6,NA,42,5,37,90,LAC,NYJ,OK,0.82,2.09,3.9,N,C,C,C,C,NA,NA,NYJ 58,NA,NYJ 17; NYJ 39,NA,NA,LAC 32; LAC 12; LAC 24; LAC 43,CC,2020-11-22T21:32:57.400Z,47.98,24.59,1.46,1.53,0.15,85.43,60.65,punt_received,52628,K.J. Hill,84,WR,home,72,left,48.01,24.82,17,39,NYJ,73.28,20.35,77.81,42.91,25.652828,35.006447,93.13
2020101101,1751,"(3:55) S.Koch punts 44 yards to CIN 21, Center-M.Cox. A.Erickson to CIN 25 for 4 yards (M.Cox; O.Alaka).",2,4,7,BAL,Punt,Return,31018,43663,NA,BAL,35,03:55:00,NA,NA,NA,17,0,NA,44,4,40,75,BAL,CIN,OK,0.8,2.07,4.21,N,L,L,L,L,NA,BAL 50,BAL 46,NA,BAL 80; BAL 31,CIN 34; CIN 55,CIN 36,CIN 27; CIN 40; CIN 80,CC,2020-10-11T18:13:41.800Z,30.96,13.28,2.14,4.77,0.19,61,343.28,punt_received,43663,Alex Erickson,12,WR,away,79,left,30.82,13.83,80,31,BAL,34.81,12.46,47.71,13.17,3.936356,16.75036,51.89
2019102800,1227,"(12:27) (Punt formation) J.Berry punts 45 yards to MIA 16, Center-K.Canaday. P.Williams pushed ob at MIA 30 for 14 yards (B.Snell).",2,4,18,PIT,Punt,Return,42333,48480,NA,PIT,39,12:27:00,NA,NA,NA,0,14,NA,45,14,31,49,PIT,MIA,OK,0.86,2.19,4.96,N,R,R,L,R,PIT 04; PIT 25; PIT 33,NA,PIT 45,NA,PIT 25; PIT 80,NA,NA,MIA 30; MIA 33; MIA 35,CC,2019-10-29T01:02:06.000Z,93.4,12.51,2.13,1.25,0.22,262.9,131.34,punt_received,48480,Preston Williams,18,WR,away,83,right,93.63,12.51,25,80,PIT,87.28,25.14,78.51,4.05,14.034646,17.125528,46.94
2019111700,1558,"(6:47) (Punt formation) B.Anger punts 36 yards to BAL 26, Center-J.Weeks. D.Thomas to BAL 30 for 4 yards (Z.Cunningham; B.Scarlett).",2,4,15,HOU,Punt,Return,38600,41353,NA,HOU,38,06:47:00,NA,NA,NA,7,0,NA,36,4,32,48,BAL,HOU,OK,0.85,2.18,3.65,N,C,C,C,C,NA,NA,HOU 41,NA,HOU 33; HOU 34,NA,NA,BAL 34; BAL 33; BAL 41,CC,2019-11-17T18:54:26.300Z,84.8,30.57,1.69,3.17,0.18,247.94,270.5,punt_received,41353,De'Anthony Thomas,16,WR,home,69,right,84.26,30.11,33,34,HOU,72.94,50.05,77.46,29.66,22.806358,7.396195,87.02
2019111004,2689,"(9:35) R.Allen punts 40 yards to NO 43, Center-J.Harris. D.Harris to ATL 38 for 19 yards (J.Harris).",3,4,20,ATL,Punt,Return,40437,48415,NA,ATL,17,09:35:00,NA,NA,NA,6,13,NA,40,19,21,93,NO,ATL,OK,0.85,2.16,4,N,L,C,C,C,ATL 80,NA,ATL 47,NA,ATL 17; ATL 13,NA,NA,NO 48; NO 22; NO 34; NO 29,CC,2019-11-10T19:53:01.100Z,53.57,28.7,4.38,4.56,0.43,349.59,56.1,punt_received,48415,Deonte Harris,11,WR,home,75,left,54.07,28.93,17,13,ATL,70.4,9.41,71.53,49.03,25.599863,27.126934,91.44
2018111809,2961,"(1:44) C.Johnston punts 46 yards to NO 13, Center-R.Lovato. A.Kamara to NO 26 for 13 yards (C.Johnston). PENALTY on NO-A.Kamara, Unsportsmanlike Conduct, 13 yards, enforced at NO 26.",3,4,6,PHI,Punt,Return,45603,44879,NA,PHI,41,01:44:00,UNS,NO 41,13,38,7,NA,46,13,46,51,NO,PHI,OK,0.87,1.93,4.19,A,C,C,C,C,PHI 45,NA,PHI 01,NA,PHI 18; PHI 39,NO 57,NO 31,NO 34; NO 24; NO 32,CC,2018-11-18T23:42:40.000Z,97.33,24.83,1.56,2.28,0.17,270.51,159.48,punt_received,44879,Alvin Kamara,41,RB,home,70,right,97.3,24.78,18,39,PHI,84.08,34.9,72.3,4.17,16.642338,32.455147,92.98
2018111800,3222,"(4:12) C.Jones punts 49 yards to ATL 16, Center-L.Ladouceur. J.Hardy pushed ob at ATL 17 for 1 yard (K.Frazier). PENALTY on DAL-L.Lenoir, Unnecessary Roughness, 15 yards, enforced at ATL 17.",4,4,11,DAL,Punt,Return,38138,42450,NA,DAL,35,04:12:00,UNRd,DAL 14,-15,12,19,NA,49,1,33,75,ATL,DAL,OK,0.9,2.15,4.36,N,L,L,R,R,NA,NA,DAL 35,NA,DAL 35; DAL 14,ATL 55,ATL 41,ATL 20; ATL 83; ATL 34,CC,2018-11-18T20:26:53.200Z,26.51,2.65,2.57,4.39,0.28,120.74,192.38,punt_received,42450,Justin Hardy,14,WR,home,79,left,26.23,2.32,35,14,DAL,35.2,2.0,39.55,17.23,8.714275,19.560623,8.71
2019092205,351,"(10:00) A.Cole punts 58 yards to MIN 15, Center-T.Sieg. C.Beebe to MIN 23 for 8 yards (M.Crosby).",1,4,8,OAK,Punt,Return,48335,46534,NA,OAK,27,10:00:00,NA,NA,NA,7,0,NA,58,8,50,37,MIN,OAK,OK,0.95,2.28,5.12,N,C,C,L,L,OAK 22,NA,OAK 98,NA,OAK 32; OAK 22,MIN 40,NA,MIN 39; MIN 44; MIN 38; MIN 27,CC,2019-09-22T17:16:54.600Z,93.89,16.16,2.61,2.58,0.27,260.87,127.29,punt_received,46534,Chad Beebe,12,WR,home,85,right,93.39,15.87,32,22,OAK,74.14,21.48,87.9,8.51,20.45397,9.7161,59.55
2019121506,2489,"(4:54) (Punt formation) C.Bojorquez punts 43 yards to PIT 24, Center-R.Ferguson. D.Johnson to PIT 31 for 7 yards (S.Neal).",3,4,13,BUF,Punt,Return,46903,47849,NA,BUF,33,04:54:00,NA,NA,NA,10,7,NA,43,7,36,43,PIT,BUF,OK,0.96,2.22,3.72,N,R,R,L,L,BUF 28,NA,BUF 33,NA,BUF 16; BUF 33,NA,NA,PIT 31; PIT 29; PIT 20; PIT 80,BC,2019-12-16T03:18:54.900Z,86.43,10.59,4.03,1.51,0.4,259.56,208.41,punt_received,47849,Diontae Johnson,18,WR,home,70,right,85.32,10.61,16,33,BUF,72.88,12.67,69.3,3.77,13.708716,18.437714,39.81
2020120608,3532,"(14:00) A.Lee punts 54 yards to LA 11, Center-A.Brewer. N.Webster to LA 18 for 7 yards (C.Washington). FUMBLES (C.Washington), RECOVERED by ARI-T.Sherfield at LA 15. Penalty on LA-J.Mundt, Illegal Block Above the Waist, declined.",4,4,10,ARI,Punt,Return,29141,48784,NA,ARI,35,14:00:00,IBW,LA 82,0,14,24,NA,54,4,50,75,ARI,LA,OK,0.86,2.24,3.75,N,R,R,C,C,NA,ARI 45,ARI 28,NA,ARI 16; ARI 28,NA,LA 36,LA 12; LA 25,CC,2020-12-06T23:35:27.400Z,21.36,41.03,1.53,3.14,0.16,162.55,300.06,punt_received,48784,Nsimba Webster,14,WR,away,73,left,22.56,40.5,16,28,ARI,38.35,31.92,39.87,29.86,19.278282,21.61918,48.03
2020102509,461,"(8:15) S.Martin punts 60 yards to KC 9, Center-J.Bobenmoyer. M.Hardman to KC 19 for 10 yards (J.Bobenmoyer).",1,4,4,DEN,Punt,Return,40113,47839,NA,DEN,31,08:15:00,NA,NA,NA,0,7,NA,60,10,50,79,DEN,KC,OK,0.89,2.3,3.47,A,L,L,C,C,NA,NA,DEN 46,NA,DEN 37; DEN 16,NA,NA,KC 29; KC 20,CFFG,2020-10-25T20:40:59.900Z,19.81,9.9,3.88,3.2,0.4,110.44,219.99,punt_received,47839,Mecole Hardman,17,WR,away,87,left,20.44,9.47,37,16,DEN,28.84,6.32,35.11,21.79,9.713769,19.376844,35.53
2019121509,899,"(:33) J.Gillan punts 48 yards to ARI 35, Center-C.Hughlett. P.Cooper to ARI 33 for -2 yards (T.Davis).",1,4,8,CLE,Punt,Return,48139,43406,NA,CLE,17,00:33:00,NA,NA,NA,7,0,NA,48,-2,50,93,ARI,CLE,OK,0.85,2.07,4.58,N,C,C,NA,NA,NA,NA,CLE 55,NA,CLE 20; CLE 49,ARI 38; ARI 42,NA,ARI 25; ARI 33; ARI 28,CC,2019-12-15T21:39:43.200Z,45.42,34.05,2.4,2.33,0.24,118.02,284.32,punt_received,43406,Pharoh Cooper,12,WR,home,83,left,45.11,34.38,20,49,CLE,64.91,21.87,54.07,34.8,22.982874,8.682453,70.99
2018111804,595,"(5:09) B.Kern punts 58 yards to IND 26, Center-B.Brinkley. C.Rogers for 74 yards, TOUCHDOWN NULLIFIED by Penalty. PENALTY on IND-A.Maulet, Offensive Holding, 10 yards, enforced at TEN 23.",1,4,7,TEN,Punt,Return,33338,43556,NA,TEN,16,05:09:00,OH,IND 32,10,0,0,NA,58,51,17,26,IND,TEN,OK,0.76,2.08,4.36,N,C,C,L,L,NA,NA,NA,NA,TEN 36; TEN 29,IND 20,IND 31,IND 32; IND 28; IND 35,CC,2018-11-18T18:22:03.400Z,83.02,33.23,1.91,2.19,0.19,250.16,141.02,punt_received,43556,Chester Rogers,80,WR,home,75,right,82.14,33.3,36,29,TEN,70.26,34.85,39.96,16.96,12.862426,46.031254,75.05
2019101305,2764,"(3:18) (Punt formation) M.Haack punts 47 yards to WAS 37, Center-T.Pepper. T.Quinn to WAS 36 for -1 yards (J.Wiltz).",3,4,11,MIA,Punt,Return,45296,46325,NA,MIA,16,03:18:00,NA,NA,NA,3,17,NA,47,-1,48,94,MIA,WAS,OK,0.88,2.23,3.78,N,C,C,NA,NA,NA,NA,MIA 33,NA,MIA 33; MIA 35,WAS 50,WAS 39,WAS 38; WAS 30; WAS 32,CC,2019-10-13T19:13:30.700Z,47.26,18.73,2.36,4.7,0.22,73.56,354.97,punt_received,46325,Trey Quinn,18,WR,away,70,left,47.59,18.75,33,35,MIA,48.97,17.72,60.64,23.71,1.986001,14.276722,70.36
2018122201,2554,"(9:17) D.Jones punts 36 yards to BAL 34, Center-M.Windt. C.Jones to BAL 32 for -2 yards (D.Watt).",3,4,17,LAC,Punt,Return,29177,43349,NA,LAC,30,09:17:00,NA,NA,NA,10,13,NA,36,-2,38,40,LAC,BAL,OK,0.9,2.27,3.66,N,C,C,C,C,LAC 31,NA,LAC 34,NA,LAC 23; LAC 36,BAL 99,NA,BAL 28; BAL 36; BAL 26; BAL 41,CC,2018-12-23T03:15:18.500Z,75.67,34.33,6.17,4.35,0.62,244.49,228.64,punt_received,43349,Cyrus Jones,27,CB,away,72,right,75.13,33.93,23,36,LAC,67.24,47.82,60.54,15.48,15.907389,24.171045,72.68
2019092209,3034,"(5:47) R.Dixon punts 52 yards to TB 15, Center-Z.DeOssie. B.Wilson to TB 16 for 1 yard (C.Core; T.Davis).",3,4,16,NYG,Punt,Return,43517,45334,NA,NYG,33,05:47:00,NA,NA,NA,28,25,NA,52,1,51,43,TB,NYG,OK,0.84,2.15,4.08,N,L,C,NA,NA,NA,NYG 17,NYG 58,NA,NYG 30; NYG 17,TB 48; TB 53,NA,TB 34; TB 36; TB 26; TB 39,CC,2019-09-22T22:29:40.600Z,94.98,38.67,2.58,2.44,0.27,275,54.03,punt_received,45334,Bobo Wilson,85,WR,home,75,right,94.88,38.76,30,17,NYG,79.3,48.58,80.26,35.9,18.549137,14.978361,54.56
2020110802,3547,"(5:12) S.Koch punts 48 yards to IND 28, Center-M.Cox. N.Hines to IND 31 for 3 yards (K.Dorsey, M.Harrison). BAL-K.Dorsey was injured during the play.",4,4,2,BAL,Punt,Return,31018,46173,NA,BAL,24,05:12:00,NA,NA,NA,10,21,NA,48,3,45,34,IND,BAL,OK,0.86,2.15,4.31,A,L,L,NA,NA,NA,BAL 49,BAL 31,NA,BAL 43; BAL 31,IND 49,IND 32,IND 26; IND 34; IND 38,CC,2020-11-08T20:46:29.200Z,81.37,41.92,3.1,1.04,0.31,294.56,348.58,punt_received,46173,Nyheim Hines,21,RB,home,77,right,81.64,41.79,43,31,BAL,66.05,50.46,77.37,38.88,17.539497,5.0241017,43.19
2020100403,128,"(13:29) C.Jones punts 52 yards to CLE 18, Center-L.Ladouceur. D.Peoples-Jones pushed ob at CLE 31 for 13 yards (C.Goodwin).",1,4,5,DAL,Punt,Return,38138,52595,NA,DAL,30,13:29:00,NA,NA,NA,0,0,NA,52,13,39,40,DAL,CLE,H,0.91,2.26,4.66,N,L,L,R,R,NA,NA,DAL 29,NA,DAL 29; DAL 11,CLE 31; CLE 97,NA,CLE 20; CLE 36,CC,2020-10-04T17:06:32.200Z,91.09,46.23,4.48,4.13,0.46,323.87,349.23,punt_received,52595,Donovan Peoples-Jones,11,WR,away,79,right,91.09,46.24,29,11,DAL,81.12,36.15,78.24,33.08,14.177704,18.386,26.49
2018100712,2943,"(1:09) T.Daniel punts 52 yards to DAL 15, Center-J.Weeks. T.Austin to DAL 15 for no gain (J.Webb).",3,4,1,HOU,Punt,Return,46810,39954,NA,HOU,33,01:09:00,NA,NA,NA,13,13,NA,52,0,52,77,HOU,DAL,OK,0.81,2.01,3.65,N,C,C,NA,NA,NA,NA,HOU 05,NA,HOU 23; HOU 33,DAL 89,DAL 20; DAL 35,DAL 30; DAL 31,CFFG,2018-10-08T02:39:15.100Z,25.72,29.54,1.52,2.5,0.15,114.32,301.4,punt_received,39954,Tavon Austin,10,WR,away,85,left,26.19,29.38,23,33,HOU,39.36,22.94,35.17,34.58,15.152874,10.71,89.76
2018111809,3815,"(3:18) T.Morstead punts 49 yards to PHI 37, Center-Z.Wood. G.Tate to PHI 35 for -2 yards (J.Hardee).",4,4,13,NO,Punt,Return,34615,35499,NA,NO,14,03:18:00,NA,NA,NA,48,7,NA,49,-2,51,24,NO,PHI,OK,0.91,2.18,4.57,N,R,R,NA,NA,NA,NA,NO 34,NA,NO 32; NO 34,PHI 57,NA,PHI 39; PHI 37; PHI 34; PHI 41,CC,2018-11-19T00:22:22.200Z,73.28,2.48,2.76,3.73,0.29,245.05,207.58,punt_received,35499,Golden Tate,19,WR,away,78,right,73.06,2.49,32,34,NO,59.68,7.35,66.93,3.52,14.445653,6.434602,9.34
2020112904,283,"(9:57) J.Gillan punts 47 yards to JAX 44, Center-C.Hughlett. T.Quinn to 50 for 6 yards (K.Hodge).",1,4,9,CLE,Punt,Return,48139,46325,NA,CLE,9,09:57:00,NA,NA,NA,0,0,NA,47,6,41,101,JAX,CLE,OK,0.78,2.01,3.52,N,C,C,C,C,NA,NA,CLE 12,NA,CLE 20; CLE 12,NA,NA,JAX 38; JAX 31,CFFG,2020-11-29T18:13:34.400Z,53.94,19.2,4.3,1.09,0.43,144.43,195.55,punt_received,46325,Trey Quinn,16,WR,home,84,left,53.5,18.6,20,12,CLE,65.12,16.07,57.79,23.94,11.6098795,6.106562,69.79
2020122004,2567,"(6:07) B.Kern punts 47 yards to DET 8, Center-M.Overton. J.Agnew to DET 7 for -1 yards (N.Westbrook-Ikhine).",3,4,10,TEN,Punt,Return,33338,44978,NA,TEN,45,06:07:00,NA,NA,NA,24,15,NA,47,-1,48,65,TEN,DET,OK,0.89,2.08,4.32,N,L,L,NA,NA,NA,NA,TEN 15,NA,TEN 30; TEN 15,DET 25; DET 44; DET 94,NA,DET 43; DET 27,CC,2020-12-20T20:03:02.000Z,18.01,9.25,0.77,3.5,0.08,96.68,207.47,punt_received,44978,Jamal Agnew,39,WR,away,77,left,18.16,9.5,30,15,TEN,32.54,3.94,23.36,14.41,15.469874,7.4329066,35.65
2019091900,3668,"(4:50) B.Kern punts 62 yards to JAX 20, Center-B.Brinkley. D.Westbrook pushed ob at JAX 22 for 2 yards (A.Hooker).",4,4,31,TEN,Punt,Return,33338,44923,NA,TEN,18,04:50:00,NA,NA,NA,20,7,NA,62,2,60,92,JAX,TEN,OK,0.81,2.17,4.56,N,L,L,NA,NA,TEN 23,NA,TEN 37,NA,TEN 23; TEN 29,JAX 55,NA,JAX 37; JAX 29,CC,2019-09-20T03:06:22.900Z,34.14,10.04,5.74,0.57,0.58,176.42,241.62,punt_received,44923,Dede Westbrook,12,WR,home,79,left,34.75,9.46,23,29,TEN,45.04,8.91,47.84,18.37,10.958417,16.03368,35.5
2019101000,3041,"(:01) R.Dixon punts 42 yards to NE 10, Center-Z.DeOssie. G.Olszewski to NE 20 for 10 yards (D.Mayo).",3,4,8,NYG,Punt,Return,43517,48988,NA,NYG,48,00:01:00,NA,NA,NA,21,14,NA,42,10,32,62,NE,NYG,OK,0.89,2.2,4.26,N,C,C,R,R,NA,NYG 31,NYG 55,NA,NYG 30; NYG 25,NA,NE 18; NE 43,NE 31; NE 30,CC,2019-10-11T02:36:40.300Z,20.24,15.85,0.83,1.11,0.09,79.12,95.66,punt_received,48988,Gunner Olszewski,80,WR,home,75,left,20.62,16.1,30,25,NYG,18.44,3.55,42.08,17.21,12.431009,21.882303,60.41
2020113000,2369,"(13:33) M.Dickson punts 56 yards to PHI 16, Center-T.Ott. G.Ward to PHI 28 for 12 yards (N.Bellore).",3,4,7,SEA,Punt,Return,46218,45607,NA,SEA,28,13:33:00,NA,NA,NA,6,14,NA,56,12,44,82,PHI,SEA,OK,0.85,2.04,4.81,N,R,R,L,L,SEA 89,NA,SEA 44,NA,SEA 39; SEA 35,NA,NA,PHI 29; PHI 38,CC,2020-12-01T03:04:42.900Z,25.67,42.54,2.33,0.42,0.23,122.15,191.49,punt_received,45607,Greg Ward,84,WR,home,80,left,25.6,42.84,39,35,SEA,41.31,36.51,36.26,49.18,16.762175,12.499508,39.25
2018123007,3882,"(2:00) M.Palardy punts 57 yards to NO 16, Center-J.Jansen. T.Lewis to NO 32 for 16 yards (A.Smith).",4,4,8,CAR,Punt,Return,42098,43948,NA,CAR,27,02:00:00,NA,NA,NA,14,33,NA,57,16,41,37,NO,CAR,OK,0.87,2.17,4.41,N,L,L,C,C,CAR 55,NA,CAR 57,NA,CAR 98; CAR 14,NO 59,NA,NO 18; NO 34; NO 20; NO 24,CC,2018-12-30T21:00:06.800Z,93.81,40.73,0.76,5.11,0.1,273.44,348.95,punt_received,43948,Tommylee Lewis,11,WR,home,77,right,93.81,41.26,98,14,CAR,67.53,51.82,65.85,35.82,28.52414,28.387844,45.18
2020121310,2075,"(14:03) T.Long punts 52 yards to ATL 26, Center-C.Mazza. B.Powell to ATL 37 for 11 yards (R.Jenkins). PENALTY on ATL-K.Sheffield, Illegal Block Above the Waist, 10 yards, enforced at ATL 32.",3,4,12,LAC,Punt,Return,42663,46830,NA,LAC,22,14:03:00,IBW,ATL 20,10,10,17,NA,52,6,56,88,LAC,ATL,OK,0.82,2.1,4.62,N,C,C,C,C,NA,NA,NA,NA,LAC 37; LAC 28,ATL 32; ATL 55; ATL 59; ATL 91,NA,ATL 26; ATL 20,CC,2020-12-13T22:56:12.200Z,36.13,16.42,3.04,3.47,0.3,113.01,166.78,punt_received,46830,Brandon Powell,15,WR,away,85,left,36.32,16.12,37,28,LAC,45.36,11.24,43.01,25.33,10.584201,11.257109,60.49
2019100608,1081,"(10:11) (Punt formation) B.Kern punts 48 yards to BUF 49, Center-B.Brinkley. A.Roberts pushed ob at TEN 44 for 7 yards (M.Pruitt). PENALTY on BUF-I.McKenzie, Offensive Holding, 10 yards, enforced at BUF 49.",2,4,17,TEN,Punt,Return,33338,35527,NA,TEN,3,10:11:00,OH,BUF 19,10,0,0,NA,48,0,58,13,TEN,BUF,OK,0.87,2.09,3.68,N,R,R,L,L,NA,NA,NA,NA,TEN 30; TEN 29,BUF 41; BUF 46; BUF 57; BUF 92,NA,BUF 33; BUF 19; BUF 29,CFFG,2019-10-06T17:45:28.600Z,61.5,6.43,2.42,3.43,0.24,315.52,28.4,punt_received,35527,Andre Roberts,18,WR,away,76,right,61.09,7.19,30,29,TEN,46.01,24.9,46.93,3.93,24.105621,14.782926,26.98
2020092008,859,"(1:19) J.Charlton punts 44 yards to TB 15, Center-J.Jansen. J.Mickens to TB 15 for no gain (J.Chinn; J.Stanford).",1,4,10,CAR,Punt,Return,53146,44029,NA,CAR,41,01:19:00,NA,NA,NA,14,0,NA,44,0,44,69,TB,CAR,OK,0.86,2.12,4.48,N,C,C,C,C,NA,CAR 50,CAR 21,NA,CAR 36; CAR 25,NA,TB 26,TB 32; TB 35; TB 29,CC,2020-09-20T17:36:31.300Z,24.49,30.9,3.36,2.17,0.34,37.15,163.85,punt_received,44029,Jaydon Mickens,85,WR,home,73,left,26.14,30.62,36,25,CAR,36.06,24.88,39.95,41.68,13.042442,18.84728,85.1
2020121700,122,"(13:35) A.Cole punts 56 yards to LAC 12, Center-T.Sieg. K.Hill Jr. pushed ob at LAC 22 for 10 yards (K.Wilber).",1,4,3,LV,Punt,Return,48335,52628,NA,LV,32,13:35:00,NA,NA,NA,0,0,NA,56,10,46,42,LV,LAC,OK,0.88,2.22,4.72,N,R,R,L,L,LV 32,NA,LV 58,NA,LV 22; LV 32,NA,LAC 36,LAC 28; LAC 32,CC,2020-12-18T01:25:16.300Z,97.2,9.07,3.87,0.36,0.39,279.35,150.19,punt_received,52628,K.J. Hill,84,WR,away,81,right,96.74,8.95,22,32,LV,88.12,17.12,89.79,8.91,12.134616,7.4117274,33.58
2019111709,2617,"(5:31) A.Cole punts 50 yards to CIN 21, Center-T.Sieg. A.Erickson to CIN 32 for 11 yards (W.Compton; T.Sieg).",3,4,6,OAK,Punt,Return,48335,43663,NA,OAK,29,05:31:00,NA,NA,NA,14,10,NA,50,11,39,39,OAK,CIN,OK,1,2.25,4.53,N,C,C,C,C,NA,OAK 47,OAK 51,NA,OAK 31; OAK 22,CIN 32,CIN 17; OAK 32,CIN 26; CIN 40; CIN 29,CC,2019-11-17T23:23:11.600Z,88.25,19.64,0.9,1.39,0.09,292.14,133.36,punt_received,43663,Alex Erickson,12,WR,away,78,right,87.53,19.85,31,22,OAK,55.94,27.93,82.19,14.82,33.35656,7.743126,74.48
2020110811,792,"(2:47) B.Pinion punts 39 yards to TB 43, Center-Z.Triner. D.Harris to TB 35 for 8 yards (J.Mickens).",1,4,8,TB,Punt,Return,42508,48415,NA,TB,4,02:47:00,NA,NA,NA,0,7,NA,39,8,31,14,TB,NO,OK,0.84,1.99,3.1,N,C,C,R,R,NA,NA,TB 85,NA,TB 85; TB 29,NA,NA,NO 48; NO 22; NO 26; NO 21,CC,2020-11-09T01:58:10.000Z,54.35,36.19,8.21,1.53,0.83,304.09,319.78,punt_received,48415,Deonte Harris,11,WR,away,63,right,55.06,36.33,85,29,TB,36.71,42.74,25.65,37.74,18.816803,28.741825,63.68
2019092908,2767,"(2:30) R.Winslow punts 45 yards to SEA 12, Center-A.Brewer. T.Lockett to SEA 9 for -3 yards (A.Isabella).",3,4,7,ARI,Punt,Return,46790,42412,NA,ARI,43,02:30:00,NA,NA,NA,3,20,NA,45,-3,48,53,ARI,SEA,OK,0.89,2.1,3.77,N,C,C,L,C,NA,NA,ARI 89,NA,ARI 89; ARI 37,NA,SEA 33,SEA 36; SEA 24,CC,2019-09-29T22:05:42.600Z,98.02,16.77,4.96,0.47,0.49,248.87,178.23,punt_received,42412,Tyler Lockett,16,WR,away,71,right,97.71,16.25,89,37,ARI,89.08,25.71,88.09,12.76,12.643069,10.709108,60.98
2020121302,2542,"(2:48) K.Huber punts 39 yards to DAL 32, Center-C.Harris. C.Lamb to DAL 31 for -1 yards (M.Thomas).",3,4,4,CIN,Punt,Return,34593,52425,NA,CIN,29,02:48:00,NA,NA,NA,7,20,NA,39,-1,40,81,CIN,DAL,OK,0.87,2.17,3.21,N,C,C,NA,NA,NA,NA,CIN 80,NA,CIN 80; CIN 17,NA,NA,DAL 31; DAL 29,CC,2020-12-13T19:57:55.100Z,41.31,36.67,5.02,2.77,0.51,55.86,28.26,punt_received,52425,CeeDee Lamb,88,WR,away,65,left,42.95,36.85,80,17,CIN,47.02,32.19,50.94,40.27,7.25772,10.2809,61.73
2018120205,3666,"(6:06) L.Cooke punts 50 yards to IND 18, Center-M.Overton. C.Rogers to IND 27 for 9 yards (C.Reavis).",4,4,11,JAX,Punt,Return,46316,43556,NA,JAX,32,06:06:00,NA,NA,NA,6,0,NA,50,9,41,42,JAX,IND,OK,0.88,2.16,4.61,N,C,C,C,C,NA,NA,JAX 38,NA,JAX 84; JAX 38,IND 14; IND 97,NA,IND 28; IND 35,CC,2018-12-02T20:32:38.900Z,91.91,27.13,0.59,1.07,0.05,284.14,209.81,punt_received,43556,Chester Rogers,80,WR,away,79,right,90.93,27.18,84,38,JAX,82.06,25.85,78.41,15.67,9.932819,17.708235,98.01
2019122214,281,"(9:39) (Punt formation) P.O'Donnell punts 44 yards to KC 17, Center-P.Scales. M.Hardman to KC 18 for 1 yard (D.Houston-Carson).",1,4,21,CHI,Punt,Return,41420,47839,NA,CHI,39,09:39:00,NA,NA,NA,0,0,NA,44,1,43,49,CHI,KC,OK,0.86,2.19,3.01,N,R,C,NA,NA,NA,NA,CHI 36,NA,CHI 84; CHI 26,NA,KC 24; KC 42; KC 49,KC 23; KC 35,CFFG,2019-12-23T01:30:13.700Z,92.29,17.6,0.9,3.42,0.08,283.69,343.59,punt_received,47839,Mecole Hardman,17,WR,away,77,right,91.53,17.81,84,26,CHI,82.72,34.23,87.18,12.66,19.187021,7.10744,66.83
2019092300,756,"(3:41) P.O'Donnell punts 45 yards to WAS 33, Center-P.Scales. T.Quinn to WAS 42 for 9 yards (D.Bush).",1,4,9,CHI,Punt,Return,41420,46325,NA,CHI,22,03:41:00,NA,NA,NA,0,7,NA,45,9,36,32,WAS,CHI,OK,0.84,2.25,3.29,N,C,C,C,C,NA,NA,CHI 26,NA,CHI 84; CHI 26,WAS 19,WAS 22,WAS 38; WAS 30; WAS 32,CC,2019-09-24T00:43:11.000Z,76.76,28.13,1.23,3.8,0.13,302.83,316,punt_received,46325,Trey Quinn,18,WR,home,66,right,76.51,28.25,84,26,CHI,53.93,28.37,66.21,15.23,22.83126,16.66471,94.0
2020122708,958,"(12:54) S.Hofrichter punts 49 yards to KC 45, Center-J.Harris. M.Hardman to KC 45 for no gain (B.Hill).",2,4,20,ATL,Punt,Return,52636,47839,NA,ATL,6,12:54:00,NA,NA,NA,0,0,NA,49,0,49,104,KC,ATL,OK,0.92,2.12,4.29,N,C,C,NA,NA,NA,NA,ATL 23,NA,ATL 23; ATL 44,KC 12,KC 49,KC 23; KC 27; KC 38; KC 20,CC,2020-12-27T18:37:43.200Z,55.33,15.01,2.29,1.91,0.22,136.9,228.93,punt_received,47839,Mecole Hardman,17,WR,home,79,left,55.34,14.69,23,44,ATL,58.3,13.43,75.54,28.05,3.3641195,24.05173,55.12
2020110110,3240,"(11:27) C.Johnston punts 40 yards to DAL 21, Center-R.Lovato. C.Lamb ran ob at DAL 25 for 4 yards (C.Clement).",4,4,6,PHI,Punt,Return,45603,52425,NA,PHI,39,11:27:00,NA,NA,NA,15,9,NA,40,4,36,71,PHI,DAL,H,0.9,2.08,4.26,A,L,L,R,R,NA,NA,PHI 30,NA,PHI 36; PHI 42,NA,NA,DAL 32; DAL 29,CFFG,2020-11-02T03:50:12.600Z,29.92,3.55,6.82,3.67,0.69,123.99,134.93,punt_received,52425,CeeDee Lamb,88,WR,away,86,left,30.64,2.64,36,42,PHI,19.63,4.04,37.99,14.16,10.30166,13.330304,9.91
2020122007,1287,"(7:03) M.Haack punts 54 yards to NE 27, Center-B.Ferguson. G.Olszewski to NE 40 for 13 yards (C.Fejedelem; S.Eguavoen).",2,4,16,MIA,Punt,Return,45296,48988,NA,MIA,19,07:03:00,NA,NA,NA,0,3,NA,54,13,41,29,MIA,NE,OK,0.87,2.15,4.6,N,C,C,C,C,NA,MIA 49,MIA 42,NA,MIA 23; MIA 33,NA,NE 18; NE 35,NE 31; NE 29; NE 30,CC,2020-12-20T18:49:49.000Z,82.79,28.25,1.61,4.08,0.17,271.13,77.2,punt_received,48988,Gunner Olszewski,80,WR,away,79,right,82.69,28.32,23,33,MIA,78.0,28.8,64.6,7.3,4.8214726,27.744884,93.73
2019092907,632,"(4:10) T.Way punts 58 yards to NYG 6, Center-N.Sundberg. T.Jones MUFFS catch, and recovers at NYG 6. T.Jones to NYG 6 for no gain (R.Davis).",1,4,11,WAS,Punt,Muffed,40600,41418,NA,WAS,36,04:10:00,NA,NA,NA,7,0,NA,58,0,58,74,NYG,WAS,OK,0.78,2.07,4.61,N,R,R,NA,NA,NA,NA,NA,NA,WAS 30; WAS 19,NA,NYG 31,NYG 25; NYG 24; NYG 30,MBDR,2019-09-29T17:23:10.400Z,15.28,39.4,1.48,3.75,0.17,62.97,165.97,punt_received,41418,T.J. Jones,80,WR,home,98,left,15.36,39.43,30,19,WAS,32.38,36.94,21.27,41.48,17.276041,6.3408594,52.05
2019092912,1082,"(13:38) C.Jones punts 44 yards to NO 26, Center-L.Ladouceur. D.Harris to NO 49 for 23 yards (J.March-Lillard).",2,4,5,DAL,Punt,Return,38138,48415,NA,DAL,30,13:38:00,NA,NA,NA,3,3,NA,44,23,21,80,NO,DAL,OK,0.94,2.12,4.93,N,L,L,R,R,DAL 92,NA,DAL 53,NA,DAL 30; DAL 29,NO 96,NO 34,NO 48; NO 22; NO 21,CC,2019-09-30T01:01:13.200Z,35.91,11.81,6.18,2.27,0.62,85.93,136.44,punt_received,48415,Deonte Harris,11,WR,home,83,left,36.29,11.89,30,29,DAL,55.8,21.39,36.01,13.83,22.076878,2.0224738,44.62
2020110802,1174,"(9:17) R.Sanchez punts 53 yards to BAL 20, Center-L.Rhodes. J.Proche to BAL 29 for 9 yards (L.Rhodes).",2,4,5,IND,Punt,Return,45153,52609,NA,IND,27,09:17:00,NA,NA,NA,7,7,NA,53,9,44,83,IND,BAL,OK,0.92,2.28,4.55,N,C,C,L,L,NA,NA,IND 46,NA,IND 34; IND 30,BAL 40,NA,BAL 31; BAL 38; BAL 41,CC,2020-11-08T18:58:04.300Z,29.78,37.42,0.85,3.15,0.09,133,265.15,punt_received,52609,James Proche,11,WR,away,80,left,29.78,36.99,34,30,IND,42.97,33.59,38.22,41.73,13.73481,9.476798,61.2
2019091500,3720,"(7:40) (Punt formation) A.Lee punts 56 yards to BAL 18, Center-A.Brewer. C.Jones to BAL 31 for 13 yards (D.Gardeck).",4,4,9,ARI,Punt,Return,29141,43349,NA,ARI,26,07:40:00,NA,NA,NA,23,17,NA,56,13,43,36,BAL,ARI,OK,0.83,2.1,4.14,N,L,L,C,C,ARI 29,NA,ARI 42,NA,ARI 28; ARI 16,NA,NA,BAL 36; BAL 26; BAL 28,CC,2019-09-15T19:43:36.400Z,91.49,41.14,0.87,2.56,0.09,343.5,339.78,punt_received,43349,Cyrus Jones,27,CB,home,71,right,90.16,40.81,28,16,ARI,56.64,52.5,76.09,30.08,36.65477,18.960052,46.87
2021010305,371,"(9:37) B.Colquitt punts 50 yards to DET 16, Center-A.DePaola. J.Agnew to DET 28 for 12 yards (H.Nickerson). FUMBLES (H.Nickerson), RECOVERED by MIN-A.DePaola at DET 42. Penalty on DET-J.Coleman, Illegal Block Above the Waist, declined.",1,4,1,MIN,Punt,Return,34723,44978,NA,MIN,34,09:37:00,IBW,DET 27,0,0,0,NA,50,12,24,44,DET,MIN,OK,0.84,2.04,4.46,N,C,C,L,L,NA,NA,MIN 47,NA,MIN 85; MIN 32,NA,NA,DET 38; DET 27,CC,2021-01-03T18:14:27.700Z,94.1,24.57,3.4,1.35,0.34,243.27,187.86,punt_received,44978,Jamal Agnew,39,WR,home,77,right,93.78,24.56,85,32,MIN,86.5,29.92,85.93,21.27,9.294219,8.811294,92.16
2018120910,2917,"(11:12) B.Pinion punts 47 yards to DEN 24, Center-C.Holba. R.Cracraft to DEN 44 for 20 yards (G.Celek).",3,4,25,SF,Punt,Return,42508,45900,NA,SF,29,11:12:00,NA,NA,NA,20,0,NA,47,20,27,81,SF,DEN,OK,0.92,2.12,4.45,N,C,C,L,L,SF 44,NA,SF 88,NA,SF 26; SF 33,DEN 21,DEN 38,DEN 35; DEN 27; DEN 34; DEN 39,CC,2018-12-09T23:02:33.500Z,33.83,34.49,0.27,0.54,0.03,86.79,117.71,punt_received,45900,River Cracraft,11,WR,away,76,left,34.0,34.31,26,33,SF,53.78,30.61,47.96,50.77,20.323801,21.556793,71.26
2018092304,2500,"(8:02) L.Cooke punts 45 yards to TEN 9, Center-C.Tinker. R.Matthews to TEN 18 for 9 yards (C.Davis; T.Herndon).",3,4,4,JAX,Punt,Return,46316,38757,NA,JAX,46,08:02:00,NA,NA,NA,3,6,NA,45,9,36,56,JAX,TEN,OK,0.87,2.13,4.23,A,C,C,C,C,NA,JAX 41,JAX 22,NA,JAX 17; JAX 41,TEN 41; TEN 56,NA,TEN 20; TEN 26,CC,2018-09-23T18:55:45.700Z,100.49,40.21,0.88,3.59,0.09,276.85,44,punt_received,38757,Rishard Matthews,18,WR,away,76,right,99.5,40.52,17,41,JAX,92.35,47.84,89.74,37.04,11.156903,11.207649,47.95
2020121000,1924,"(:28) J.Hekker punts 48 yards to NE 18, Center-J.McQuaide. G.Olszewski to NE 37 for 19 yards (N.Scott; N.Patrick).",2,4,2,LA,Punt,Return,38815,48988,NA,LA,34,00:28:00,NA,NA,NA,17,3,NA,48,19,29,76,LA,NE,OK,0.83,2.1,4.66,N,L,L,R,R,LA 51,LA 57,LA 33,NA,LA 14; LA 25,NE 22; NE 53,NA,NE 31; NE 29,CC,2020-12-11T02:40:45.000Z,28.48,9.19,0.86,2.31,0.08,70.07,325.92,punt_received,48988,Gunner Olszewski,80,WR,away,78,left,29.81,9.07,14,25,LA,28.96,7.13,37.77,17.03,2.115183,12.156056,34.03
2018090600,366,"(9:20) C.Johnston punts 56 yards to ATL 36, Center-R.Lovato. J.Hardy to ATL 41 for 5 yards (K.Grugier-Hill). PENALTY on PHI-S.Gibson, Unsportsmanlike Conduct, 15 yards, enforced at ATL 41.",1,4,4,PHI,Punt,Return,45603,42450,NA,PHI,8,09:20:00,UNSd,PHI 18,-15,0,0,NA,56,5,36,18,PHI,ATL,OK,0.84,2.12,4.46,N,C,C,C,R,PHI 57,NA,PHI 54,NA,PHI 18; PHI 29,NA,NA,ATL 83; ATL 27; ATL 34; ATL 21,CC,2018-09-07T01:18:21.700Z,73.11,38.51,1.38,3.2,0.14,285.49,71,punt_received,42450,Justin Hardy,14,WR,away,78,right,72.61,39.18,18,29,PHI,54.58,52.31,56.55,9.76,23.104132,33.178246,52.98
2020101108,2429,"(13:05) J.Hekker punts 47 yards to WAS 36, Center-J.McQuaide. I.Wright pushed ob at WAS 49 for 13 yards (T.Reeder).",3,4,18,LA,Punt,Return,38815,53044,NA,LA,17,13:05:00,NA,NA,NA,10,20,NA,47,13,34,27,WAS,LA,>,0.85,2.1,3.78,N,C,C,R,R,NA,NA,LA 51,NA,LA 14; LA 25,WAS 47; WAS 88,WAS 22; WAS 31,WAS 32; WAS 20; WAS 25,CC,2020-10-11T18:48:17.200Z,73.66,26.41,2.73,2.28,0.26,307.58,351.23,punt_received,53044,Isaiah Wright,83,WR,home,70,right,73.41,25.9,14,25,LA,62.36,35.35,57.58,24.43,14.408803,16.201445,97.19
2018111104,1029,"(12:22) L.Cooke punts 51 yards to IND 8, Center-M.Overton. C.Rogers to IND 14 for 6 yards (D.Chark).",2,4,4,JAX,Punt,Return,46316,43556,NA,JAX,41,12:22:00,NA,NA,NA,14,7,NA,51,6,45,51,IND,JAX,OK,0.98,2.32,4.63,N,C,C,R,R,NA,NA,JAX 17,NA,JAX 41; JAX 17,NA,IND 23,IND 28; IND 35,CC,2018-11-11T18:43:59.700Z,101.36,32.41,0.81,2.62,0.08,296.73,284.14,punt_received,43556,Chester Rogers,80,WR,home,80,right,100.37,33.03,41,17,JAX,96.31,32.95,89.25,47.02,5.078789,18.976412,76.06
2018091605,145,"(14:22) (Punt formation) J.Berry punts 39 yards to KC 42, Center-K.Canaday. D.Thomas to PIT 27 for 31 yards (C.Sutton). FUMBLES (C.Sutton), and recovers at PIT 22. D.Thomas to PIT 10 for 12 yards (T.Edmunds).",1,4,12,PIT,Punt,Return,42333,41353,NA,PIT,19,14:22:00,NA,NA,NA,0,0,NA,39,NA,-9,29,PIT,KC,OK,0.84,2.22,4.49,N,L,L,R,R,PIT 45,NA,PIT 20,NA,PIT 20; PIT 88,NA,KC 10; KC 11,KC 39; KC 24,CC,2018-09-16T17:05:46.900Z,67.38,52.35,1.06,1.97,0.11,273.12,319.06,punt_received,41353,De'Anthony Thomas,13,WR,away,80,right,67.34,52.52,20,88,PIT,67.11,56.6,64.93,15.07,4.258568,37.36042,2.93
2018121611,2264,"(12:49) C.Johnston punts 56 yards to LA 10, Center-R.Lovato. J.Natson to LA 5 for -5 yards (De.Hall).",3,4,1,PHI,Punt,Return,45603,45150,NA,PHI,34,12:49:00,NA,NA,NA,13,13,NA,56,-5,61,44,LA,PHI,OK,0.88,2.09,4.65,N,C,C,R,C,NA,NA,PHI 36,NA,PHI 18; PHI 36,NA,NA,LA 32; LA 37,CC,2018-12-17T03:02:48.200Z,99.19,27.63,3.54,1.5,0.34,293.38,26.27,punt_received,45150,JoJo Natson,19,WR,home,77,right,98.63,27.63,18,36,PHI,91.61,29.91,89.24,21.61,7.9154787,11.629398,96.32
2019111100,1796,"(1:59) M.Wishnowsky punts 38 yards to SEA 41, Center-K.Nelson. T.Lockett pushed ob at SF 39 for 20 yards (J.Tartt).",2,4,14,SF,Punt,Return,47893,42412,NA,SF,21,01:59:00,NA,NA,NA,10,7,NA,38,20,18,89,SF,SEA,OK,0.89,2.14,3.44,N,C,C,C,L,NA,NA,SF 29,NA,SF 31; SF 33,NA,NA,SEA 27; SEA 28; SEA 83; SEA 23,CC,2019-11-12T02:31:00.300Z,51.08,24.44,2.93,4.18,0.3,130.16,143.74,punt_received,42412,Tyler Lockett,16,WR,away,67,left,51.65,24.34,31,33,SF,63.76,30.0,63.24,40.51,13.845432,20.152184,91.33
2020102200,675,"(4:31) C.Johnston punts 49 yards to NYG 47, Center-R.Lovato. J.Peppers to PHI 39 for 14 yards (N.Gerry; M.Epps).",1,4,17,PHI,Punt,Return,45603,44837,NA,PHI,4,04:31:00,NA,NA,NA,7,0,NA,49,14,35,106,PHI,NYG,OK,0.76,1.95,3.67,N,R,R,L,L,NA,PHI 22,PHI 47,NA,PHI 89; PHI 39,NYG 47,NYG 43,NYG 25; NYG 20; NYG 45; NYG 27,CFFG,2020-10-23T00:46:02.500Z,56.87,43.03,3.61,3.28,0.35,90.96,56.5,punt_received,44837,Jabrill Peppers,21,FS,away,78,left,58.61,43.03,89,39,PHI,76.5,6.34,70.1,53.44,41.611214,16.834518,38.54
2020121311,1180,"(8:22) C.Johnston punts 42 yards to NO 18, Center-R.Lovato. T.Lewis to NO 20 for 2 yards (K.Seymour).",2,4,9,PHI,Punt,Return,45603,43948,NA,PHI,40,08:22:00,NA,NA,NA,7,0,NA,42,2,40,70,PHI,NO,OK,0.85,2.12,4.4,N,C,C,NA,NA,NA,NA,PHI 41,NA,PHI 42; PHI 41,NA,NA,NO 48; NO 22; NO 34; NO 26,CC,2020-12-13T22:10:24.000Z,28.19,23.91,1.33,1.97,0.12,98.83,350.87,punt_received,43948,Tommylee Lewis,14,WR,away,80,left,28.71,23.85,42,41,PHI,38.37,3.96,40.06,47.73,22.397207,26.613705,89.49
2019120111,1011,"(13:23) J.Bailey punts 41 yards to HOU 14, Center-J.Cardona. D.Carter pushed ob at HOU 26 for 12 yards (J.Bentley). PENALTY on HOU-G.Howell, Illegal Blindside Block, 12 yards, enforced at HOU 24. Punt Hangtime: 4.32s",2,4,6,NE,Punt,Return,47946,42794,NA,NE,45,13:23:00,IBB,HOU 38,12,7,3,NA,41,10,43,65,HOU,NE,OK,0.83,2.03,4.36,A,C,C,R,R,NA,NA,NA,NA,NE 18; NE 29,NA,NA,HOU 33; HOU 35; HOU 34,CC,2019-12-02T02:02:07.000Z,23.97,24.29,2.19,3.25,0.21,116.04,150.49,punt_received,42794,DeAndre Carter,14,WR,home,77,left,25.13,24.22,18,29,NE,41.75,13.92,28.27,26.0,20.583132,4.6275373,90.88
2020111509,2890,"(4:45) M.Dickson punts 57 yards to LA 11, Center-T.Ott. N.Webster pushed ob at LA 26 for 15 yards (Sm.Griffin).",3,4,25,SEA,Punt,Return,46218,48784,NA,SEA,32,04:45:00,NA,NA,NA,23,13,NA,57,15,42,78,LA,SEA,OK,0.82,2.05,4.99,N,C,C,R,R,SEA 57,NA,SEA 49,NA,SEA 35; SEA 34,NA,LA 12; LA 33; LA 46,LA 31; LA 25,CC,2020-11-15T23:35:18.400Z,20.63,28.33,2.02,1.81,0.2,121.09,196.55,punt_received,48784,Nsimba Webster,14,WR,home,82,left,21.04,28.58,35,34,SEA,31.95,22.05,28.04,36.55,12.9453,11.06691,92.76
2020112207,1656,"(5:42) T.Way punts 55 yards to CIN 15, Center-N.Sundberg. A.Erickson to CIN 24 for 9 yards (P.Barber; J.Reaves).",2,4,5,WAS,Punt,Return,40600,43663,NA,WAS,30,05:42:00,NA,NA,NA,7,6,NA,55,9,46,40,WAS,CIN,OK,0.79,2.06,4.6,N,C,C,C,C,NA,NA,WAS 39,NA,WAS 19; WAS 32,CIN 82,NA,CIN 37; CIN 27,BC,2020-11-22T19:08:16.400Z,94.82,14.83,2.34,0.36,0.24,121.14,124.73,punt_received,43663,Alex Erickson,12,WR,away,84,right,94.89,13.91,19,32,WAS,89.12,16.48,89.24,12.35,5.934012,6.106292,52.2
2019100300,1021,"(:28) J.Hekker punts 59 yards to SEA 16, Center-J.McQuaide. T.Lockett to SEA 20 for 4 yards (T.Howard). PENALTY on SEA-B.Jackson, Offensive Holding, 8 yards, enforced at SEA 16.",1,4,10,LA,Punt,Return,38815,42412,NA,LA,25,00:28:00,OH,SEA 93,8,7,6,NA,59,0,67,85,SEA,LA,OK,0.88,2.2,4.79,N,C,C,C,C,NA,NA,NA,NA,LA 20; LA 88,SEA 57,NA,SEA 21; SEA 23,CC,2019-10-04T01:03:12.800Z,26.64,23.96,2.56,1.47,0.26,122.68,289.82,punt_received,42412,Tyler Lockett,16,WR,home,80,left,27.1,23.6,20,88,LA,34.99,19.36,40.61,23.1,9.533232,13.996446,88.56
2019091200,1132,"(12:47) M.Palardy punts 53 yards to TB 22, Center-J.Jansen. B.Wilson pushed ob at CAR 30 for 48 yards (M.Palardy). PENALTY on TB-J.Dean, Illegal Block Above the Waist, 10 yards, enforced at TB 32.",2,4,19,CAR,Punt,Return,42098,45334,NA,CAR,25,12:47:00,IBW,TB 35,10,3,3,NA,53,10,53,85,CAR,TB,OK,0.82,2.13,4.52,N,C,C,R,R,NA,NA,NA,NA,CAR 30; CAR 14,TB 59,TB 17; TB 26,TB 33; TB 35; TB 28,CC,2019-09-13T01:34:30.800Z,32.12,31.64,2.71,1.25,0.27,126.16,220.25,punt_received,45334,Bobo Wilson,85,WR,away,77,left,32.88,31.47,30,14,CAR,52.48,32.32,52.5,45.72,20.371353,24.770765,81.91
2019112802,2394,"(10:53) R.Allen punts 41 yards to NO 30, Center-J.Harris. D.Harris to NO 30 for no gain (J.Grace). PENALTY on NO-J.Gray, Illegal Block Above the Waist, 10 yards, enforced at NO 30.",3,4,15,ATL,Punt,Return,40437,48415,NA,ATL,29,10:53:00,IBW,NO 48,10,9,17,NA,41,0,51,39,ATL,NO,>,0.91,2.26,3.07,N,C,C,NA,NA,NA,NA,ATL 53,NA,ATL 17; ATL 83,NO 07,NA,NO 48; NO 22; NO 34; NO 29,CFFG,2019-11-29T03:11:54.700Z,79.71,20.94,3.1,6.08,0.29,318.82,335.82,punt_received,48415,Deonte Harris,11,WR,away,91,right,79.72,21.17,17,83,ATL,67.91,35.06,47.75,36.12,18.401478,35.381832,79.44
2018100706,1287,"(9:17) C.Wadman punts 49 yards to NYJ 34, Center-C.Kreiter. A.Roberts to NYJ 41 for 7 yards (K.Bierria).",2,4,18,DEN,Punt,Return,45986,35527,NA,DEN,17,09:17:00,NA,NA,NA,14,7,NA,49,7,42,27,NYJ,DEN,OK,0.84,1.97,4.43,N,L,L,R,R,NA,NA,DEN 40,NA,DEN 30; DEN 81,NA,NYJ 23,NYJ 43; NYJ 32; NYJ 27,CC,2018-10-07T17:59:27.300Z,75.24,45.13,0.91,5.92,0.09,249.61,122.44,punt_received,35527,Andre Roberts,19,WR,home,76,right,74.53,45.14,30,81,DEN,64.11,49.33,60.21,30.5,11.896088,20.974695,30.62
2020122711,3576,"(9:26) M.Dickson punts 48 yards to LA 11, Center-T.Ott. C.Kupp ran ob at LA 12 for 1 yard.",4,4,6,SEA,Punt,Return,46218,44881,NA,SEA,41,09:26:00,NA,NA,NA,13,9,NA,48,1,47,69,SEA,LA,OK,0.86,2.09,3.78,A,L,L,NA,NA,NA,NA,NA,NA,SEA 34; SEA 19,NA,NA,LA 31; LA 46; LA 25,CC,2020-12-28T00:02:07.100Z,20.94,3.4,6.39,4.01,0.65,166.42,193.83,punt_received,44881,Cooper Kupp,10,WR,away,70,left,20.58,2.93,34,19,SEA,35.87,-0.46,30.89,27.56,15.420911,26.128683,10.99
2020091311,986,"(4:11) A.Lee punts 47 yards to SF 30, Center-A.Brewer. D.Pettis to SF 38 for 8 yards (E.Turner).",1,4,9,ARI,Punt,Return,29141,46113,NA,ARI,23,04:11:00,NA,NA,NA,10,7,NA,47,8,39,87,SF,ARI,OK,0.71,2.02,4.22,N,R,R,C,C,ARI 28,NA,ARI 47,NA,ARI 16; ARI 28,NA,NA,SF 33; SF 23; SF 27,CC,2020-09-13T21:03:10.400Z,40.19,46.14,1.26,4.32,0.11,111.41,228.37,punt_received,46113,Dante Pettis,18,WR,home,77,left,41.37,45.59,16,28,ARI,60.58,19.25,42.69,46.89,33.746468,2.6100767,28.93
2018112503,954,"(:16) K.Huber punts 51 yards to CLE 7, Center-C.Harris. J.Peppers to CLE 14 for 7 yards (V.Rey; C.Harris). PENALTY on CLE-O.Charles, Offensive Holding, 3 yards, enforced at CLE 7.",1,4,14,CIN,Punt,Return,34593,44837,NA,CIN,42,00:16:00,OH,CLE 82,3,0,14,NA,51,0,54,68,CIN,CLE,OK,0.95,2.19,4.44,N,C,C,C,C,CIN 40,NA,NA,NA,CIN 40; CIN 29,NA,CLE 26,CLE 27; CLE 33,CC,2018-11-25T18:39:36.700Z,16.56,36.1,0.64,0.91,0.07,92.71,107.12,punt_received,44837,Jabrill Peppers,22,FS,away,79,left,17.75,36.19,40,29,CIN,23.15,32.05,28.17,39.84,7.7350245,12.197529,64.2
2018102804,1965,"(12:34) S.Martin punts 50 yards to SEA 16, Center-D.Muhlbach. T.Lockett to SEA 26 for 10 yards (J.Reeves-Maybin).",3,4,13,DET,Punt,Return,40113,42412,NA,DET,34,12:34:00,NA,NA,NA,7,21,NA,50,10,40,76,DET,SEA,OK,0.79,2.16,4.74,N,L,L,R,R,NA,NA,DET 44,NA,DET 34; DET 45,NA,NA,SEA 37; SEA 28; SEA 36,CC,2018-10-28T18:39:43.800Z,25.98,7.78,2.0,1.5,0.21,97.87,168.15,punt_received,42412,Tyler Lockett,16,WR,away,81,left,31.55,7.84,34,45,DET,44.12,5.05,43.79,33.69,18.344276,31.440805,29.42
2018092305,3119,"(8:09) D.Colquitt punts 48 yards to SF 32, Center-J.Winchester. D.Pettis pushed ob at SF 45 for 13 yards (A.Watts). PENALTY on SF-E.Lee, Illegal Block Above the Waist, 10 yards, enforced at SF 33.",3,4,15,KC,Punt,Return,29926,46113,NA,KC,20,08:09:00,IBW,SF 47,10,35,16,NA,48,1,57,30,KC,SF,OK,0.83,2.1,4.17,N,C,C,NA,NA,KC 19,NA,NA,NA,KC 13; KC 19,SF 23; SF 53; SF 89,NA,SF 32; SF 84; SF 30,CC,2018-09-23T19:16:53.300Z,77.61,28.19,1.87,3.52,0.18,255.71,191.07,punt_received,46113,Dante Pettis,18,WR,away,75,right,77.28,28.1,13,19,KC,57.88,48.07,68.57,27.55,28.008701,9.062627,94.56
2020112907,1564,"(8:04) B.Mann punts 52 yards to MIA 19, Center-T.Hennessy. J.Grant to MIA 31 for 12 yards (B.Cashman).",2,4,6,NYJ,Punt,Return,52599,43475,NA,NYJ,29,08:04:00,NA,NA,NA,3,10,NA,52,12,40,39,NYJ,MIA,OK,0.8,2.01,4.37,N,R,R,L,L,NA,NA,NYJ 53,NA,NYJ 17; NYJ 27,NA,NA,MIA 23; MIA 33,CC,2020-11-29T19:04:55.300Z,90.58,9.96,1.95,2.88,0.21,301.59,123.41,punt_received,43475,Jakeem Grant,19,WR,away,77,right,90.45,9.93,17,27,NYJ,75.68,25.86,75.66,1.1,21.790365,17.352406,37.26
2018120205,3064,"(2:41) R.Sanchez punts 55 yards to JAX 24, Center-L.Rhodes. R.Greene to JAX 32 for 8 yards (C.Milton).",3,4,14,IND,Punt,Return,45153,42482,NA,IND,21,02:41:00,NA,NA,NA,3,0,NA,55,8,47,31,JAX,IND,OK,0.9,2.19,4.24,N,C,C,C,C,NA,NA,IND 28,NA,IND 30; IND 28,NA,JAX 12; JAX 22,JAX 84; JAX 23,CC,2018-12-02T20:09:48.800Z,85.49,22.53,3.96,0.87,0.4,301.97,21.59,punt_received,42482,Rashad Greene,13,WR,home,76,right,85.13,22.53,30,28,IND,76.79,25.38,75.3,10.66,9.154917,15.643945,84.54
2018102808,1193,"(10:50) R.Sanchez punts 46 yards to OAK 22, Center-L.Rhodes. D.Harris to OAK 21 for -1 yards (L.Rhodes, C.Milton).",2,4,3,IND,Punt,Return,45153,37251,NA,IND,32,10:50:00,NA,NA,NA,7,10,NA,46,-1,47,42,OAK,IND,OK,0.85,2.22,3.84,N,R,R,NA,NA,NA,IND 46,IND 28,NA,IND 30; IND 28,OAK 58,OAK 23; OAK 25,OAK 20; OAK 42; OAK 45,CC,2018-10-28T20:47:45.200Z,88.01,13.79,1.4,3.2,0.14,309.59,43.93,punt_received,37251,Dwayne Harris,17,WR,home,70,right,87.45,14.0,30,28,IND,74.28,24.5,83.29,12.61,17.413128,4.8652644,52.53
2020121304,1883,"(:19) L.Cooke punts 61 yards to TEN 24, Center-R.Matiscik. K.Raymond to TEN 37 for 13 yards (B.Watson; D.Ogunbowale).",2,4,25,JAX,Punt,Return,46316,43584,NA,JAX,15,00:19:00,NA,NA,NA,3,14,NA,61,13,48,95,JAX,TEN,OK,0.8,1.96,4.83,N,R,R,L,L,NA,JAX 33,JAX 40,NA,JAX 31; JAX 40,NA,NA,TEN 15; TEN 35; TEN 30,CC,2020-12-13T19:22:54.400Z,33.83,46.9,1.56,2.42,0.16,87.64,357.54,punt_received,43584,Kalif Raymond,14,WR,away,81,left,33.93,46.87,31,40,JAX,76.92,33.21,44.96,42.99,45.212433,11.796822,24.13
2019090901,407,"(6:44) C.Wadman punts 64 yards to OAK 5, Center-C.Kreiter. D.Harris to OAK 14 for 9 yards (T.Patrick).",1,4,4,DEN,Punt,Return,45986,37251,NA,DEN,31,06:44:00,NA,NA,NA,7,0,NA,64,9,55,41,OAK,DEN,OK,0.84,2.09,4.16,N,R,R,L,L,NA,NA,DEN 81,NA,DEN 81; DEN 27,OAK 25; OAK 52; OAK 58; OAK 85,NA,OAK 22; OAK 20,CC,2019-09-10T02:34:25.800Z,103.56,1.63,3.56,6.04,0.37,5.68,66.49,punt_received,37251,Dwayne Harris,17,WR,home,84,right,103.98,2.73,81,27,DEN,88.23,13.63,93.2,3.0,19.468151,10.4501915,10.24
2020101900,153,"(14:13) A.Lee punts 49 yards to DAL 27, Center-A.Brewer. C.Lamb to DAL 28 for 1 yard (T.Sherfield).",1,4,11,ARI,Punt,Return,29141,52425,NA,ARI,24,14:13:00,NA,NA,NA,0,0,NA,49,1,48,34,DAL,ARI,OK,0.84,2.04,4.61,N,L,L,NA,NA,NA,NA,ARI 16,NA,ARI 16; ARI 28,NA,NA,DAL 28; DAL 29,CC,2020-10-20T00:18:59.100Z,82.09,38.97,0.31,2.71,0.03,301.45,147.62,punt_received,52425,CeeDee Lamb,88,WR,home,78,right,81.13,39.13,16,28,ARI,80.77,39.37,76.29,31.17,1.3792752,9.720082,53.17
2019090900,512,"(7:06) T.Daniel punts 41 yards to NO 36, Center-J.Weeks. D.Harris to HOU 49 for 15 yards (J.Weeks; G.Howell).",1,4,8,HOU,Punt,Return,46810,48415,NA,HOU,23,07:06:00,NA,NA,NA,0,0,NA,41,15,26,33,NO,HOU,OK,0.86,2.11,3.23,N,C,C,C,C,HOU 51,HOU 38,HOU 46,NA,HOU 33; HOU 34,NA,NA,NO 48; NO 22; NO 26,CC,2019-09-09T23:28:33.100Z,73.93,18.58,2.08,4.77,0.22,298.94,283.66,punt_received,48415,Deonte Harris,11,WR,home,65,right,73.17,18.49,33,34,HOU,46.07,19.7,68.53,15.1,27.882504,6.4242043,69.38
2019111708,4210,"(2:22) A.Lee punts 52 yards to SF 29, Center-A.Brewer. R.James Jr. to SF 35 for 6 yards (C.Washington).",4,4,16,ARI,Punt,Return,29141,46309,NA,ARI,19,02:22:00,NA,NA,NA,23,26,NA,52,6,46,91,SF,ARI,OK,0.89,2.07,4.49,N,R,R,L,L,NA,NA,ARI 28,NA,ARI 16; ARI 28,SF 47; SF 53; SF 84,NA,SF 33; SF 23,CC,2019-11-18T00:04:14.400Z,40.01,45.33,3.03,0.89,0.31,81.84,24.17,punt_received,46309,Richie James,13,WR,home,77,left,40.37,45.27,16,28,ARI,49.93,34.92,51.49,43.11,14.379656,11.692681,30.13
2019111008,2312,"(12:26) (Punt formation) M.Haack punts 54 yards to IND 30, Center-T.Pepper. C.Rogers to IND 37 for 7 yards (D.Smythe).",3,4,28,MIA,Punt,Return,45296,43556,NA,MIA,16,12:26:00,NA,NA,NA,0,10,NA,54,7,47,94,IND,MIA,OK,0.85,2.2,4.6,N,R,R,C,C,NA,NA,MIA 81,NA,MIA 30; MIA 35,IND 16,IND 23,IND 34; IND 39; IND 30,CC,2019-11-10T22:50:45.800Z,40.7,43.33,2.63,3.09,0.25,109.3,214.08,punt_received,43556,Chester Rogers,80,WR,home,80,left,40.97,43.3,30,35,MIA,59.04,41.74,44.37,45.39,18.408794,4.208622,37.52
2019090900,220,"(12:50) T.Daniel punts 54 yards to NO 19, Center-J.Weeks. D.Harris to NO 33 for 14 yards (A.Moore). PENALTY on NO-J.Hardee, Illegal Block Above the Waist, 10 yards, enforced at NO 24.",1,4,21,HOU,Punt,Return,46810,48415,NA,HOU,27,12:50:00,IBW,NO 34,10,0,0,NA,54,5,59,37,NO,HOU,OK,0.84,2.08,4.39,N,R,R,L,L,NA,NA,NA,NA,HOU 33; HOU 34,NO 07,NA,NO 48; NO 22; NO 34; NO 26,CC,2019-09-09T23:18:16.600Z,91.14,10.73,1.24,1.41,0.12,279.57,204.01,punt_received,48415,Deonte Harris,11,WR,home,76,right,89.7,11.12,33,34,HOU,65.71,21.13,79.61,12.98,27.474442,11.747485,41.73
2020100501,500,"(7:18) T.Townsend punts 65 yards to NE 15, Center-J.Winchester. G.Olszewski to NE 27 for 12 yards (D.Wilson).",1,4,5,KC,Punt,Return,52791,48988,NA,KC,20,07:18:00,NA,NA,NA,3,0,NA,65,12,53,30,KC,NE,L,0.74,2,5.17,N,C,C,L,C,NA,NA,KC 54,NA,KC 20; KC 13,NA,NE 18; NE 30,NE 25; NE 29,CC,2020-10-05T23:21:44.300Z,94.83,20.1,3.91,1.28,0.39,234.34,168.93,punt_received,48988,Gunner Olszewski,80,WR,away,82,right,94.74,20.0,20,13,KC,84.79,27.14,74.6,5.24,12.262267,25.101246,75.05
2019112410,1395,"(9:18) M.Wishnowsky punts 52 yards to GB 35, Center-K.Nelson. T.Smith to GB 34 for -1 yards (R.Mostert).",2,4,25,SF,Punt,Return,47893,46265,NA,SF,13,09:18:00,NA,NA,NA,10,0,NA,52,-1,53,97,SF,GB,OK,1,2.23,4.78,N,R,R,NA,NA,NA,NA,SF 31,NA,SF 33; SF 31,GB 16,NA,GB 37; GB 39; GB 28; GB 26,CC,2019-11-25T02:19:25.000Z,46.18,43.29,2.19,2.58,0.22,85.26,320.87,punt_received,46265,Tremon Smith,27,WR,away,79,left,46.95,42.68,33,31,SF,68.11,31.12,53.63,48.56,25.080545,9.125536,39.85
2020111501,1125,"(9:43) J.Gillan punts 45 yards to HOU 38, Center-C.Hughlett. W.Fuller pushed ob at CLE 49 for 13 yards (E.Lee).",2,4,6,CLE,Punt,Return,48139,43310,NA,CLE,17,09:43:00,NA,NA,NA,3,0,NA,45,13,32,27,CLE,HOU,OK,0.9,2.02,4.09,A,C,C,L,L,CLE 89,NA,CLE 52,NA,CLE 20; CLE 12,NA,HOU 14; HOU 28,HOU 30; HOU 35,CC,2020-11-15T19:16:45.800Z,71.1,23.32,5.29,0.97,0.52,202.92,151.09,punt_received,43310,Will Fuller,15,WR,away,74,right,70.95,22.99,20,12,CLE,67.65,29.12,67.28,22.73,6.7485185,3.8652942,86.27
2018121700,2417,"(11:42) M.Palardy punts 50 yards to NO 35, Center-J.Jansen. T.Lewis to NO 34 for -1 yards (J.Carter; C.Jones). PENALTY on NO-J.Robinson, Illegal Block Above the Waist, 10 yards, enforced at NO 34.",3,4,12,CAR,Punt,Return,42098,43948,NA,CAR,15,11:42:00,IBW,NO 32,10,7,6,NA,50,0,61,95,CAR,NO,OK,0.89,2.08,4.59,N,L,L,NA,NA,NA,CAR 42,CAR 56,NA,CAR 23; CAR 35,NO 07; NO 57,NA,NO 34; NO 24; NO 31; NO 32,CC,2018-12-18T03:04:20.500Z,44.56,8.11,3.74,1.98,0.38,117.15,189.9,punt_received,43948,Tommylee Lewis,11,WR,away,77,left,45.87,8.07,23,35,CAR,56.95,5.99,78.15,20.74,12.570064,35.886,30.28
2020122708,695,"(2:27) S.Hofrichter punts 44 yards to KC 10, Center-J.Harris. M.Hardman to KC 10 for no gain (T.Hall).",1,4,19,ATL,Punt,Return,52636,47839,NA,ATL,46,02:27:00,NA,NA,NA,0,0,NA,44,0,44,56,KC,ATL,OK,0.91,2.07,4.39,N,R,R,NA,NA,NA,NA,ATL 44,NA,ATL 23; ATL 44,NA,KC 23; KC 49,KC 38; KC 20,CC,2020-12-27T18:25:13.900Z,99.56,12.21,3.43,3.69,0.34,248.97,95.36,punt_received,47839,Mecole Hardman,17,WR,home,79,right,99.19,12.38,23,44,ATL,94.37,20.28,98.98,12.22,9.594842,0.5800862,46.45
2020091307,1363,"(2:26) J.Bailey punts 55 yards to MIA 11, Center-J.Cardona. J.Grant to MIA 8 for -3 yards (C.Davis; B.Copeland).",2,4,1,NE,Punt,Return,47946,43475,NA,NE,34,02:26:00,NA,NA,NA,7,3,NA,55,-3,58,44,NE,MIA,OK,0.98,2.23,4.6,N,C,C,C,C,NA,NE 52,NE 22,NA,NE 18; NE 29,NA,MIA 29; MIA 35,MIA 23; MIA 24,CC,2020-09-13T18:01:13.700Z,98.66,35.46,2.53,2.49,0.25,234.66,138.24,punt_received,43475,Jakeem Grant,19,WR,away,79,right,97.8,35.01,18,29,NE,85.1,45.22,89.84,27.02,16.70722,12.207621,68.63
2019111010,1562,"(6:45) (Punt formation) B.Colquitt punts 53 yards to DAL 17, Center-A.Cutting. T.Austin to DAL 17 for no gain (M.Boone).",2,4,7,MIN,Punt,Return,34723,39954,NA,MIN,30,06:45:00,NA,NA,NA,7,14,NA,53,0,53,40,DAL,MIN,OK,0.88,2.05,4.66,N,C,C,NA,NA,MIN 31,NA,MIN 23,NA,MIN 31; MIN 27,DAL 23; DAL 48; DAL 49; DAL 83; DAL 92,DAL 27; DAL 37,DAL 24; DAL 29,CC,2019-11-11T02:26:37.900Z,92.57,23.47,2.98,1.82,0.31,300.29,48.36,punt_received,39954,Tavon Austin,10,WR,home,79,right,92.49,23.36,31,27,MIN,85.84,24.45,80.98,17.72,6.8009777,12.937952,87.65
2020091000,3435,"(5:39) T.Townsend punts 54 yards to HOU 16, Center-J.Winchester. D.Carter pushed ob at HOU 35 for 19 yards (D.O'Daniel).",4,4,7,KC,Punt,Return,52791,42794,NA,KC,30,05:39:00,NA,NA,NA,31,13,NA,54,19,35,40,KC,HOU,OK,0.84,2.04,3.8,N,C,C,L,L,KC 19,NA,KC 44,NA,KC 20; KC 13,HOU 54,HOU 28,HOU 33; HOU 35; HOU 29,CC,2020-09-11T03:03:24.500Z,93.61,23.75,1.73,1.2,0.17,291.39,154.24,punt_received,42794,DeAndre Carter,14,WR,away,67,right,91.52,24.28,20,13,KC,73.34,32.74,69.05,18.66,22.174152,25.0819,91.11
2019091511,3737,"(3:00) P.O'Donnell punts 51 yards to DEN 21, Center-P.Scales. D.Spencer to DEN 38 for 17 yards (P.Scales). DEN-T.Marshall was injured during the play.",4,4,5,CHI,Punt,Return,41420,42051,NA,CHI,28,03:00:00,NA,NA,NA,6,13,NA,51,17,34,38,DEN,CHI,L,0.85,2.15,4.42,A,C,C,C,C,NA,NA,CHI 48,NA,CHI 84; CHI 26,NA,NA,DEN 36; DEN 27; DEN 34; DEN 41,CC,2019-09-15T23:05:10.800Z,89.23,25.69,0.62,1.11,0.06,271.71,20.07,punt_received,42051,Diontae Spencer,11,WR,home,80,right,87.93,25.59,84,26,CHI,78.75,38.82,61.44,26.39,16.799622,27.798815,96.02
2018120906,3167,"(15:00) (Punt formation) R.Allen punts 46 yards to MIA 8, Center-J.Cardona. D.Amendola to MIA 8 for no gain (J.Jones).",4,4,10,NE,Punt,Return,40437,33566,NA,NE,46,15:00:00,NA,NA,NA,28,27,NA,46,0,46,56,MIA,NE,OK,0.88,2.05,3.82,A,L,L,R,R,NA,NA,NE 31,NA,NE 31; NE 18,MIA 27; MIA 34; MIA 44; MIA 45; MIA 88; MIA 90,NA,MIA 31; MIA 24,CC,2018-12-09T20:25:46.300Z,101.53,49.71,5.27,1.76,0.54,332.89,9.29,punt_received,33566,Danny Amendola,80,WR,home,69,right,101.01,49.93,31,18,NE,97.92,50.11,87.44,40.0,3.632093,17.111755,12.65
2018102103,1394,"(7:26) C.Bojorquez punts 51 yards to IND 18, Center-R.Ferguson, fair catch by C.Rogers.",2,4,6,BUF,Punt,Fair Catch,46903,43556,NA,BUF,31,07:26:00,NA,NA,NA,14,0,NA,51,NA,51,41,IND,BUF,OK,0.86,2.19,5.08,N,L,L,NA,NA,NA,NA,NA,NA,BUF 30; BUF 29,IND 59,NA,IND 23; IND 27; IND 28,CC,2018-10-21T18:04:11.200Z,93.53,46.01,4.65,1.77,0.46,277.76,0.11,punt_received,43556,Chester Rogers,80,WR,home,83,right,89.53,46.44,30,29,BUF,89.29,44.14,68.95,38.84,4.6340585,25.6044,25.74
2020110900,894,"(12:54) J.Bailey punts 59 yards to NYJ 14, Center-J.Cardona. B.Berrios to NYJ 28 for 14 yards (J.Bethel). PENALTY on NYJ-M.Farley, Offensive Holding, 7 yards, enforced at NYJ 14.",2,4,2,NE,Punt,Return,47946,46279,NA,NE,27,12:54:00,OH,NYJ 41,7,3,7,NA,59,0,66,83,NYJ,NE,OK,0.84,2.2,4.61,N,C,C,L,L,NA,NA,NA,NA,NE 18; NE 29,NYJ 47,NA,NYJ 40; NYJ 37,CC,2020-11-10T01:51:19.900Z,23.63,27.1,2.16,2.86,0.21,102.37,8.39,punt_received,46279,Braxton Berrios,10,WR,home,80,left,23.58,26.78,18,29,NE,34.74,17.04,46.99,26.73,14.987852,23.36293,99.51
2018102800,776,"(15:00) (Punt formation) L.Cooke punts 53 yards to PHI 33, Center-M.Overton. D.Carter to PHI 33 for no gain (B.Brown). PENALTY on PHI-R.Douglas, Offensive Holding, 10 yards, enforced at PHI 33.",2,4,16,JAX,Punt,Return,46316,42794,NA,JAX,14,15:00:00,OH,PHI 32,10,3,0,NA,53,0,63,96,JAX,PHI,H,0.81,2.13,4.47,N,C,C,L,L,NA,JAX 40,JAX 53,NA,JAX 17; JAX 41,PHI 57; PHI 83,NA,PHI 39; PHI 32; PHI 36,CC,2018-10-28T14:06:48.400Z,42.43,29.36,0.73,1.99,0.08,88.49,307,punt_received,42794,DeAndre Carter,16,WR,away,78,left,42.92,28.92,17,41,JAX,69.06,29.43,54.9,34.8,26.630093,13.604944,91.48
2019092202,2662,"(4:34) J.Scott punts 66 yards to DEN 2, Center-H.Bradley. D.Spencer pushed ob at DEN 15 for 13 yards (T.Summers). PENALTY on DEN-D.Harris, Illegal Block Above the Waist, 2 yards, enforced at DEN 5.",3,4,3,GB,Punt,Return,46241,42051,NA,GB,32,04:34:00,IBW,DEN 27,2,24,16,NA,66,3,65,42,GB,DEN,OK,0.87,2.17,4.53,N,L,L,R,R,NA,NA,NA,NA,GB 25; GB 28,NA,NA,DEN 20; DEN 26; DEN 27,CC,2019-09-22T19:08:13.100Z,105.29,43.35,5.35,1.26,0.54,284.61,98.8,punt_received,42051,Diontae Spencer,11,WR,away,78,right,104.27,43.76,25,28,GB,98.73,43.8,74.7,30.41,6.5754166,33.21433,35.8
2019101311,3212,"(4:07) J.Berry punts 46 yards to LAC 14, Center-K.Canaday. D.King to LAC 21 for 7 yards (J.Holton; A.Chickillo).",4,4,9,PIT,Punt,Return,42333,44964,NA,PIT,40,04:07:00,NA,NA,NA,10,24,NA,46,7,39,50,LAC,PIT,OK,0.94,2.15,4.49,A,L,L,R,C,PIT 33,PIT 56,PIT 80,NA,PIT 31; PIT 80,LAC 11; LAC 23; LAC 48; LAC 49; LAC 51; LAC 57; LAC 89,NA,LAC 28; LAC 27,CC,2019-10-14T02:53:19.200Z,95.47,48.52,3.71,2.62,0.38,276.07,20.06,punt_received,44964,Desmond King,20,CB,home,75,right,94.91,48.75,31,80,PIT,86.92,40.23,88.12,34.09,11.909098,16.194054,17.07
2020091302,399,"(9:37) B.Mann punts 45 yards to BUF 35, Center-T.Hennessy. A.Roberts to BUF 45 for 10 yards (A.Davis, R.Griffin).",1,4,9,NYJ,Punt,Return,52599,35527,NA,NYJ,20,09:37:00,NA,NA,NA,0,0,NA,45,10,35,30,BUF,NYJ,OK,0.83,2.12,4.85,N,R,R,L,L,NYJ 23,NYJ 84,NYJ 32,NA,NYJ 32; NYJ 23,BUF 86,NA,BUF 24; BUF 33; BUF 25,CC,2020-09-13T17:16:45.000Z,75.26,4.49,1.47,2.57,0.16,303.53,160.43,punt_received,35527,Andre Roberts,18,WR,home,82,right,74.99,4.99,32,23,NYJ,68.02,12.96,66.72,4.77,11.142643,8.544589,18.72
2018110100,656,"(5:12) J.Townsend punts 40 yards to SF 28, Center-T.Sieg. R.James pushed ob at SF 34 for 6 yards (M.Lee).",1,4,6,OAK,Punt,Return,46242,46309,NA,OAK,32,05:12:00,NA,NA,NA,7,3,NA,40,6,34,42,SF,OAK,OK,0.89,2.05,3.52,N,L,L,R,R,NA,NA,OAK 55,NA,OAK 17; OAK 23,NA,NA,SF 33; SF 32; SF 23,CC,2018-11-02T00:49:14.900Z,82.93,43.67,3.98,4.09,0.4,268.66,303.77,punt_received,46309,Richie James,13,WR,home,66,right,82.17,44.07,17,23,OAK,68.99,50.76,70.23,35.5,15.639428,15.100957,34.63
2018112200,790,"(2:11) S.Martin punts 39 yards to CHI 36, Center-D.Muhlbach. T.Cohen pushed ob at CHI 37 for 1 yard (D.Shead).",1,4,1,DET,Punt,Return,40113,44932,NA,DET,25,02:11:00,NA,NA,NA,0,0,NA,39,1,38,35,DET,CHI,OK,0.71,2,4.07,N,C,C,C,R,NA,NA,DET 26,NA,DET 21; DET 45,CHI 15,NA,CHI 22; CHI 36,CC,2018-11-22T18:04:53.800Z,74.41,27.03,2.17,2.85,0.23,318.41,318.54,punt_received,44932,Tarik Cohen,29,RB,away,74,right,73.78,27.01,21,45,DET,70.49,34.93,67.99,15.78,8.819093,12.95295,98.65
2018092313,991,"(12:41) R.Allen punts 46 yards to DET 21, Center-J.Cardona. J.Agnew to NE 48 for 31 yards (J.Cardona, N.Ebner). PENALTY on DET-N.Lawson, Illegal Block Above the Waist, 10 yards, enforced at DET 32.",2,4,2,NE,Punt,Return,40437,44978,NA,NE,33,12:41:00,IBW,DET 24,10,10,0,NA,46,11,45,43,DET,NE,OK,0.81,2.2,4.34,N,C,C,C,L,NE 34,NA,NA,NA,NE 18; NE 31,NA,DET 45,DET 30; DET 28; DET 24,CC,2018-09-24T01:01:05.800Z,88.69,27.63,3.14,1.07,0.31,251.58,175.72,punt_received,44978,Jamal Agnew,39,CB,home,73,right,87.78,27.43,18,31,NE,75.26,44.92,61.55,18.67,21.893127,28.580784,97.07
2020112205,2583,"(6:39) J.Berry punts 40 yards to JAX 20, Center-K.Canaday. K.Cole Sr. to JAX 20 for no gain (J.Pierre).",3,4,1,PIT,Punt,Return,42333,45555,NA,PIT,40,06:39:00,NA,NA,NA,3,17,NA,40,0,40,50,JAX,PIT,OK,0.82,2.11,4.08,A,C,C,C,C,NA,NA,PIT 42,NA,PIT 42; PIT 31,NA,NA,JAX 40; JAX 31,CC,2020-11-22T20:06:01.400Z,90.12,32.54,1.74,4.76,0.19,217.68,297.03,punt_received,45555,Keelan Cole,84,WR,home,77,right,90.11,32.51,42,31,PIT,90.35,38.7,93.14,32.04,6.1642923,3.061111,78.01
2019120100,2926,"(12:34) (Punt formation) M.Wishnowsky punts 45 yards to BAL 23, Center-K.Nelson. D.Thomas to BAL 41 for 18 yards (M.Nzeocha).",4,4,10,SF,Punt,Return,47893,41353,NA,SF,32,12:34:00,NA,NA,NA,17,17,NA,45,18,27,42,BAL,SF,OK,0.97,2.2,4.27,A,C,C,C,C,SF 33; SF 57,NA,SF 53,NA,SF 33; SF 41,NA,BAL 10; BAL 28,BAL 44; BAL 41,CC,2019-12-01T20:27:33.800Z,86.93,34.89,0.24,2.87,0.03,252.43,196.52,punt_received,41353,De'Anthony Thomas,16,WR,home,78,right,87.1,34.59,33,41,SF,84.06,40.52,76.46,28.75,6.3193197,12.137566,70.21
2020120612,286,"(9:57) T.Townsend punts 39 yards to DEN 25, Center-J.Winchester. K.Hamler to DEN 23 for -2 yards (A.Hamilton).",1,4,4,KC,Punt,Return,52791,52454,NA,KC,36,09:57:00,NA,NA,NA,0,0,NA,39,-2,41,46,KC,DEN,OK,0.8,2.03,3.7,N,C,C,NA,NA,NA,NA,KC 20,NA,KC 20; KC 45,DEN 28; DEN 83; DEN 97,DEN 33,DEN 37; DEN 16,CC,2020-12-07T01:31:53.000Z,84.9,37.07,2.72,2.06,0.27,291.18,318.64,punt_received,52454,K.J. Hamler,13,WR,away,68,right,85.08,36.99,20,45,KC,78.36,45.11,78.66,34.25,10.364034,6.847627,61.2
2020112907,2713,"(6:53) B.Mann punts 46 yards to MIA 11, Center-T.Hennessy. J.Grant ran ob at MIA 18 for 7 yards (D.Brown).",3,4,3,NYJ,Punt,Return,52599,43475,NA,NYJ,43,06:53:00,NA,NA,NA,3,13,NA,46,7,39,67,NYJ,MIA,OK,0.82,1.91,4.41,A,L,L,R,R,NYJ 50,NA,NYJ 87,NA,NYJ 17; NYJ 27,MIA 42; MIA 43; MIA 90; MIA 91; MIA 92; MIA 94,NA,MIA 23; MIA 33,CC,2020-11-29T20:06:25.200Z,21.04,10.61,2.07,1.88,0.21,97.36,217.61,punt_received,43475,Jakeem Grant,19,WR,away,74,left,20.93,10.47,17,27,NYJ,26.9,6.25,41.86,20.2,7.304054,22.92249,39.29
2019092912,3462,"(6:58) T.Morstead punts 47 yards to DAL 20, Center-Z.Wood. T.Austin ran ob at DAL 20 for no gain (J.Hardee). PENALTY on DAL-J.Heath, Offensive Holding, 10 yards, enforced at DAL 20.",4,4,16,NO,Punt,Return,34615,39954,NA,NO,33,06:58:00,OH,DAL 38,10,12,10,NA,47,0,57,43,NO,DAL,OK,1.06,2.25,4.68,N,R,R,NA,NA,NA,NA,NO 34,NA,NO 48; NO 34,NA,NA,DAL 27; DAL 30; DAL 31; DAL 29,CC,2019-09-30T02:50:32.800Z,90.14,0.64,1.7,1.13,0.18,272.59,190.84,punt_received,39954,Tavon Austin,10,WR,away,78,right,89.51,0.96,48,34,NO,74.29,19.1,89.41,1.34,24.330929,1.0113852,3.6
2019092213,1380,"(7:52) (Punt formation) J.Gillan punts 40 yards to LA 48, Center-C.Hughlett. J.Natson to CLE 48 for 4 yards (D.Hilliard). PENALTY on LA-D.Williams, Illegal Block Above the Waist, 10 yards, enforced at LA 48.",2,4,4,CLE,Punt,Return,48139,45150,NA,CLE,12,07:52:00,IBW,LA 31,10,3,3,NA,40,0,50,22,CLE,LA,OK,0.88,2.07,4.04,N,C,C,L,L,NA,NA,NA,NA,CLE 20; CLE 12,NA,LA 88,LA 31; LA 26; LA 20,CC,2019-09-23T01:18:59.300Z,62.92,31.59,2.32,4.35,0.25,242.19,241.51,punt_received,45150,JoJo Natson,19,WR,away,74,right,62.71,31.83,20,12,CLE,48.09,46.11,62.52,33.56,20.754742,2.010199,80.56
