gameId,playId,playDescription,quarter,down,yardsToGo,possessionTeam,specialTeamsPlayType,specialTeamsResult,kickerId,returnerId,kickBlockerId,yardlineSide,yardlineNumber,gameClock,penaltyCodes,penaltyJerseyNumbers,penaltyYards,preSnapHomeScore,preSnapVisitorScore,passResult,kickLength,kickReturnYardage,playResult,absoluteYardlineNumber,homeTeamAbbr,visitorTeamAbbr,snapDetail,snapTime,operationTime,hangTime,kickType,kickDirectionIntended,kickDirectionActual,returnDirectionIntended,returnDirectionActual,missedTackler,assistTackler,tackler,kickoffReturnFormation,gunners,puntRushers,specialTeamsSafeties,vises,kickContactType,time,x,y,s,a,dis,o,dir,event,nflId,displayName,jerseyNumber,position,team,frameId,playDirection,x_football,y_football,gunner1_jersey_num,gunner2_jersey_num,defense_team_abbr,x_gunner1,y_gunner1,x_gunner2,y_gunner2,distance_returner_gunner1,distance_returner_gunner2,y_football_rescaled
2021010304,1000,"(14:14) J.Berry punts 38 yards to CLE 21, Center-K.Canaday. D.Peoples-Jones to CLE 25 for 4 yards (J.Layne; J.Pierre).",2,4,6,PIT,Punt,Return,42333,52595,NA,PIT,41,14:14:00,NA,NA,NA,7,0,NA,38,4,34,51,CLE,PIT,OK,0.88,2.18,3.67,N,C,C,C,C,NA,PIT 42,PIT 31,NA,PIT 42; PIT 31,CLE 89; CLE 97,NA,CLE 20; CLE 36,CFFG,2021-01-03T18:41:28.100Z,89.67,13.97,5.38,3.47,0.53,249.68,265.5,punt_received,52595,Donovan Peoples-Jones,11,WR,home,84,right,88.64,13.9,42,31,PIT,89.46,15.57,87.42,11.65,1.6137224,3.231857,52.16
2021010309,1653,"(1:37) C.Johnston punts 49 yards to WAS 25, Center-R.Lovato. S.Sims to WAS 45 for 20 yards (R.Lovato).",2,4,10,PHI,Punt,Return,45603,48051,NA,PHI,26,01:37:00,NA,NA,NA,14,10,NA,49,20,29,36,PHI,WAS,OK,0.88,2.06,4.06,A,L,L,C,C,PHI 22,NA,PHI 45,NA,PHI 36; PHI 33,NA,NA,WAS 32; WAS 30; WAS 20; WAS 25,CC,2021-01-04T02:31:35.400Z,85.11,39.97,1.0,4.34,0.1,250.79,119.65,punt_received,48051,Steven Sims,15,WR,away,73,right,84.03,39.71,36,33,PHI,73.64,43.99,39.23,24.46,12.154065,48.430717,50.99
2018120300,547,"(5:24) T.Way punts 59 yards to PHI 12, Center-N.Sundberg. D.Sproles to PHI 16 for 4 yards (D.Johnson; J.Chesson).",1,4,6,WAS,Punt,Return,40600,29957,NA,WAS,29,05:24:00,NA,NA,NA,7,0,NA,59,4,55,39,PHI,WAS,OK,0.78,2.02,4.2,N,C,C,L,L,NA,WAS 16,WAS 41,NA,WAS 16; WAS 41,PHI 47; PHI 55; PHI 57; PHI 75,NA,PHI 34; PHI 36,CC,2018-12-04T01:31:36.700Z,97.0,17.15,1.68,1.47,0.18,229.16,107.99,punt_received,29957,Darren Sproles,43,RB,home,72,right,95.62,17.01,16,41,WAS,83.78,23.49,77.0,12.4,14.661651,20.556326,63.83
2020101106,134,"(13:15) C.Johnston punts 51 yards to PIT 40, Center-R.Lovato. D.Johnson to PIT 46 for 6 yards (A.Singleton; R.Lovato).",1,4,18,PHI,Punt,Return,45603,47849,NA,PHI,9,13:15:00,NA,NA,NA,0,0,NA,51,6,45,101,PIT,PHI,OK,0.93,2.24,4.75,N,C,C,C,C,NA,PHI 49,PHI 45,NA,PHI 37; PHI 39,NA,NA,PIT 42; PIT 31; PIT 20; PIT 28,CC,2020-10-11T17:06:29.500Z,50.56,25.27,2.19,1.77,0.21,133.83,157.05,punt_received,47849,Diontae Johnson,18,WR,home,82,left,50.49,25.71,37,39,PHI,65.62,19.47,61.58,43.99,16.138266,21.72277,96.47
2019102703,3224,"(14:54) R.Dixon punts 37 yards to DET 16, Center-Z.DeOssie. D.Amendola to DET 20 for 4 yards (Z.DeOssie).",4,4,11,NYG,Punt,Return,43517,33566,NA,NYG,47,14:54:00,NA,NA,NA,24,19,NA,37,4,33,63,DET,NYG,OK,0.92,2.08,4.33,A,L,C,R,R,NA,NA,NYG 51,NA,NYG 30; NYG 18,DET 52; DET 95,NA,DET 38; DET 30,CC,2019-10-27T19:18:27.000Z,25.88,15.32,0.22,2.02,0.03,75.6,310.5,punt_received,33566,Danny Amendola,80,WR,home,76,left,26.35,15.48,30,18,NYG,22.39,8.25,31.37,24.14,7.8844786,10.389057,58.09
2018093008,2376,"(12:57) A.Lee punts 47 yards to SEA 14, Center-A.Brewer. T.Lockett to SEA 22 for 8 yards (E.Turner).",3,4,1,ARI,Punt,Return,29141,42412,NA,ARI,39,12:57:00,NA,NA,NA,10,7,NA,47,8,39,49,ARI,SEA,OK,0.87,2.12,3.58,N,C,C,R,R,NA,NA,ARI 47,NA,ARI 26; ARI 30,NA,SEA 33,SEA 28; SEA 23,CC,2018-09-30T21:52:46.100Z,95.97,37.56,2.45,2.77,0.25,257.92,26.43,punt_received,42412,Tyler Lockett,16,WR,away,65,right,95.44,37.41,26,30,ARI,79.15,45.74,84.39,25.45,18.703604,16.75555,59.62
2019122900,2481,"(4:57) (Punt formation) S.Koch punts 42 yards to PIT 6, Center-M.Cox. D.Johnson to PIT 19 for 13 yards (B.Trawick).",3,4,8,BAL,Punt,Return,31018,47849,NA,PIT,48,04:57:00,NA,NA,NA,16,10,NA,42,13,29,62,BAL,PIT,OK,0.92,2.24,3.81,A,C,C,L,L,NA,NA,BAL 31,NA,BAL 16; BAL 10,PIT 24; PIT 27; PIT 44,NA,PIT 31; PIT 80,CC,2019-12-29T23:24:26.000Z,103.25,17.74,1.37,3.21,0.14,270.85,217.21,punt_received,47849,Diontae Johnson,18,WR,away,74,right,102.29,17.68,16,10,BAL,93.49,20.19,102.51,16.08,10.062808,1.8174708,66.34
2020110808,286,"(12:40) A.Cole punts 45 yards to LAC 39, Center-T.Sieg. K.Hill Jr. to LAC 39 for no gain (K.Nixon).",1,4,7,LV,Punt,Return,48335,52628,NA,LV,16,12:40:00,NA,NA,NA,0,0,NA,45,0,45,26,LAC,LV,OK,0.85,2.27,4.3,N,C,C,NA,NA,NA,NA,LV 22,NA,LV 22; LV 31,NA,LAC 24; LAC 40,LAC 32; LAC 29,CC,2020-11-08T21:15:10.100Z,71.22,18.85,3.35,4.26,0.34,260.28,344.22,punt_received,52628,K.J. Hill,84,WR,home,79,right,70.87,18.65,22,31,LV,69.56,18.98,64.36,1.96,1.6650826,18.229967,69.98
2019111007,2218,"(12:45) (Punt formation) B.Kern punts 65 yards to KC 18, Center-B.Brinkley. M.Hardman to KC 23 for 5 yards (C.Milton).",3,4,6,TEN,Punt,Return,33338,47839,NA,TEN,17,12:45:00,NA,NA,NA,13,13,NA,65,5,60,93,TEN,KC,H,0.91,2.21,4.27,N,C,C,C,C,NA,NA,TEN 30,NA,TEN 30; TEN 29,NA,KC 11; KC 23; KC 49,KC 27; KC 35; KC 24,CC,2019-11-10T19:50:25.300Z,28.86,16.11,2.73,2.94,0.28,82.47,248.61,punt_received,47839,Mecole Hardman,17,WR,away,78,left,28.65,15.91,30,29,TEN,47.38,3.86,60.57,23.2,22.204794,32.492954,59.7
2018093008,362,"(9:19) A.Lee punts 47 yards to SEA 44, Center-A.Brewer. T.Lockett to SEA 38 for -6 yards (D.Bucannon).",1,4,19,ARI,Punt,Return,29141,42412,NA,ARI,9,09:19:00,NA,NA,NA,0,0,NA,47,-6,53,19,ARI,SEA,OK,0.82,2.17,4.98,N,L,L,C,C,ARI 59,NA,ARI 20,NA,ARI 26; ARI 30,SEA 59,SEA 33,SEA 37; SEA 28; SEA 36; SEA 23,CC,2018-09-30T20:17:37.200Z,66.6,44.97,0.46,3.59,0.05,268.58,169.66,punt_received,42412,Tyler Lockett,16,WR,away,81,right,66.14,45.1,26,30,ARI,59.03,50.2,46.41,28.34,9.200968,26.157084,30.77
2018120906,599,"(3:34) (Punt formation) R.Allen punts 47 yards to MIA 21, Center-J.Cardona. D.Amendola to MIA 28 for 7 yards (N.Ebner; K.Van Noy).",1,4,3,NE,Punt,Return,40437,33566,NA,NE,32,03:34:00,NA,NA,NA,7,6,NA,47,7,40,78,MIA,NE,OK,0.84,2.06,4.4,N,L,L,R,R,NA,NA,NE 43,NA,NE 18; NE 31,MIA 91,NA,MIA 29; MIA 24; MIA 28,CC,2018-12-09T18:24:20.700Z,30.71,8.32,0.58,4.44,0.08,85.45,131.36,punt_received,33566,Danny Amendola,80,WR,home,72,left,31.98,8.42,18,31,NE,49.1,2.56,38.8,11.74,19.270954,8.783195,31.59
2018120906,1872,"(1:00) (Punt formation) R.Allen punts 49 yards to MIA 23, Center-J.Cardona. D.Amendola to MIA 32 for 9 yards (C.Patterson). FUMBLES (C.Patterson), ball out of bounds at MIA 32.",2,4,2,NE,Punt,Return,40437,33566,NA,NE,28,01:00:00,NA,NA,NA,21,27,NA,49,9,40,38,MIA,NE,OK,0.87,2.17,4.38,N,L,L,R,R,NE 18,NA,NE 84,NA,NE 18; NE 84,MIA 27,NA,MIA 31; MIA 24,CC,2018-12-09T19:21:57.600Z,87.01,48.01,0.71,5.21,0.05,228.94,191.28,punt_received,33566,Danny Amendola,80,WR,home,75,right,86.77,48.27,18,84,NE,84.54,48.56,77.89,30.46,2.530494,19.778193,18.87
2020091303,2432,"(9:15) J.Charlton punts 60 yards to LV 26, Center-J.Jansen. H.Renfrow to LV 36 for 10 yards (T.Cannon). PENALTY on CAR-T.Cannon, Unsportsmanlike Conduct, 15 yards, enforced at LV 36.",3,4,20,CAR,Punt,Return,53146,47932,NA,CAR,14,09:15:00,UNS,CAR 36,-15,15,20,NA,60,10,35,96,CAR,LV,OK,0.88,2,5.14,N,C,C,C,R,NA,NA,CAR 36,NA,CAR 36; CAR 42,NA,LV 25; LV 38,LV 22; LV 31; LV 24,CC,2020-09-13T18:54:55.200Z,36.33,20.06,1.26,0.18,0.12,81.79,322.25,punt_received,47932,Hunter Renfrow,13,WR,away,81,left,37.26,19.62,36,42,CAR,58.87,5.12,45.35,21.73,27.04173,9.173293,73.62
2020091303,3247,"(9:38) A.Cole punts 51 yards to CAR 13, Center-T.Sieg. P.Cooper to CAR 23 for 10 yards (A.Ingold).",4,4,12,LV,Punt,Return,48335,43406,NA,LV,36,09:38:00,NA,NA,NA,22,27,NA,51,10,41,74,CAR,LV,OK,1.01,2.22,4.68,N,L,L,R,R,NA,NA,LV 45,NA,LV 22; LV 31,NA,CAR 29,CAR 36; CAR 38; CAR 25,CC,2020-09-13T19:30:54.100Z,23.01,4.79,2.03,2.36,0.22,103.8,226.1,punt_received,43406,Pharoh Cooper,14,WR,home,78,left,24.02,4.47,22,31,LV,32.59,2.6,37.44,13.98,9.827131,17.107922,16.77
2019122915,158,"(13:59) M.Dickson punts 54 yards to SF 15, Center-T.Ott. R.James Jr. to SF 21 for 6 yards (M.Blair).",1,4,9,SEA,Punt,Return,46218,46309,NA,SEA,31,13:59:00,NA,NA,NA,0,0,NA,54,6,48,79,SEA,SF,OK,0.85,2,4.39,N,L,C,C,C,NA,NA,SEA 27,NA,SEA 28; SEA 27,SF 53; SF 94,NA,SF 41; SF 33,CC,2019-12-30T01:26:37.700Z,25.61,32.77,2.63,1.65,0.27,95.12,335.42,punt_received,46309,Richie James,13,WR,away,76,left,26.66,32.65,28,27,SEA,41.26,15.22,42.35,30.2,23.514357,16.93613,77.49
2019092213,3665,"(4:32) J.Gillan punts 51 yards to LA 47, Center-C.Hughlett. J.Natson to LA 47 for no gain (T.Thomas).",4,4,18,CLE,Punt,Return,48139,45150,NA,CLE,2,04:32:00,NA,NA,NA,13,20,NA,51,0,51,12,CLE,LA,OK,0.83,1.97,5.38,N,L,L,NA,NA,NA,NA,CLE 20,NA,CLE 20; CLE 12,LA 20,LA 88,LA 31; LA 26,CC,2019-09-23T03:07:38.400Z,62.94,42.67,4.41,4.43,0.45,282.68,355.21,punt_received,45150,JoJo Natson,19,WR,away,83,right,62.94,42.46,20,12,CLE,61.01,41.98,56.85,32.65,2.0496342,11.725549,40.68
2021010301,116,"(13:40) J.Charlton punts 39 yards to NO 48, Center-J.Jansen. T.Lewis to CAR 42 for 10 yards (J.Stanford; C.Elder).",1,4,22,CAR,Punt,Return,53146,43948,NA,CAR,13,13:40:00,NA,NA,NA,0,0,NA,39,10,29,23,CAR,NO,OK,0.86,2.07,4.13,N,C,C,C,C,CAR 40,NA,CAR 50,NA,CAR 36; CAR 38,NO 55,NA,NO 48; NO 30; NO 34; NO 25,CC,2021-01-03T21:28:05.000Z,61.84,29.04,1.98,4.49,0.21,269.55,294.11,punt_received,43948,Tommylee Lewis,14,WR,away,73,right,61.04,29.09,36,38,CAR,53.75,25.81,57.45,7.53,8.71097,21.95341,90.84
2018100700,2473,"(7:02) B.Kern punts 61 yards to BUF 26, Center-B.Brinkley. R.McCloud to BUF 34 for 8 yards (D.Cruikshank, L.Sims).",3,4,13,TEN,Punt,Return,33338,46256,NA,TEN,13,07:02:00,NA,NA,NA,7,6,NA,61,8,53,23,BUF,TEN,OK,0.78,2.01,4.12,N,C,C,C,C,NA,NA,TEN 29,NA,TEN 36; TEN 29,BUF 50,NA,BUF 16; BUF 30; BUF 26,CC,2018-10-07T18:49:46.300Z,82.8,36.91,4.35,3.17,0.45,324.07,69.64,punt_received,46256,Ray-Ray McCloud,14,WR,home,73,right,81.87,37.42,36,29,TEN,70.75,43.67,63.98,33.51,13.81666,19.124655,59.59
2018091600,2116,"(12:57) M.Palardy punts 48 yards to ATL 42, Center-J.Jansen, fair catch by J.Hardy.",3,4,2,CAR,Punt,Fair Catch,42098,42450,NA,CAR,10,12:57:00,NA,NA,NA,17,10,NA,48,NA,48,20,ATL,CAR,OK,0.87,2.12,4.56,N,C,C,NA,NA,NA,NA,NA,NA,CAR 12; CAR 31,NA,ATL 29,ATL 17; ATL 33; ATL 35,CC,2018-09-16T18:46:56.400Z,68.47,29.44,0.8,1.33,0.09,249.73,168.53,punt_received,42450,Justin Hardy,14,WR,home,81,right,68.55,29.54,12,31,CAR,62.2,39.07,62.27,26.37,11.491292,6.9184465,89.16
2021010301,2796,"(4:35) J.Charlton punts 49 yards to NO 33, Center-J.Jansen. T.Lewis to NO 43 for 10 yards (C.Elder).",3,4,10,CAR,Punt,Return,53146,43948,NA,CAR,18,04:35:00,NA,NA,NA,7,26,NA,49,10,39,28,CAR,NO,OK,0.86,2.18,4.25,N,C,C,R,R,NA,NA,CAR 29,NA,CAR 36; CAR 38,NO 42,NO 53,NO 48; NO 30; NO 25,CC,2021-01-03T23:34:37.200Z,76.42,29.35,1.11,1.9,0.11,257.16,64.37,punt_received,43948,Tommylee Lewis,14,WR,away,75,right,75.56,29.51,36,38,CAR,39.3,32.45,63.05,18.88,37.24922,16.98169,89.27
2020092707,2623,"(7:52) B.Anger punts 43 yards to PIT 25, Center-J.Weeks. R.McCloud to PIT 37 for 12 yards (J.Weeks).",3,4,4,HOU,Punt,Return,38600,46256,NA,HOU,32,07:52:00,NA,NA,NA,20,21,NA,43,12,31,42,PIT,HOU,L,1.05,2.06,3.94,N,C,C,L,L,HOU 29; HOU 35; HOU 38,NA,HOU 46,NA,HOU 35; HOU 29,NA,PIT 38,PIT 42; PIT 31; PIT 20,CC,2020-09-27T19:03:43.000Z,85.35,36.06,2.0,5.1,0.22,304.31,355.1,punt_received,46256,Ray-Ray McCloud,14,WR,home,72,right,85.06,35.98,35,29,HOU,83.48,35.48,72.95,5.23,1.9578815,33.23024,64.99
2018100709,1469,"(2:56) C.Johnston punts 41 yards to MIN 35, Center-R.Lovato. B.Zylstra to MIN 44 for 9 yards (R.Lovato, M.Jenkins).",2,4,12,PHI,Punt,Return,45603,44123,NA,PHI,24,02:56:00,NA,NA,NA,3,10,NA,41,9,32,86,PHI,MIN,OK,0.85,2.21,3.19,N,L,L,R,R,NA,NA,PHI 45,NA,PHI 18; PHI 29,MIN 32,MIN 21,MIN 24; MIN 27; MIN 41,CC,2018-10-07T21:30:07.400Z,44.87,13.62,2.4,0.6,0.24,97.28,150.11,punt_received,44123,Brandon Zylstra,15,WR,away,64,left,45.37,13.49,18,29,PHI,65.61,1.01,49.45,42.95,24.272612,29.68544,50.62
2019091507,315,"(10:02) (Punt formation) J.Berry punts 52 yards to SEA 21, Center-K.Canaday. T.Lockett to SEA 21 for no gain (J.Holton).",1,4,3,PIT,Punt,Return,42333,42412,NA,PIT,27,10:02:00,NA,NA,NA,0,0,NA,52,0,52,83,PIT,SEA,OK,0.87,2.2,3.31,N,R,R,L,L,NA,NA,PIT 80,NA,PIT 25; PIT 80,NA,SEA 27,SEA 36; SEA 24,CFFG,2019-09-15T17:13:35.800Z,31.59,43.38,1.55,4.44,0.16,47.3,240.22,punt_received,42412,Tyler Lockett,16,WR,away,83,left,32.11,43.6,25,80,PIT,35.71,42.06,32.72,44.05,4.3262916,1.3136971,36.4
2019100606,1574,"(6:04) L.Edwards punts 49 yards to PHI 43, Center-T.Hennessy. D.Sproles to NYJ 49 for 8 yards (J.Bellamy; R.Griffin).",2,4,6,NYJ,Punt,Return,43524,29957,NA,NYJ,8,06:04:00,NA,NA,NA,14,0,NA,49,8,41,102,PHI,NYJ,OK,0.82,2.14,4.41,N,R,C,L,L,NYJ 46; NYJ 47,NA,NYJ 15,NA,NYJ 15; NYJ 25,PHI 74; PHI 94,PHI 32,PHI 39; PHI 37; PHI 36,CC,2019-10-06T18:11:35.900Z,52.97,38.21,0.98,1.22,0.11,64.54,313.3,punt_received,29957,Darren Sproles,43,RB,home,76,left,53.73,38.63,15,25,NYJ,75.89,30.1,58.3,43.44,24.312517,7.4673824,55.05
2019102005,3741,"(8:52) (Punt formation) R.Sanchez punts 47 yards to HOU 18, Center-L.Rhodes. D.Carter to HOU 21 for 3 yards (C.Geathers).",4,4,9,IND,Punt,Return,45153,42794,NA,IND,35,08:52:00,NA,NA,NA,28,16,NA,47,3,44,75,IND,HOU,OK,0.87,2.1,4.46,A,L,L,NA,NA,NA,NA,IND 26,NA,IND 30; IND 16,HOU 54,HOU 44; HOU 51,HOU 33; HOU 35; HOU 34,CC,2019-10-20T19:39:13.400Z,28.12,12.51,1.0,3.11,0.09,74.7,340.3,punt_received,42794,DeAndre Carter,14,WR,away,77,left,28.85,12.33,30,16,IND,44.82,-0.09,45.94,18.56,20.920086,18.819004,46.27
2021010301,937,"(:11) T.Morstead punts 40 yards to CAR 38, Center-Z.Wood. P.Cooper to CAR 46 for 8 yards (J.Hardee).",1,4,13,NO,Punt,Return,34615,43406,NA,NO,22,00:11:00,NA,NA,NA,7,7,NA,40,8,32,88,CAR,NO,OK,0.8,2.13,4.21,N,C,C,C,C,NA,NA,NO 34,NA,NO 48; NO 34,CAR 27; CAR 50; CAR 57,CAR 56,CAR 38; CAR 23; CAR 42; CAR 29,CC,2021-01-03T22:01:36.900Z,47.49,36.99,1.17,4.05,0.12,104.73,90.72,punt_received,43406,Pharoh Cooper,14,WR,home,75,left,47.88,37.21,48,34,NO,71.2,29.18,51.83,46.15,24.963177,10.136133,60.38
2019121600,1701,"(3:11) R.Sanchez punts 48 yards to NO 10, Center-L.Rhodes. D.Harris to NO 12 for 2 yards (A.Dulin).",2,4,15,IND,Punt,Return,45153,48415,NA,IND,42,03:11:00,NA,NA,NA,17,0,NA,48,2,46,68,NO,IND,OK,0.94,2.19,4.04,A,L,L,NA,NA,NA,NA,IND 16,NA,IND 16; IND 30,NO 96,NA,NO 48; NO 34; NO 32; NO 26,CC,2019-12-17T02:22:03.500Z,21.24,5.0,4.36,5.12,0.44,100.91,202.45,punt_received,48415,Deonte Harris,11,WR,home,72,left,20.97,5.03,16,30,IND,30.38,1.28,39.58,22.85,9.86803,25.59254,18.87
2019092203,2470,"(9:01) R.Sanchez punts 53 yards to ATL 27, Center-L.Rhodes. K.Barner to ATL 40 for 13 yards (R.Lewis). PENALTY on ATL-B.Wreh-Wilson, Illegal Blindside Block, 15 yards, enforced at ATL 37.",3,4,15,IND,Punt,Return,45153,40130,NA,IND,20,09:01:00,IBB,ATL 33,15,20,10,NA,53,10,58,30,IND,ATL,OK,0.83,2.12,4.63,N,C,C,R,R,NA,NA,NA,NA,IND 30; IND 38,ATL 83,ATL 14; ATL 27,ATL 20; ATL 33,CC,2019-09-22T18:57:32.400Z,82.86,33.07,0.18,0.94,0.01,275.53,89.49,punt_received,40130,Kenjon Barner,38,RB,away,79,right,81.47,33.44,30,38,IND,70.21,32.55,73.61,31.43,12.660684,9.3942585,74.52
2019091502,2753,"(6:36) S.Martin punts 42 yards to LAC 47, Center-D.Muhlbach. D.King to DET 45 for 8 yards (T.Wilson, C.Jones). PENALTY on LAC-U.Nwosu, Offensive Holding, 10 yards, enforced at LAC 47.",3,4,2,DET,Punt,Return,40113,44964,NA,DET,11,06:36:00,OH,LAC 42,10,6,10,NA,42,0,52,21,DET,LAC,H,0.83,2.25,3.61,N,R,C,C,C,NA,NA,NA,NA,DET 49; DET 30,LAC 49,NA,LAC 32; LAC 23; LAC 29; LAC 27,CC,2019-09-15T19:02:38.600Z,63.31,29.16,1.5,1.68,0.15,300.07,9.38,punt_received,44964,Desmond King,20,CB,away,69,right,63.28,29.1,49,30,DET,32.64,29.97,44.49,8.74,30.680695,27.769926,90.81
2020092400,1883,"(:09) L.Cooke punts 63 yards to MIA 8, Center-R.Matiscik. J.Grant pushed ob at MIA 21 for 13 yards (D.Allen). Penalty on MIA-K.Frazier, Offensive Holding, declined.",2,4,4,JAX,Punt,Return,46316,43475,NA,JAX,29,00:09:00,OH,MIA 35,0,7,21,NA,63,13,50,81,JAX,MIA,OK,0.79,2.16,4.47,N,R,R,C,L,NA,NA,JAX 53,NA,JAX 27; JAX 20,NA,MIA 35,MIA 30; MIA 33,CC,2020-09-25T01:42:30.800Z,19.49,38.84,3.34,1.58,0.34,154.12,266.38,punt_received,43475,Jakeem Grant,19,WR,away,78,left,19.75,38.57,27,20,JAX,39.94,31.54,44.56,48.67,21.713879,26.928308,55.27
2019090806,380,"(8:53) C.Johnston punts 52 yards to WAS 19, Center-R.Lovato. T.Quinn ran ob at WAS 35 for 16 yards (C.Johnston). PENALTY on WAS-T.Vallejo, Illegal Block Above the Waist, 10 yards, enforced at WAS 30.",1,4,17,PHI,Punt,Return,45603,46325,NA,PHI,29,08:53:00,IBW,WAS 50,10,0,7,NA,52,11,51,39,PHI,WAS,OK,0.85,1.99,4.73,N,C,C,L,L,NA,NA,NA,NA,PHI 29; PHI 36,WAS 50,NA,WAS 37; WAS 30; WAS 32,CC,2019-09-08T17:19:58.900Z,91.3,20.2,3.84,2.06,0.39,264.14,201.17,punt_received,46325,Trey Quinn,18,WR,away,77,right,90.11,20.17,29,36,PHI,79.39,26.93,78.73,7.9,13.679949,17.586782,75.68
2019100609,3567,"(13:35) T.Way punts 55 yards to NE 24, Center-N.Sundberg. G.Olszewski to NE 42 for 18 yards (S.Hamilton).",4,4,16,WAS,Punt,Return,40600,48988,NA,WAS,21,13:35:00,NA,NA,NA,7,26,NA,55,18,37,31,WAS,NE,OK,0.77,2.02,4.81,N,R,R,L,L,NA,WAS 22,WAS 51,NA,WAS 30; WAS 38,NE 38,NA,NE 27; NE 33; NE 31; NE 25,CC,2019-10-06T19:38:44.500Z,84.97,12.13,1.1,4.47,0.13,278.68,132.81,punt_received,48988,Gunner Olszewski,80,WR,away,79,right,84.2,12.22,30,38,WAS,45.68,28.13,44.94,-1.2,42.42292,42.19111,45.85
2019091510,2319,"(:59) A.Cole punts 36 yards to OAK 49, Center-T.Sieg. D.Thomas to OAK 39 for 10 yards (M.Lee).",2,4,22,OAK,Punt,Return,48335,41353,NA,OAK,13,00:59:00,NA,NA,NA,10,21,NA,36,10,26,23,OAK,KC,OK,0.88,2.19,3.21,N,C,C,R,R,OAK 17,NA,OAK 52,NA,OAK 17; OAK 22,NA,NA,KC 23; KC 22; KC 35; KC 24,CC,2019-09-15T21:43:06.600Z,59.2,33.01,4.69,3.81,0.46,314.58,349.35,punt_received,41353,De'Anthony Thomas,84,WR,away,68,right,59.44,33.24,17,22,OAK,54.87,34.55,50.6,5.99,4.5957046,28.355606,75.27
2018100702,2058,"(12:58) K.Huber punts 36 yards to MIA 48, Center-C.Harris. J.Grant to MIA 48 for no gain (B.Wilson).",3,4,19,CIN,Punt,Return,34593,43475,NA,CIN,16,12:58:00,NA,NA,NA,0,14,NA,36,0,36,94,CIN,MIA,OK,0.96,2.24,3.52,N,R,R,L,L,NA,NA,CIN 40,NA,CIN 40; CIN 29,MIA 75,NA,MIA 26; MIA 31; MIA 23; MIA 35,CC,2018-10-07T18:39:08.200Z,58.15,41.29,4.58,5.42,0.45,128.86,107.27,punt_received,43475,Jakeem Grant,19,WR,away,69,left,58.29,41.27,40,29,CIN,62.59,39.92,86.53,18.97,4.646558,36.105495,45.14
2020111502,987,"(14:13) T.Way punts 47 yards to DET 41, Center-N.Sundberg. D.Amendola to DET 47 for 6 yards (R.Anderson). WAS-R.Anderson was injured during the play.",2,4,5,WAS,Punt,Return,40600,33566,NA,WAS,12,14:13:00,NA,NA,NA,7,3,NA,47,6,41,98,DET,WAS,OK,0.83,2.04,4.96,N,L,L,C,C,NA,NA,WAS 52,NA,WAS 30; WAS 32,NA,DET 21,DET 38; DET 49; DET 27,CC,2020-11-15T18:40:08.100Z,51.4,11.18,0.81,1.41,0.07,43.92,323.66,punt_received,33566,Danny Amendola,80,WR,home,82,left,52.06,11.32,30,32,WAS,65.18,7.11,58.79,22.45,14.368483,13.476832,42.48
2018121602,3807,"(4:51) M.Darr punts 42 yards to DET 18, Center-R.Ferguson. T.Jones pushed ob at DET 30 for 12 yards (R.Ferguson).",4,4,8,BUF,Punt,Return,42747,41418,NA,BUF,40,04:51:00,NA,NA,NA,14,13,NA,42,12,30,70,BUF,DET,OK,0.74,1.97,4.04,N,C,L,R,R,NA,NA,BUF 69,NA,BUF 30; BUF 29,NA,NA,DET 38; DET 10; DET 31,CC,2018-12-16T20:42:01.900Z,28.93,13.4,6.18,1.56,0.63,154.47,190.79,punt_received,41418,T.J. Jones,13,WR,away,73,left,28.52,13.17,30,29,BUF,39.19,21.77,37.51,39.39,13.241015,27.369627,49.42
2019091600,409,"(8:58) L.Edwards punts 55 yards to CLE 32, Center-T.Hennessy. J.Landry to CLE 48 for 16 yards (T.Hennessy).",1,4,12,NYJ,Punt,Return,43524,41292,NA,NYJ,13,08:58:00,NA,NA,NA,0,3,NA,55,16,39,97,NYJ,CLE,OK,0.89,2.19,4.58,N,C,C,C,C,NA,NA,NYJ 42,NA,NYJ 15; NYJ 25,CLE 86; CLE 92,NA,CLE 20; CLE 18; CLE 26; CLE 38,CC,2019-09-17T00:30:07.800Z,42.53,23.32,2.85,1.23,0.29,96.83,25.39,punt_received,41292,Jarvis Landry,80,WR,away,82,left,42.89,23.08,15,25,NYJ,52.51,9.18,71.35,14.67,17.307224,30.090113,86.6
2018100708,2183,"(13:34) J.Townsend punts 50 yards to LAC 30, Center-T.Sieg. D.King to LAC 36 for 6 yards (D.Carrier). PENALTY on LAC-N.Dzubnar, Illegal Block Above the Waist, 10 yards, enforced at LAC 36.",3,4,17,OAK,Punt,Return,46242,44964,NA,OAK,20,13:34:00,IBW,LAC 48,10,17,3,NA,50,6,54,30,LAC,OAK,OK,0.87,2.05,4.71,N,L,L,C,C,NA,NA,OAK 85,NA,OAK 17; OAK 45,LAC 32,NA,LAC 36; LAC 43; LAC 23; LAC 31,CC,2018-10-07T21:46:47.100Z,79.65,41.11,1.09,3.23,0.11,274.64,296.15,punt_received,44964,Desmond King,20,CB,home,79,right,79.63,41.23,17,45,OAK,65.99,47.85,52.94,35.62,15.232307,27.268373,45.29
2020101106,2992,"(2:02) D.Colquitt punts 44 yards to PHI 19, Center-K.Canaday. G.Ward pushed ob at PHI 20 for 1 yard (J.Pierre).",3,4,5,PIT,Punt,Return,29926,45607,NA,PIT,37,02:02:00,NA,NA,NA,31,22,NA,44,1,43,47,PIT,PHI,OK,0.8,2,4.6,N,L,L,R,R,NA,NA,PIT 42,NA,PIT 42; PIT 31,NA,NA,PHI 37; PHI 42; PHI 39,CC,2020-10-11T19:25:40.200Z,90.6,47.29,6.18,2.3,0.63,310.91,0.25,punt_received,45607,Greg Ward,84,WR,away,80,right,90.59,47.4,42,31,PIT,85.34,52.14,82.6,33.27,7.1547256,16.141884,22.14
2018120600,494,"(6:13) (Punt formation) L.Cooke punts 54 yards to TEN 14, Center-M.Overton. C.Batson to TEN 19 for 5 yards (Q.Meeks; C.Davis).",1,4,17,JAX,Punt,Return,46316,46836,NA,JAX,32,06:13:00,NA,NA,NA,7,0,NA,54,5,49,42,TEN,JAX,OK,0.93,2.26,4.41,N,L,C,C,C,NA,JAX 22,JAX 43,NA,JAX 43; JAX 84,NA,TEN 15,TEN 21; TEN 26,CC,2018-12-07T01:36:55.400Z,96.13,40.6,1.14,1.93,0.1,275.93,264.7,punt_received,46836,Cameron Batson,17,WR,home,79,right,95.55,40.61,43,84,JAX,85.21,49.43,76.04,33.39,14.043337,21.344606,47.62
2018092304,3542,"(2:51) L.Cooke punts 45 yards to TEN 23, Center-C.Tinker. R.Matthews to TEN 24 for 1 yard (T.Herndon).",4,4,3,JAX,Punt,Return,46316,38757,NA,JAX,32,02:51:00,NA,NA,NA,6,9,NA,45,1,44,78,JAX,TEN,OK,0.86,2.19,4.16,N,C,C,C,C,NA,JAX 17,JAX 41,NA,JAX 17; JAX 41,NA,NA,TEN 36; TEN 21,CC,2018-09-23T19:42:06.700Z,32.56,33.19,2.64,1.59,0.27,106.96,152.02,punt_received,38757,Rishard Matthews,18,WR,away,76,left,32.65,33.03,17,41,JAX,41.13,30.22,38.84,43.23,9.070049,11.842297,76.06
2018092313,2625,"(2:12) R.Allen punts 46 yards to DET 9, Center-J.Cardona. J.Agnew ran ob at DET 25 for 16 yards (M.Slater).",3,4,10,NE,Punt,Return,40437,44978,NA,NE,45,02:12:00,NA,NA,NA,20,10,NA,46,16,30,65,DET,NE,OK,0.81,2.13,3.98,A,R,R,C,C,NA,NA,NE 18,NA,NE 18; NE 35,DET 35,NA,DET 30; DET 28; DET 23,CC,2018-09-24T02:17:37.600Z,19.58,39.5,1.73,2.56,0.18,92.35,296.27,punt_received,44978,Jamal Agnew,39,CB,home,74,left,19.83,39.54,18,35,NE,38.69,31.08,24.13,53.25,20.882732,14.483266,51.63
2019102100,3623,"(12:15) L.Edwards punts 43 yards to NE 37, Center-T.Hennessy. G.Olszewski to NYJ 41 for 22 yards (R.Miles; L.Edwards).",4,4,15,NYJ,Punt,Return,43524,48988,NA,NYJ,20,12:15:00,NA,NA,NA,0,33,NA,43,22,21,30,NYJ,NE,OK,0.82,2.09,4.13,N,C,C,C,C,NYJ 15,NA,NYJ 45,NA,NYJ 15; NYJ 41,NA,NA,NE 27; NE 33; NE 31; NE 25,CC,2019-10-22T02:51:39.900Z,73.14,26.74,2.63,0.93,0.26,276.21,310.97,punt_received,48988,Gunner Olszewski,80,WR,away,73,right,72.32,26.55,15,41,NYJ,50.6,27.9,55.99,2.55,22.56983,29.652632,99.62
2018112507,1082,"(14:24) B.Anger punts 42 yards to SF 15, Center-G.Sanborn. R.James to SF 21 for 6 yards (J.Shaw).",2,4,9,TB,Punt,Return,38600,46309,NA,TB,43,14:24:00,NA,NA,NA,7,0,NA,42,6,36,67,TB,SF,OK,0.87,2.07,3.64,N,C,C,C,C,NA,NA,TB 30,NA,TB 30; TB 29,SF 36; SF 43,NA,SF 33; SF 23; SF 38,CC,2018-11-25T18:45:27.900Z,25.34,21.83,4.64,2.23,0.47,92.48,157.32,punt_received,46309,Richie James,13,WR,away,72,left,25.17,21.21,30,29,TB,33.77,15.83,31.02,27.98,10.347217,8.371673,79.59
2018111109,453,"(6:35) D.Jones punts 47 yards to OAK 47, Center-M.Windt. D.Harris to LAC 49 for 4 yards (A.Phillips). PENALTY on OAK-K.Smith, Illegal Block Above the Waist, 10 yards, enforced at LAC 49.",1,4,5,LAC,Punt,Return,29177,37251,NA,LAC,6,06:35:00,IBW,OAK 41,10,0,0,NA,47,4,53,104,OAK,LAC,OK,0.72,2.07,4.75,N,C,C,L,L,NA,NA,LAC 57,NA,LAC 43; LAC 30,NA,OAK 27,OAK 23; OAK 20; OAK 25,CC,2018-11-11T21:23:11.800Z,57.28,39.23,1.87,1.61,0.19,85.5,325.72,punt_received,37251,Dwayne Harris,17,WR,home,81,left,57.95,39.35,43,30,LAC,71.52,15.08,90.92,51.09,28.035694,35.669445,52.35
2020122006,3262,"(8:10) A.Rosas to JAX 10 for -14 yards. FUMBLES, and recovers at JAX 2. A.Rosas punts 32 yards to BAL 44. J.Proche to BAL 47 for 3 yards (D.Middleton). PENALTY on JAX-A.Wingard, Ineligible Downfield Kick, 5 yards, enforced at BAL 47.",4,4,11,JAX,Punt,Return,43937,52609,NA,JAX,24,08:10:00,IDK,JAX 42,-5,40,7,NA,32,3,24,34,BAL,JAX,H,0.91,4.92,3.25,N,R,R,NA,NA,NA,NA,JAX 39,NA,JAX 39; JAX 40,BAL 40; BAL 43; BAL 45; BAL 58,NA,BAL 13; BAL 47,CFFG,2020-12-20T20:35:30.500Z,66.01,7.16,7.66,4.87,0.76,223.7,186.22,punt_received,52609,James Proche,11,WR,home,105,right,65.64,6.84,39,40,JAX,61.51,6.91,64.96,10.53,4.506939,3.5297875,25.67
2020112601,3413,"(9:33) H.Niswander punts 52 yards to WAS 14, Center-L.Ladouceur. S.Sims to WAS 24 for 10 yards (S.Parker).",4,4,11,DAL,Punt,Return,50975,48051,NA,DAL,34,09:33:00,NA,NA,NA,16,27,NA,52,10,42,76,DAL,WAS,OK,0.87,2.37,4.46,N,C,C,C,C,NA,NA,DAL 40,NA,DAL 11; DAL 29,NA,WAS 46,WAS 32; WAS 20,CC,2020-11-27T00:23:34.800Z,24.0,29.89,2.01,1.19,0.2,103.18,307.74,punt_received,48051,Steven Sims,15,WR,away,78,left,24.35,30.33,11,29,DAL,32.91,25.78,34.92,33.02,9.812247,11.359723,86.19
2020112907,2303,"(14:08) M.Haack punts 43 yards to NYJ 38, Center-B.Ferguson. B.Berrios to NYJ 38 for no gain (J.Perry).",3,4,16,MIA,Punt,Return,45296,46279,NA,MIA,19,14:08:00,NA,NA,NA,3,13,NA,43,0,43,29,NYJ,MIA,OK,0.92,2.38,4.41,N,C,C,NA,NA,NA,NA,NA,NA,MIA 23; MIA 33,NA,NA,NYJ 27; NYJ 40; NYJ 38; NYJ 41,CFFG,2020-11-29T19:46:37.700Z,72.23,26.18,1.05,1.4,0.11,269.03,179.67,punt_received,46279,Braxton Berrios,10,WR,home,91,right,71.83,26.07,23,33,MIA,58.33,42.95,71.24,26.5,21.78171,1.0404326,97.82
2020122708,2265,"(8:30) S.Hofrichter punts 43 yards to KC 10, Center-J.Harris. M.Hardman to KC 21 for 11 yards (E.Robinson).",3,4,15,ATL,Punt,Return,52636,47839,NA,ATL,47,08:30:00,NA,NA,NA,7,7,NA,43,11,32,57,KC,ATL,OK,0.91,2.11,4.62,N,R,R,L,C,NA,ATL 59,ATL 46,NA,ATL 23; ATL 44,NA,NA,KC 23; KC 27; KC 35; KC 20,CC,2020-12-27T19:40:39.800Z,98.91,13.66,2.54,3.64,0.23,269.34,234.54,punt_received,47839,Mecole Hardman,17,WR,home,82,right,98.66,13.52,23,44,ATL,90.75,16.86,96.67,7.37,8.765021,6.676953,50.73
2019102700,610,"(5:22) M.Dickson punts 55 yards to ATL 7, Center-T.Ott. K.Barner to ATL 10 for 3 yards (N.Bellore).",1,4,11,SEA,Punt,Return,46218,40130,NA,SEA,38,05:22:00,NA,NA,NA,0,3,NA,55,3,52,48,ATL,SEA,OK,0.84,2.12,5.17,A,L,L,R,R,NA,NA,SEA 44,NA,SEA 28; SEA 23,NA,ATL 14,ATL 26; ATL 28; ATL 13,CC,2019-10-27T17:28:09.200Z,102.67,40.32,1.54,1.37,0.15,254.64,126.84,punt_received,40130,Kenjon Barner,38,RB,home,82,right,101.76,40.19,28,23,SEA,90.61,45.68,90.71,34.16,13.19747,13.453148,49.19
2020112906,2706,"(2:10) A.Lee punts 46 yards to NE 35, Center-A.Brewer. G.Olszewski to NE 44 for 9 yards (D.Foster; I.Simmons).",3,4,16,ARI,Punt,Return,29141,48988,NA,ARI,19,02:10:00,NA,NA,NA,17,10,NA,46,9,37,91,NE,ARI,OK,0.97,2.15,4.7,N,R,R,C,C,NA,ARI 48,ARI 37,NA,ARI 39; ARI 17,NA,NA,NE 31; NE 25; NE 29; NE 30,CC,2020-11-29T20:13:49.100Z,44.86,44.44,0.42,4.9,0.06,95.59,48.68,punt_received,48988,Gunner Olszewski,80,WR,home,81,left,45.64,44.04,39,17,ARI,67.13,34.57,51.49,47.16,24.359182,7.166261,34.75
2018091608,541,"(5:09) R.Sanchez punts 54 yards to WAS 32, Center-L.Rhodes. G.Stroman to WAS 38 for 6 yards (Z.Franklin, N.Goode).",1,4,6,IND,Punt,Return,45153,46310,NA,IND,14,05:09:00,NA,NA,NA,0,7,NA,54,6,48,96,WAS,IND,OK,0.86,2.14,4.51,N,R,R,L,L,NA,IND 52,IND 44,NA,IND 16; IND 30,WAS 16,WAS 48,WAS 41; WAS 31; WAS 22,CC,2018-09-16T17:23:12.100Z,42.74,49.75,2.84,1.02,0.29,103.01,341.15,punt_received,46310,Greg Stroman,37,DB,home,78,left,43.58,49.66,16,30,IND,53.34,23.29,57.19,51.57,28.504238,14.564165,13.66
2018122304,966,"(14:56) M.Palardy punts 56 yards to ATL 29, Center-J.Jansen. J.Hardy to ATL 38 for 9 yards (B.Jacobs).",2,4,6,CAR,Punt,Return,42098,42450,NA,CAR,15,14:56:00,NA,NA,NA,7,7,NA,56,9,47,25,CAR,ATL,OK,0.95,2.16,4.13,N,R,C,C,C,NA,NA,CAR 53,NA,CAR 35; CAR 23,NA,ATL 34,ATL 20; ATL 83; ATL 41,CC,2018-12-23T18:36:26.200Z,80.33,15.24,2.49,1.53,0.25,284.04,79.11,punt_received,42450,Justin Hardy,14,WR,away,75,right,78.35,15.48,35,23,CAR,45.01,27.56,42.4,9.27,37.407017,38.39695,58.09
2019122906,1207,"(8:48) B.Anger punts 58 yards to TEN 9, Center-J.Weeks. R.Davis to TEN 19 for 10 yards (A.Moore; T.Jones). Punt Hangtime: 4.72s",2,4,2,HOU,Punt,Return,38600,45858,NA,HOU,33,08:48:00,NA,NA,NA,7,14,NA,58,10,48,77,HOU,TEN,OK,0.79,2.14,4.65,N,R,R,L,L,NA,HOU 34,HOU 33,NA,HOU 33; HOU 34,TEN 98,NA,TEN 36; TEN 23,CC,2019-12-29T22:13:54.300Z,19.89,39.81,3.98,1.35,0.39,47.8,328.45,punt_received,45858,Rashard Davis,12,WR,away,81,left,19.74,39.9,33,34,HOU,38.37,41.2,28.57,39.94,18.532202,8.680973,50.28
2020122008,212,"(11:18) B.Colquitt punts 43 yards to CHI 41, Center-A.DePaola. A.Miller pushed ob at CHI 42 for 1 yard (H.Hand).",1,4,6,MIN,Punt,Return,34723,46120,NA,MIN,16,11:18:00,NA,NA,NA,0,0,NA,43,1,42,26,MIN,CHI,OK,0.7,1.95,3.81,N,L,L,NA,NA,NA,NA,MIN 38,NA,MIN 85; MIN 38,CHI 27,CHI 36,CHI 47; CHI 22,CFFG,2020-12-20T18:07:50.400Z,68.72,49.0,2.9,2.28,0.28,300.87,356.26,punt_received,46120,Anthony Miller,17,WR,away,89,right,68.24,49.32,85,38,MIN,64.33,48.68,67.19,46.45,4.4016476,2.9737854,14.93
2020100410,918,"(13:35) J.Hekker punts 61 yards to NYG 20, Center-J.McQuaide. G.Tate to NYG 35 for 15 yards (N.Webster).",2,4,16,LA,Punt,Return,38815,35499,NA,LA,19,13:35:00,NA,NA,NA,7,3,NA,61,15,46,91,LA,NYG,OK,0.77,2.14,4.58,N,C,C,C,C,NA,NA,LA 14,NA,LA 14; LA 25,NYG 25; NYG 39; NYG 43; NYG 48; NYG 51,NA,NYG 27; NYG 24,CC,2020-10-04T20:41:19.800Z,29.6,25.13,0.52,1.36,0.05,92.51,59.24,punt_received,35499,Golden Tate,15,WR,away,80,left,29.87,24.96,14,25,LA,39.56,7.94,47.91,22.54,19.867,18.492273,93.66
2018102100,2261,"(4:07) (Punt formation) B.Kern punts 54 yards to LAC 22, Center-B.Brinkley. D.King to LAC 34 for 12 yards (H.Landry).",3,4,5,TEN,Punt,Return,33338,44964,NA,TEN,24,04:07:00,NA,NA,NA,17,13,NA,54,12,42,86,LAC,TEN,OK,0.76,2.01,4.14,N,L,L,R,R,TEN 88,NA,TEN 58,NA,TEN 36; TEN 29,NA,LAC 32,LAC 33; LAC 36; LAC 43; LAC 31,CC,2018-10-21T15:29:46.500Z,32.12,10.37,3.62,3.25,0.38,115.06,210.58,punt_received,44964,Desmond King,20,CB,home,75,left,32.65,9.71,36,29,TEN,48.16,1.84,50.88,30.45,18.167072,27.479883,36.44
2019091512,3034,"(3:49) T.Morstead punts 45 yards to LA 42, Center-Z.Wood. J.Natson to NO 26 for 32 yards (J.Gray).",3,4,22,NO,Punt,Return,34615,45150,NA,NO,13,03:49:00,NA,NA,NA,13,6,NA,45,32,13,23,LA,NO,OK,0.77,2.11,4.22,N,C,C,R,R,NA,NO 55,NO 48,NA,NO 48; NO 34,LA 58,LA 24; LA 83,LA 88; LA 26; LA 20,CC,2019-09-15T22:38:49.300Z,67.66,37.2,6.79,1.16,0.68,297.02,346.9,punt_received,45150,JoJo Natson,19,WR,home,75,right,66.99,37.31,48,34,NO,57.9,30.37,42.52,12.13,11.912452,35.503864,60.0
2020092000,845,"(:59) P.O'Donnell punts 50 yards to NYG 12, Center-P.Scales. J.Peppers pushed ob at NYG 23 for 11 yards (C.Patterson).",1,4,6,CHI,Punt,Return,41420,44837,NA,CHI,38,00:59:00,NA,NA,NA,10,0,NA,50,11,39,48,CHI,NYG,OK,0.9,2.19,4.33,A,L,L,R,R,NA,CHI 84,CHI 36,NA,CHI 84; CHI 27,NYG 39; NYG 47; NYG 48,NA,NYG 25; NYG 20; NYG 28,CC,2020-09-20T17:32:25.500Z,97.32,43.28,1.75,4.53,0.19,273.52,315.95,punt_received,44837,Jabrill Peppers,21,FS,away,72,right,97.32,43.62,84,27,CHI,66.61,46.59,81.14,30.86,30.887865,20.397274,36.32
2018100708,375,"(8:01) J.Townsend punts 51 yards to LAC 13, Center-T.Sieg. D.King to LAC 21 for 8 yards (D.Harris).",1,4,10,OAK,Punt,Return,46242,44964,NA,OAK,36,08:01:00,NA,NA,NA,3,0,NA,51,8,43,74,LAC,OAK,OK,0.93,2.17,4.57,N,R,R,L,L,NA,OAK 85,OAK 17,NA,OAK 17; OAK 45,LAC 23; LAC 30; LAC 42; LAC 48; LAC 56; LAC 57,NA,LAC 36; LAC 43; LAC 31,CC,2018-10-07T20:18:47.200Z,25.54,44.22,4.79,1.76,0.48,43.67,326.02,punt_received,44964,Desmond King,20,CB,home,79,left,25.78,44.62,17,45,OAK,37.42,37.78,44.82,42.49,13.513253,19.357462,32.57
2020102600,593,"(6:47) P.O'Donnell punts 55 yards to LA 33, Center-P.Scales. N.Webster to LA 48 for 15 yards (J.Iyiegbuniwe; J.Holtz).",1,4,5,CHI,Punt,Return,41420,48784,NA,CHI,12,06:47:00,NA,NA,NA,0,0,NA,55,15,40,22,LA,CHI,OK,0.89,2.16,4.44,A,L,L,R,R,CHI 50,CHI 81,CHI 45,NA,CHI 84; CHI 83,NA,NA,LA 31; LA 25,CC,2020-10-27T00:35:47.000Z,77.01,45.64,2.95,1.76,0.3,310.44,6.63,punt_received,48784,Nsimba Webster,14,WR,home,77,right,76.14,46.25,84,83,CHI,70.72,41.59,65.89,38.23,7.481083,13.362728,26.45
2019091200,2356,"(11:31) B.Pinion punts 47 yards to CAR 48, Center-Z.Triner. R.McCloud to 50 for 2 yards (A.Auclair). TB-J.Dean was injured during the play. He is Out.  PENALTY on CAR-R.Cockrell, Offensive Holding, 10 yards, enforced at CAR 48.",3,4,13,TB,Punt,Return,42508,46256,NA,TB,5,11:31:00,OH,CAR 47,10,9,10,NA,47,0,57,105,CAR,TB,OK,0.85,2.06,4.35,N,C,C,NA,NA,TB 59,NA,NA,NA,TB 35; TB 26,CAR 53; CAR 57,CAR 42,CAR 30; CAR 23; CAR 47,CFFG,2019-09-13T02:37:08.300Z,57.83,31.77,3.92,2.15,0.39,139.69,164.25,punt_received,46256,Ray-Ray McCloud,14,WR,home,88,left,58.97,31.27,35,26,TB,82.17,28.11,61.41,40.5,24.613638,9.435534,82.66
2018093007,3513,"(1:54) (Punt formation) B.Kern punts 54 yards to PHI 19, Center-B.Brinkley. D.Carter to TEN 39 for 42 yards (B.Kern).",4,4,3,TEN,Punt,Return,33338,42794,NA,TEN,27,01:54:00,NA,NA,NA,20,17,NA,54,42,12,37,TEN,PHI,OK,0.75,1.97,4.18,N,R,R,L,L,NA,NA,TEN 06,NA,TEN 36; TEN 29,NA,NA,PHI 29; PHI 22; PHI 36,CC,2018-09-30T19:55:12.600Z,89.71,8.77,1.75,1.84,0.18,302.19,112.72,punt_received,42794,DeAndre Carter,16,WR,away,72,right,88.54,9.46,36,29,TEN,64.37,22.79,78.84,3.66,28.959904,12.011203,35.5
2020110105,2711,"(5:44) B.Mann punts 60 yards to KC 17, Center-T.Hennessy. M.Hardman ran ob at KC 17 for no gain.",3,4,1,NYJ,Punt,Return,52599,47839,NA,NYJ,23,05:44:00,NA,NA,NA,21,9,NA,60,0,60,87,KC,NYJ,OK,0.88,2.17,4.43,N,R,R,L,L,NA,NA,NA,NA,NYJ 23; NYJ 17,NA,NA,KC 29; KC 20; KC 11,CC,2020-11-01T20:06:02.200Z,28.29,52.35,7.01,2.33,0.71,5.56,335.81,punt_received,47839,Mecole Hardman,17,WR,home,78,left,27.87,52.48,23,17,NYJ,49.34,26.35,39.94,48.43,33.452988,12.291822,3.08
2019100611,1263,"(11:22) (Punt formation) J.Scott punts 57 yards to DAL 21, Center-H.Bradley. T.Austin to DAL 31 for 10 yards (A.Lazard).",2,4,16,GB,Punt,Return,46241,39954,NA,GB,22,11:22:00,NA,NA,NA,0,14,NA,57,10,47,88,DAL,GB,OK,1,2.21,5.07,N,R,R,C,C,NA,GB 37,GB 13,NA,GB 25; GB 37,NA,NA,DAL 27; DAL 30; DAL 31; DAL 29,CC,2019-10-06T21:16:23.400Z,31.91,41.18,2.87,0.3,0.29,127.73,273.34,punt_received,39954,Tavon Austin,10,WR,home,80,left,33.66,40.03,25,37,GB,46.93,39.36,50.87,40.71,15.129865,18.965824,49.79
2019110310,546,"(4:28) J.Scott punts 42 yards to LAC 40, Center-H.Bradley. D.King to LAC 41 for 1 yard (W.Redmond; D.Vitale).",1,4,17,GB,Punt,Return,46241,44964,NA,GB,18,04:28:00,NA,NA,NA,3,0,NA,42,1,41,92,LAC,GB,OK,0.84,2.13,4.13,N,C,C,C,C,GB 45,GB 45,GB 25,NA,GB 25; GB 28,NA,NA,LAC 89; LAC 28; LAC 23; LAC 27,CC,2019-11-03T21:44:09.800Z,50.6,39.13,2.98,2.28,0.29,131.12,207.4,punt_received,44964,Desmond King,20,CB,home,76,left,50.75,38.73,25,28,GB,63.53,35.51,63.17,48.95,13.427185,15.951091,54.67
2019101308,128,"(13:02) M.Wishnowsky punts 51 yards to LA 36, Center-G.Sanborn. J.Natson to SF 37 for 27 yards (D.Greenlaw). San Francisco challenged the runner was inbounds ruling, and the play was REVERSED. M.Wishnowsky punts 51 yards to LA 36, Center-G.Sanborn. J.Natson ran ob at LA 44 for 8 yards (M.Nzeocha).",1,4,14,SF,Punt,Return,47893,45150,NA,SF,13,13:02:00,NA,NA,NA,0,0,NA,51,8,43,23,LA,SF,OK,0.83,2.21,4.59,N,R,R,L,L,SF 31,NA,SF 53,NA,SF 33; SF 31,LA 45; LA 48,NA,LA 31; LA 26; LA 20,CC,2019-10-13T20:09:06.100Z,73.67,6.61,3.48,1.35,0.36,215.08,159.97,punt_received,45150,JoJo Natson,19,WR,home,80,right,73.34,6.53,33,31,SF,63.58,11.57,70.28,5.46,11.243207,3.5797486,24.5
2018100710,1778,"(3:55) A.Lee punts 51 yards to SF 36, Center-A.Brewer. T.Taylor to SF 36 for no gain (R.Ford).",2,4,3,ARI,Punt,Return,29141,44990,NA,ARI,13,03:55:00,NA,NA,NA,6,14,NA,51,0,51,97,SF,ARI,OK,0.92,2.16,4.86,N,C,C,NA,NA,NA,NA,ARI 30,NA,ARI 26; ARI 30,NA,NA,SF 33; SF 32; SF 38,CC,2018-10-07T21:42:32.600Z,45.39,38.56,1.88,2.11,0.17,118.29,114.87,punt_received,44990,Trent Taylor,81,WR,home,82,left,45.11,38.9,26,30,ARI,65.84,36.79,46.66,39.35,20.526457,1.4956604,54.03
2018120206,749,"(2:59) (Punt formation) M.Darr punts 47 yards to MIA 10, Center-R.Ferguson. K.Stills MUFFS catch, touched at MIA 10, and recovers at MIA 13. K.Stills to MIA 13 for no gain (L.Pitts).",1,4,16,BUF,Punt,Muffed,42747,40092,NA,BUF,43,02:59:00,NA,NA,NA,7,0,NA,47,0,44,67,MIA,BUF,OK,0.92,2.17,4.21,N,C,L,NA,NA,NA,NA,NA,NA,BUF 30; BUF 29,MIA 27; MIA 34; MIA 35; MIA 38; MIA 44; MIA 45; MIA 90,NA,MIA 31; MIA 24,MBDR,2018-12-02T18:31:59.200Z,20.51,13.31,2.8,4.18,0.3,102.27,195.81,punt_received,40092,Kenny Stills,10,WR,home,74,left,20.89,12.8,30,29,BUF,32.96,16.65,32.65,34.79,12.890233,24.673265,48.03
2020091401,3741,"(4:16) B.Kern punts 47 yards to DEN 49, Center-B.Brinkley. D.Spencer pushed ob at TEN 44 for 7 yards (S.Perry).",4,4,10,TEN,Punt,Return,33338,42051,NA,TEN,4,04:16:00,NA,NA,NA,14,13,NA,47,7,40,14,DEN,TEN,OK,0.76,2.06,3.53,N,C,C,L,L,TEN 30,NA,TEN 20,NA,TEN 46; TEN 35; TEN 30,NA,NA,DEN 20; DEN 34; DEN 27,CC,2020-09-15T05:04:40.500Z,60.59,18.27,0.65,3.68,0.07,267.84,279.63,punt_received,42051,Diontae Spencer,11,WR,home,69,right,59.31,18.14,46,35,TEN,35.24,21.97,46.67,19.65,25.618597,13.988238,68.07
2019112100,622,"(3:24) R.Sanchez punts 48 yards to HOU 33, Center-L.Rhodes. D.Carter pushed ob at HOU 46 for 13 yards (C.Geathers). Punt Hangtime - 4.47s",1,4,2,IND,Punt,Return,45153,42794,NA,IND,19,03:24:00,NA,NA,NA,0,0,NA,48,13,35,91,HOU,IND,OK,0.88,2.23,4.42,N,R,R,L,L,IND 16,NA,IND 26,NA,IND 30; IND 16,NA,HOU 33; HOU 51,HOU 30; HOU 35; HOU 34,CC,2019-11-22T01:45:59.100Z,42.58,43.58,1.39,1.0,0.13,102.92,359.91,punt_received,42794,DeAndre Carter,14,WR,home,79,left,42.05,43.23,30,16,IND,57.29,30.11,49.45,46.54,19.94555,7.480541,37.79
2020121700,826,"(13:36) T.Long punts 37 yards to LV 14, Center-C.Mazza, fair catch by H.Renfrow.",2,4,4,LAC,Punt,Fair Catch,42663,47932,NA,LAC,49,13:36:00,NA,NA,NA,3,7,NA,37,NA,37,59,LV,LAC,OK,0.89,2.17,4.49,A,L,L,NA,NA,NA,NA,NA,NA,LAC 83; LAC 28,NA,LV 25; LV 32,LV 21; LV 31,CC,2020-12-18T01:54:23.100Z,96.47,43.91,1.02,3.64,0.12,280.67,291.76,punt_received,47932,Hunter Renfrow,13,WR,home,75,right,95.52,44.23,83,28,LAC,95.57,44.88,90.17,24.68,1.3232157,20.235683,34.03
2018111809,145,"(13:33) C.Johnston punts 43 yards to NO 33, Center-R.Lovato. T.Hill to NO 42 for 9 yards (D.Alexander). PENALTY on NO-V.Biegel, Offensive Holding, 10 yards, enforced at NO 33.",1,4,1,PHI,Punt,Return,45603,45244,NA,PHI,24,13:33:00,OH,NO 59,10,0,0,NA,43,0,53,34,NO,PHI,OK,0.84,2.09,3.31,N,C,C,NA,NA,NA,NA,NA,NA,PHI 18; PHI 39,NO 27,NO 07,NO 34; NO 32,BC,2018-11-18T21:29:17.600Z,77.25,36.58,3.29,3.78,0.33,283.56,303.33,punt_received,45244,Taysom Hill,7,QB,home,64,right,77.04,36.86,18,39,PHI,67.37,47.36,62.29,21.36,14.622681,21.341274,61.69
2020100409,2548,"(6:43) T.Way punts 41 yards to BAL 20, Center-N.Sundberg. J.Proche to BAL 33 for 13 yards (J.Norris).",3,4,6,WAS,Punt,Return,40600,52609,NA,WAS,39,06:43:00,NA,NA,NA,10,28,NA,41,13,28,49,WAS,BAL,OK,0.77,1.98,3.64,N,C,C,C,C,NA,NA,WAS 50,NA,WAS 89; WAS 25,NA,NA,BAL 23; BAL 31; BAL 41,CFFG,2020-10-04T18:54:23.500Z,90.45,26.48,2.9,3.08,0.27,307.77,338.3,punt_received,52609,James Proche,11,WR,away,78,right,90.15,26.33,89,25,WAS,71.55,36.14,87.65,21.75,21.225588,5.4966264,98.8
2020122010,530,"(6:19) T.Way punts 54 yards to SEA 17, Center-N.Sundberg. D.Reed to SEA 20 for 3 yards (K.Hudson).",1,4,17,WAS,Punt,Return,40600,46211,NA,WAS,29,06:19:00,NA,NA,NA,0,3,NA,54,3,51,39,WAS,SEA,OK,0.79,1.98,4.62,N,C,C,NA,NA,NA,NA,WAS 47,NA,WAS 19; WAS 32,SEA 18; SEA 99,NA,SEA 39; SEA 34,CC,2020-12-20T18:18:56.300Z,91.95,15.62,3.27,1.58,0.33,262.14,152.39,punt_received,46211,D.J. Reed,29,FS,away,77,right,91.36,15.61,19,32,WAS,77.51,29.35,85.71,14.24,19.925524,6.3907747,58.57
2019122214,2233,"(12:14) (Punt formation) D.Colquitt punts 50 yards to CHI 5, Center-J.Winchester. T.Cohen pushed ob at CHI 13 for 8 yards (A.Watts).",3,4,5,KC,Punt,Return,29926,44932,NA,KC,45,12:14:00,NA,NA,NA,0,17,NA,50,8,42,55,CHI,KC,OK,0.85,2.08,4.58,A,R,R,L,L,NA,NA,KC 23,NA,KC 30; KC 13,NA,CHI 36,CHI 33; CHI 22; CHI 24,CC,2019-12-23T02:57:34.900Z,105.16,11.26,0.66,2.32,0.08,272.82,157.24,punt_received,44932,Tarik Cohen,29,RB,home,75,right,104.43,11.5,30,13,KC,81.82,40.78,87.31,0.06,37.632248,21.07279,43.15
2019091502,125,"(14:00) T.Long punts 55 yards to DET 16, Center-C.Mazza. J.Agnew to DET 21 for 5 yards (I.Rochell; A.Phillips).",1,4,7,LAC,Punt,Return,42663,44978,NA,LAC,29,14:00:00,NA,NA,NA,0,0,NA,55,5,50,81,DET,LAC,OK,0.91,2.24,4.2,N,C,C,C,C,NA,LAC 31,LAC 98,NA,LAC 32; LAC 27,DET 15,DET 49,DET 38; DET 30; DET 27,CC,2019-09-15T17:05:18.600Z,26.55,16.06,2.66,3.3,0.27,85.32,303.27,punt_received,44978,Jamal Agnew,39,CB,home,77,left,27.74,16.13,32,27,LAC,43.71,9.48,47.74,45.15,18.378302,35.989502,60.53
2020112201,1489,"(4:29) J.Charlton punts 53 yards to DET 23, Center-J.Jansen. J.Agnew to DET 35 for 12 yards (J.Jansen; J.Carter).",2,4,7,CAR,Punt,Return,53146,44978,NA,CAR,24,04:29:00,NA,NA,NA,7,0,NA,53,12,41,86,CAR,DET,OK,0.88,2.05,5.15,N,C,C,C,C,NA,CAR 44,CAR 56,NA,CAR 36; CAR 38,NA,DET 21; DET 49,DET 38; DET 27,CC,2020-11-22T19:06:18.700Z,33.76,27.47,3.25,2.65,0.33,341,316.52,punt_received,44978,Jamal Agnew,39,WR,away,85,left,34.2,27.55,36,38,CAR,41.91,24.77,41.57,27.66,8.585598,7.8123107,96.62
2019092900,147,"(13:13) B.Kern punts 50 yards to ATL 15, Center-B.Brinkley. M.Sanu to ATL 17 for 2 yards (C.Milton).",1,4,14,TEN,Punt,Return,33338,38613,NA,TEN,35,13:13:00,NA,NA,NA,0,0,NA,50,2,48,45,ATL,TEN,OK,0.77,2.06,4.76,N,R,R,NA,NA,NA,NA,TEN 30,NA,TEN 30; TEN 29,ATL 23,ATL 41,ATL 83; ATL 20; ATL 14,CC,2019-09-29T17:06:00.900Z,94.8,10.04,2.61,3.37,0.28,247.94,160.29,punt_received,38613,Mohamed Sanu,12,WR,home,80,right,93.37,9.98,30,29,TEN,90.08,15.06,77.64,3.64,6.8904862,18.314629,37.45
2018122201,3686,"(3:12) S.Koch punts 57 yards to LAC 37, Center-M.Cox. D.King to BAL 39 for 24 yards (C.Moore, T.Bowser).",4,4,6,BAL,Punt,Return,31018,44964,NA,BAL,6,03:12:00,NA,NA,NA,10,16,NA,57,24,33,16,LAC,BAL,OK,0.88,2.21,3.9,N,C,C,C,C,NA,NA,BAL 10,NA,BAL 26; BAL 10,NA,NA,LAC 36; LAC 43; LAC 29,CC,2018-12-23T04:03:02.300Z,72.25,26.23,0.89,2.21,0.09,281.03,105.37,punt_received,44964,Desmond King,20,CB,home,74,right,71.98,26.47,26,10,BAL,47.26,23.55,50.8,3.77,25.133295,31.057272,99.32
2018091700,735,"(3:30) M.Dickson punts 54 yards to CHI 7, Center-T.Ott. T.Cohen to CHI 39 for 32 yards (J.Coleman).",1,4,6,SEA,Punt,Return,46218,44932,NA,SEA,39,03:30:00,NA,NA,NA,7,0,NA,54,32,22,49,CHI,SEA,OK,0.84,2.06,4.76,N,R,R,L,L,SEA 23; SEA 27,NA,SEA 28,NA,SEA 28; SEA 23,CHI 26,CHI 30,CHI 23; CHI 20; CHI 27,CC,2018-09-18T00:40:10.000Z,102.91,13.49,0.68,2.7,0.08,278.63,40.06,punt_received,44932,Tarik Cohen,29,RB,home,77,right,102.07,13.92,28,23,SEA,90.38,23.74,80.15,1.15,16.188372,25.89002,52.23
2018091300,304,"(12:37) K.Huber punts 55 yards to BAL 20, Center-C.Harris. J.Grant to BAL 22 for 2 yards (T.McRae; C.Fejedelem). FUMBLES (T.McRae), recovered by BAL-T.Young at BAL 18. T.Young to BAL 18 for no gain (V.Rey).",1,4,16,CIN,Punt,Return,34593,46532,NA,CIN,25,12:37:00,NA,NA,NA,0,0,NA,55,-2,57,85,CIN,BAL,OK,0.87,2.1,5.06,N,C,C,C,C,NA,CIN 42,CIN 29,NA,CIN 40; CIN 29,NA,NA,BAL 28; BAL 36; BAL 25,CC,2018-09-14T00:29:19.700Z,29.6,17.52,1.93,0.64,0.2,96.76,236.31,punt_received,46532,Janarion Grant,84,WR,away,82,left,31.3,17.51,40,29,CIN,56.18,4.94,40.65,22.87,29.40668,12.277011,65.7
2018102110,1029,"(11:53) T.Way punts 41 yards to DAL 11, Center-N.Sundberg. C.Beasley to DAL 16 for 5 yards (Z.Vigil).",2,4,13,WAS,Punt,Return,40600,38947,NA,WAS,48,11:53:00,NA,NA,NA,7,0,NA,41,5,36,58,WAS,DAL,OK,0.74,1.98,3.98,N,R,R,C,C,WAS 16,NA,WAS 52,NA,WAS 16; WAS 48,DAL 27; DAL 45; DAL 53; DAL 57; DAL 80; DAL 92; DAL 95,DAL 38,DAL 31; DAL 29,CC,2018-10-21T21:09:03.000Z,99.71,12.64,1.46,6.79,0.13,282.5,62.98,punt_received,38947,Cole Beasley,11,WR,away,74,right,99.62,13.01,16,48,WAS,93.76,16.45,95.03,11.27,7.0653095,4.8764024,48.82
2019120810,2021,"(13:39) J.Berry punts 69 yards to ARI 10, Center-K.Canaday. P.Cooper to ARI 39 for 29 yards (R.Spillane).",3,4,1,PIT,Punt,Return,42333,43406,NA,PIT,21,13:39:00,NA,NA,NA,10,13,NA,69,29,40,31,ARI,PIT,OK,0.84,2.21,4.66,N,C,C,C,L,PIT 33,NA,PIT 41,NA,PIT 31; PIT 80,NA,ARI 28; ARI 38,ARI 25; ARI 27,CC,2019-12-08T22:57:19.600Z,95.32,35.89,5.93,1.59,0.6,356.3,73.99,punt_received,43406,Pharoh Cooper,12,WR,home,82,right,95.31,36.22,31,80,PIT,79.0,40.2,80.99,23.36,16.87953,19.035488,64.09
2019090800,1351,"(9:43) M.Palardy punts 58 yards to LA 3, Center-J.Jansen. J.Natson to LA 6 for 3 yards (N.Jamerson). PENALTY on LA-S.Ebukam, Unnecessary Roughness, 3 yards, enforced at LA 6.",2,4,16,CAR,Punt,Return,42098,45150,NA,CAR,39,09:43:00,UNR,LA 50,3,0,10,NA,58,3,58,71,CAR,LA,OK,0.82,2.04,4.37,N,C,C,R,C,NA,NA,CAR 30,NA,CAR 30; CAR 14,LA 57,LA 24,LA 31; LA 26; LA 20,CC,2019-09-08T17:59:50.600Z,14.19,27.72,4.27,2.67,0.43,86.08,263.99,punt_received,45150,JoJo Natson,19,WR,away,75,left,14.19,27.67,30,14,CAR,34.18,3.57,34.04,30.48,31.350002,20.04096,96.17
2018110400,3265,"(14:26) (Punt formation) S.Koch punts 52 yards to PIT 25, Center-M.Cox. R.Switzer to PIT 26 for 1 yard (P.Onwuasor; C.Clark). PENALTY on PIT-D.Heyward-Bey, Offensive Holding, 10 yards, enforced at PIT 25.",4,4,16,BAL,Punt,Return,31018,44946,NA,BAL,23,14:26:00,OH,PIT 88,10,13,20,NA,52,0,62,33,BAL,PIT,OK,0.85,2.03,3.89,N,C,C,C,C,NA,NA,NA,NA,BAL 27; BAL 10,NA,PIT 20,PIT 25; PIT 23; PIT 88,CC,2018-11-04T20:21:48.200Z,84.92,18.89,3.56,2.1,0.36,264.95,97.91,punt_received,44946,Ryan Switzer,10,WR,away,69,right,83.96,18.7,27,10,BAL,58.75,33.2,50.39,29.1,29.826918,36.007847,70.17
2019111800,3705,"(6:18) (Punt formation) T.Long punts 59 yards to KC 27, Center-C.Mazza. M.Hardman ran ob at KC 42 for 15 yards (D.Watt).",4,4,4,LAC,Punt,Return,42663,47839,NA,LAC,14,06:18:00,NA,NA,NA,17,24,NA,59,15,44,96,LAC,KC,OK,0.88,2.16,4.39,N,R,R,L,L,NA,NA,LAC 34,NA,LAC 35; LAC 28,NA,KC 49,KC 27; KC 35; KC 11,CC,2019-11-19T04:10:06.700Z,36.87,40.38,1.99,1.52,0.2,93.12,343.65,punt_received,47839,Mecole Hardman,17,WR,away,79,left,37.41,39.95,35,28,LAC,48.95,29.41,73.71,41.69,16.3177,36.863285,50.09
2020102200,2272,"(13:18) R.Dixon punts 56 yards to PHI 11, Center-C.Kreiter. G.Ward to PHI 22 for 11 yards (D.Mayo).",3,4,3,NYG,Punt,Return,43517,45607,NA,NYG,33,13:18:00,NA,NA,NA,10,7,NA,56,11,45,43,PHI,NYG,OK,0.93,2.18,5.1,N,C,C,C,C,NA,NA,NYG 55,NA,NYG 25; NYG 27,NA,NA,PHI 39; PHI 34,CC,2020-10-23T02:05:45.000Z,98.83,29.59,0.68,1.97,0.07,298.23,332.05,punt_received,45607,Greg Ward,84,WR,home,83,right,97.87,30.13,25,27,NYG,83.18,34.52,89.18,21.11,16.40815,12.846513,86.94
2020111900,666,"(3:59) A.Lee punts 54 yards to SEA 11, Center-A.Brewer. D.Moore to SEA 22 for 11 yards (E.Turner; D.Foster).",1,4,11,ARI,Punt,Return,29141,45039,NA,ARI,35,03:59:00,NA,NA,NA,7,0,NA,54,11,43,75,SEA,ARI,OK,0.89,2.05,4.08,N,L,L,C,C,NA,ARI 37,ARI 47,NA,ARI 16; ARI 17,NA,SEA 36,SEA 39; SEA 34,CC,2020-11-20T01:46:45.600Z,21.45,12.66,1.32,4.1,0.15,113.31,248.13,punt_received,45039,David Moore,83,WR,home,73,left,21.12,12.3,16,17,ARI,28.45,8.24,38.97,23.41,8.278671,20.555119,46.15
2019122906,2921,"(12:29) B.Anger punts 48 yards to TEN 22, Center-J.Weeks. R.Davis to TEN 21 for -1 yards (K.Crossen). Punt Hangtime: 4.19s",4,4,5,HOU,Punt,Return,38600,45858,NA,HOU,30,12:29:00,NA,NA,NA,14,28,NA,48,-1,49,40,HOU,TEN,OK,0.87,2.06,4.2,N,C,C,NA,NA,NA,NA,HOU 35,NA,HOU 35; HOU 33,TEN 29,NA,TEN 36; TEN 23,CC,2019-12-29T23:37:23.700Z,87.98,25.95,0.87,2.13,0.09,268.21,342.63,punt_received,45858,Rashard Davis,12,WR,away,75,right,87.35,25.87,35,33,HOU,80.19,24.84,81.54,21.88,7.868685,7.6183004,97.07
2018112200,2619,"(6:46) S.Martin punts 42 yards to CHI 29, Center-D.Muhlbach. T.Cohen ran ob at CHI 46 for 17 yards (Z.Zenner).",3,4,11,DET,Punt,Return,40113,44932,NA,DET,29,06:46:00,NA,NA,NA,7,9,NA,42,17,25,39,DET,CHI,OK,0.71,1.99,4.32,N,C,C,C,L,NA,NA,DET 34,NA,DET 21; DET 45,CHI 15,CHI 33,CHI 22; CHI 36; CHI 27,CC,2018-11-22T19:33:47.500Z,81.04,16.47,1.57,1.72,0.16,274.61,299.62,punt_received,44932,Tarik Cohen,29,RB,away,75,right,81.13,16.91,21,45,DET,77.77,32.03,63.39,0.66,15.89989,23.69554,63.45
2018093001,652,"(5:54) B.Anger punts 45 yards to CHI 27, Center-G.Sanborn. T.Cohen to CHI 27 for no gain.",1,4,15,TB,Punt,Return,38600,44932,NA,TB,28,05:54:00,NA,NA,NA,7,0,NA,45,0,45,82,CHI,TB,OK,0.78,2.12,3.61,N,L,L,NA,NA,NA,NA,TB 53,NA,TB 29; TB 17,CHI 15,NA,CHI 22; CHI 26; CHI 23; CHI 27,ICC,2018-09-30T17:26:32.000Z,37.01,4.73,3.19,1.49,0.31,60.9,83.57,punt_received,44932,Tarik Cohen,29,RB,home,89,left,37.63,5.3,29,17,TB,36.13,-1.06,39.7,10.03,5.856492,5.9435763,19.89
2020101109,122,"(13:49) M.Wishnowsky punts 43 yards to MIA 27, Center-T.Pepper. J.Grant to MIA 33 for 6 yards (R.Dwelley). PENALTY on MIA-Br.Jones, Illegal Block Above the Waist, 10 yards, enforced at MIA 31.",1,4,5,SF,Punt,Return,47893,43475,NA,SF,30,13:49:00,IBW,MIA 29,10,0,0,NA,43,4,49,40,SF,MIA,OK,0.84,2.11,3.99,N,C,C,C,C,SF 46,NA,NA,NA,SF 33; SF 40,NA,MIA 29,MIA 22; MIA 33; MIA 35,CC,2020-10-11T20:07:40.500Z,82.55,16.82,2.51,0.49,0.25,291.13,349.19,punt_received,43475,Jakeem Grant,19,WR,away,73,right,81.75,16.85,33,40,SF,75.56,19.63,79.85,7.71,7.533671,9.501689,63.23
2020122712,4081,"(4:26) H.Niswander punts 56 yards to PHI 24, Center-L.Ladouceur. J.Reagor to PHI 39 for 15 yards (L.Gifford).",4,4,10,DAL,Punt,Return,50975,52429,NA,DAL,20,04:26:00,NA,NA,NA,30,17,NA,56,15,41,90,DAL,PHI,OK,0.85,2.22,4.67,N,C,C,C,C,NA,NA,DAL 57,NA,DAL 29; DAL 11,NA,NA,PHI 37; PHI 36,CC,2020-12-28T00:17:20.600Z,33.73,25.06,1.92,2.03,0.2,85.72,319.86,punt_received,52429,Jalen Reagor,18,WR,away,80,left,33.89,25.07,29,11,DAL,57.05,24.31,48.45,27.9,23.332058,14.991465,94.07
2020100412,2623,"(2:37) A.Cole punts 57 yards to BUF 17, Center-T.Sieg. A.Roberts to LV 45 for 38 yards (E.Harris).",3,4,16,LV,Punt,Return,48335,35527,NA,LV,26,02:37:00,NA,NA,NA,16,17,NA,57,38,19,84,LV,BUF,OK,0.9,2.32,4.5,N,R,R,L,L,LV 47,LV 06,LV 25,NA,LV 22; LV 38,NA,NA,BUF 24; BUF 33; BUF 31; BUF 25,CC,2020-10-04T22:31:15.100Z,26.97,49.57,2.63,3.78,0.28,85.9,359.66,punt_received,35527,Andre Roberts,18,WR,away,77,left,26.71,49.48,22,38,LV,52.01,23.02,63.07,51.3,36.495262,36.14143,14.33
2019102004,3733,"(2:24) J.Scott punts 57 yards to OAK 28, Center-H.Bradley. T.Davis to GB 40 for 32 yards (E.Baylis).",4,4,8,GB,Punt,Return,46241,43452,NA,GB,15,02:24:00,NA,NA,NA,42,17,NA,57,32,25,95,GB,OAK,OK,0.85,2.09,4.48,N,L,L,R,R,GB 30,NA,GB 88,NA,GB 29; GB 37,NA,NA,OAK 27; OAK 26,CC,2019-10-20T19:52:18.700Z,38.57,13.03,1.48,3.96,0.15,95.18,311.52,punt_received,43452,Trevor Davis,11,WR,away,78,left,38.69,12.54,29,37,GB,44.9,10.28,52.92,28.71,6.901551,21.255232,47.05
2019111711,2587,"(2:55) P.O'Donnell punts 46 yards to LA 28, Center-P.Scales. J.Natson to LA 28 for no gain (C.Patterson). PENALTY on CHI-C.Patterson, Unsportsmanlike Conduct, 15 yards, enforced at LA 28. Penalty on CHI-R.Nall, Offensive Holding, declined.",3,4,4,CHI,Punt,Return,41420,45150,NA,CHI,26,02:55:00,UNS;OH,CHI 84;CHI 35,-15,10,7,NA,46,0,31,36,LA,CHI,OK,0.96,2.1,4.4,A,C,C,NA,NA,NA,NA,CHI 84,NA,CHI 84; CHI 27,NA,LA 14; LA 26,LA 25; LA 38,CC,2019-11-18T03:19:59.700Z,81.98,36.64,0.95,0.95,0.09,270.35,59.91,punt_received,45150,JoJo Natson,19,WR,home,76,right,81.59,36.22,84,27,CHI,77.33,39.32,71.32,28.98,5.3670197,13.126736,64.09
2019092904,2856,"(3:51) B.Anger punts 59 yards to CAR 31, Center-J.Weeks. R.McCloud to CAR 41 for 10 yards (A.Moore; J.Weeks). PENALTY on CAR-N.Jamerson, Illegal Block Above the Waist, 10 yards, enforced at CAR 31. Penalty on CAR-A.Smith, Illegal Blindside Block, declined.",3,4,10,HOU,Punt,Return,38600,46256,NA,HOU,10,03:51:00,IBW;IBB,CAR 30;CAR 57,10,10,10,NA,59,0,69,100,HOU,CAR,OK,0.87,2.07,4.76,N,R,R,NA,NA,NA,NA,NA,NA,HOU 33; HOU 34,CAR 42; CAR 98,CAR 39,CAR 30; CAR 23,CC,2019-09-29T19:11:24.600Z,41.52,34.54,1.08,2.79,0.11,100.06,223.13,punt_received,46256,Ray-Ray McCloud,14,WR,away,80,left,42.12,34.58,33,34,HOU,56.87,28.3,44.85,36.2,16.569855,3.7208197,70.24
2019121508,2288,"(13:40) C.Johnston punts 54 yards to WAS 14, Center-R.Lovato. S.Sims to WAS 11 for -3 yards (T.Edwards; A.Singleton).",3,4,3,PHI,Punt,Return,45603,48051,NA,PHI,32,13:40:00,NA,NA,NA,14,10,NA,54,-3,57,78,WAS,PHI,H,0.88,2.14,4.19,A,C,C,NA,NA,NA,NA,PHI 57,NA,PHI 32; PHI 39,WAS 39; WAS 54,NA,WAS 41; WAS 32,CC,2019-12-15T19:45:20.000Z,23.7,36.28,3.47,2.91,0.35,152.49,291.18,punt_received,48051,Steven Sims,15,WR,home,78,left,23.6,36.22,32,39,PHI,40.52,22.45,30.19,37.58,21.775703,6.61892,64.09
2020121900,3023,"(5:44) S.Martin punts 43 yards to DEN 48, Center-J.Bobenmoyer. M.Hyde to DEN 41 for 7 yards (J.Jones). PENALTY on BUF-T.Jones, Offensive Holding, 10 yards, enforced at DEN 48.",3,4,9,DEN,Punt,Return,40113,40107,NA,DEN,5,05:44:00,OH,BUF 25,10,13,35,NA,43,0,53,15,DEN,BUF,OK,0.84,2.12,4,N,C,C,L,C,NA,NA,NA,NA,DEN 33; DEN 37,BUF 44,NA,BUF 24; BUF 25,CC,2020-12-19T23:52:11.800Z,57.54,23.3,3.66,1.92,0.35,226.85,173.47,punt_received,40107,Micah Hyde,23,FS,away,74,right,56.83,22.97,33,37,DEN,51.23,28.93,34.11,12.18,8.456536,25.934904,86.19
2019091501,3511,"(13:37) (Punt formation) K.Huber punts 49 yards to SF 36, Center-C.Harris. R.James Jr. pushed ob at SF 40 for 4 yards (Jo.Evans).",4,4,5,CIN,Punt,Return,34593,46309,NA,CIN,15,13:37:00,NA,NA,NA,10,41,NA,49,4,45,95,CIN,SF,OK,0.84,2.16,4.61,N,L,L,R,R,NA,NA,CIN 50,NA,CIN 40; CIN 29,NA,NA,SF 41; SF 33; SF 32,CC,2019-09-15T19:30:02.800Z,46.64,7.21,3.82,1.03,0.38,101.16,196.1,punt_received,46309,Richie James,13,WR,away,79,left,47.85,7.1,40,29,CIN,49.09,6.99,52.06,11.88,2.4598577,7.1543903,26.64
2020121901,2488,"(9:17) J.Scott punts 38 yards to CAR 48, Center-H.Bradley. P.Cooper to CAR 49 for 1 yard (R.Ramsey).",3,4,11,GB,Punt,Return,46241,43406,NA,GB,14,09:17:00,NA,NA,NA,21,3,NA,38,1,37,24,GB,CAR,L,0.93,2.24,4.06,N,L,L,NA,NA,NA,NA,GB 56,NA,GB 29; GB 25,NA,NA,CAR 38; CAR 23; CAR 29; CAR 24,CC,2020-12-20T03:09:28.700Z,61.94,40.06,1.78,1.27,0.18,260.16,264.66,punt_received,43406,Pharoh Cooper,14,WR,away,78,right,62.68,40.59,29,25,GB,61.67,41.37,58.81,29.31,1.337535,11.196402,47.69
2019100609,1584,"(8:50) T.Way punts 56 yards to NE 19, Center-N.Sundberg. G.Olszewski to NE 31 for 12 yards (T.Vallejo, N.Sundberg).",2,4,10,WAS,Punt,Return,40600,48988,NA,WAS,25,08:50:00,NA,NA,NA,7,9,NA,56,12,44,85,WAS,NE,OK,0.81,2.12,4.74,N,L,L,R,R,NA,NA,WAS 50,NA,WAS 30; WAS 38,NA,NA,NE 27; NE 33; NE 31; NE 25,CC,2019-10-06T18:08:39.800Z,29.94,13.52,3.15,1.23,0.32,85.37,188.09,punt_received,48988,Gunner Olszewski,80,WR,away,80,left,30.91,13.75,30,38,WAS,48.19,7.21,59.56,40.58,19.310064,40.11967,51.59
2020092702,1692,"(4:38) T.Way punts 55 yards to CLE 15, Center-N.Sundberg. J.Natson to CLE 26 for 11 yards (S.Hamilton).",2,4,5,WAS,Punt,Return,40600,45150,NA,WAS,30,04:38:00,NA,NA,NA,10,7,NA,55,11,44,40,CLE,WAS,OK,0.79,2.08,4.72,N,C,C,C,C,NA,NA,WAS 51,NA,WAS 89; WAS 83,NA,NA,CLE 20; CLE 29; CLE 36,CC,2020-09-27T18:04:28.800Z,95.4,28.66,3.65,1.75,0.37,268.35,266.68,punt_received,45150,JoJo Natson,19,WR,home,78,right,93.43,28.34,89,83,WAS,64.43,53.17,86.14,24.47,39.495327,10.163843,93.66
2021010309,1232,"(8:15) T.Way punts 45 yards to PHI 20, Center-N.Sundberg. G.Ward to PHI 35 for 15 yards (N.Sundberg).",2,4,11,WAS,Punt,Return,40600,45607,NA,WAS,35,08:15:00,NA,NA,NA,7,10,NA,45,15,30,75,PHI,WAS,OK,0.76,2.03,4.44,N,C,C,C,C,NA,NA,WAS 57,NA,WAS 30; WAS 32,NA,NA,PHI 48; PHI 37; PHI 36; PHI 33,CC,2021-01-04T02:12:21.600Z,30.01,38.67,0.55,2.62,0.05,93.37,205.99,punt_received,45607,Greg Ward,84,WR,home,77,left,30.12,39.02,30,32,WAS,38.91,34.73,42.37,44.59,9.733119,13.704597,53.58
2018091600,3830,"(2:00) M.Bosher punts 54 yards to CAR 12, Center-J.Harris. D.Moore to CAR 16 for 4 yards (J.Bethel).",4,4,1,ATL,Punt,Return,37267,46093,NA,ATL,34,02:00:00,NA,NA,NA,31,24,NA,54,4,50,44,ATL,CAR,OK,0.85,2.27,4.82,N,R,C,C,C,ATL 17,NA,ATL 28,NA,ATL 17; ATL 28,NA,CAR 31; CAR 53,CAR 28; CAR 35; CAR 24,CC,2018-09-16T20:01:01.800Z,97.44,15.36,3.5,1.72,0.34,244.51,187.94,punt_received,46093,D.J. Moore,12,WR,away,83,right,98.21,15.8,17,28,ATL,94.67,15.96,88.43,13.94,2.834237,9.121212,59.29
2019120813,1444,"(4:15) M.Dickson punts 48 yards to LA 29, Center-T.Ott. N.Webster to LA 28 for -1 yards (M.Blair).",2,4,7,SEA,Punt,Return,46218,48784,NA,SEA,23,04:15:00,NA,NA,NA,14,3,NA,48,-1,49,87,LA,SEA,OK,0.84,2.13,4.66,N,R,R,NA,NA,NA,NA,SEA 27,NA,SEA 28; SEA 27,NA,LA 88,LA 31; LA 26; LA 22,CC,2019-12-09T02:18:30.100Z,39.23,47.93,1.12,3.99,0.12,120.17,320.65,punt_received,48784,Nsimba Webster,14,WR,home,78,left,39.33,47.27,28,27,SEA,46.5,27.0,48.37,50.63,22.156666,9.530457,22.63
2018123006,2025,"(13:22) L.Edwards punts 47 yards to NE 30, Center-T.Hennessy. J.Edelman to NE 28 for -2 yards (T.Cannon).",3,4,10,NYJ,Punt,Return,43524,34683,NA,NYJ,23,13:22:00,NA,NA,NA,21,3,NA,47,-2,49,87,NE,NYJ,OK,1,2.25,4.26,N,C,C,NA,NA,NA,NA,NYJ 40,NA,NYJ 40; NYJ 17,NE 36; NE 43; NE 50; NE 55; NE 59; NE 70,NE 18,NE 35; NE 31; NE 23,CC,2018-12-30T19:37:49.000Z,39.79,33.72,2.13,2.69,0.21,92.96,329.64,punt_received,34683,Julian Edelman,11,WR,home,80,left,39.42,33.35,40,17,NYJ,41.58,31.92,55.2,45.86,2.5385232,19.617535,74.86
2018093006,1487,"(7:50) R.Allen punts 36 yards to MIA 24, Center-J.Cardona. D.Amendola to MIA 36 for 12 yards (K.Van Noy).",2,4,7,NE,Punt,Return,40437,33566,NA,NE,40,07:50:00,NA,NA,NA,10,0,NA,36,12,24,50,NE,MIA,OK,0.81,2.19,3.17,N,C,C,C,C,NA,NA,NE 53,NA,NE 18; NE 31,MIA 76,NA,MIA 26; MIA 31; MIA 24; MIA 35,CC,2018-09-30T18:03:45.300Z,86.61,33.05,4.23,1.75,0.42,252.92,240.46,punt_received,33566,Danny Amendola,80,WR,away,66,right,85.51,32.99,18,31,NE,75.17,47.23,65.28,19.7,18.219385,25.163294,76.21
2019102709,1283,"(9:49) M.Palardy punts 40 yards to SF 19, Center-J.Jansen. R.James Jr. to SF 33 for 14 yards (C.Jones; R.Bonnafon).",2,4,22,CAR,Punt,Return,42098,46309,NA,CAR,41,09:49:00,NA,NA,NA,21,3,NA,40,14,26,51,SF,CAR,OK,0.82,2.03,4.2,N,C,C,C,C,CAR 18,CAR 39,CAR 42,NA,CAR 39; CAR 18,NA,NA,SF 33; SF 38,CC,2019-10-27T20:57:53.300Z,90.98,18.9,6.32,3.09,0.63,231.78,205.01,punt_received,46309,Richie James,13,WR,home,76,right,90.25,18.0,39,18,CAR,82.32,32.33,74.32,29.86,15.980003,19.941845,67.54
2018110400,1105,"(13:11) (Punt formation) S.Koch punts 43 yards to PIT 16, Center-M.Cox. R.Switzer ran ob at PIT 25 for 9 yards (J.Allen).",2,4,5,BAL,Punt,Return,31018,44946,NA,BAL,41,13:11:00,NA,NA,NA,3,7,NA,43,9,34,51,BAL,PIT,L,0.81,2.13,3.11,N,R,R,L,L,NA,NA,BAL 37,NA,BAL 27; BAL 10,NA,NA,PIT 25; PIT 23; PIT 88,CFFG,2018-11-04T18:44:36.400Z,93.86,8.03,5.22,2.29,0.52,252.45,223.54,punt_received,44946,Ryan Switzer,10,WR,away,75,right,92.81,7.64,27,10,BAL,51.77,30.86,96.1,6.62,47.88295,2.6468282,28.67
2018102809,222,"(11:25) A.Lee punts 55 yards to SF 10, Center-A.Brewer. R.James pushed ob at SF 25 for 15 yards (G.Hodges).",1,4,11,ARI,Punt,Return,29141,46309,NA,ARI,35,11:25:00,NA,NA,NA,0,0,NA,55,15,40,75,ARI,SF,OK,0.81,2.02,4.27,N,R,R,L,L,NA,NA,ARI 51,NA,ARI 26; ARI 30,SF 31; SF 38; SF 53,NA,SF 33; SF 32; SF 23,CC,2018-10-28T20:32:20.300Z,20.63,41.8,1.72,4.64,0.18,67.67,20.32,punt_received,46309,Richie James,13,WR,away,77,left,21.28,41.79,26,30,ARI,40.54,2.29,33.93,32.4,44.243057,16.286497,43.19
2020092003,1005,"(13:24) B.Colquitt punts 36 yards to MIN 46, Center-A.Cutting. N.Hines pushed ob at MIN 35 for 11 yards (M.Boone).",2,4,5,MIN,Punt,Return,34723,46173,NA,MIN,10,13:24:00,NA,NA,NA,0,3,NA,36,11,25,20,IND,MIN,OK,0.86,2.14,3.85,N,R,R,L,L,NA,NA,MIN 23,NA,MIN 85; MIN 29,NA,IND 16,IND 30; IND 34; IND 38,CC,2020-09-20T17:40:07.200Z,56.94,12.5,6.67,3.68,0.69,261.21,209.09,punt_received,46173,Nyheim Hines,21,RB,home,74,right,56.33,12.12,85,29,MIN,48.48,34.79,27.9,0.21,23.84147,31.533566,45.48
2020102500,2699,"(4:59) S.Hofrichter punts 46 yards to DET 27, Center-J.Harris. J.Agnew to DET 26 for -1 yards (J.Tuioti-Mariner). PENALTY on ATL-O.Zaccheaus, Player Out of Bounds on Kick, 5 yards, enforced at DET 26.",3,4,9,ATL,Punt,Return,52636,44978,NA,ATL,27,04:59:00,POK,ATL 17,-5,14,13,NA,46,-1,42,83,ATL,DET,OK,0.9,2.12,3.97,N,C,C,NA,NA,NA,NA,ATL 91,NA,ATL 17; ATL 44,NA,NA,DET 38; DET 49; DET 34; DET 29,CC,2020-10-25T19:01:24.100Z,37.92,15.53,2.35,3.4,0.25,91.29,200.57,punt_received,44978,Jamal Agnew,39,WR,away,77,left,38.37,15.23,17,44,ATL,44.72,11.43,54.58,19.72,7.940403,17.178816,57.15
2020122002,170,"(11:41) B.Anger punts 57 yards to IND 6, Center-J.Weeks. N.Hines to IND 19 for 13 yards (A.Moore).",1,4,8,HOU,Punt,Return,38600,46173,NA,HOU,37,11:41:00,NA,NA,NA,0,0,NA,57,13,44,47,IND,HOU,L,0.86,2.19,4.78,N,C,C,C,C,HOU 58,NA,HOU 33,NA,HOU 30; HOU 33,IND 44; IND 45,NA,IND 26; IND 34,CC,2020-12-20T18:06:33.100Z,103.16,20.06,0.9,1.23,0.1,272.02,114.87,punt_received,46173,Nyheim Hines,21,RB,home,82,right,102.81,20.09,30,33,HOU,93.16,21.64,84.79,13.73,10.12405,19.430023,75.38
2018102801,696,"(3:01) S.Koch punts 53 yards to CAR 42, Center-M.Cox. D.Byrd to CAR 46 for 4 yards (C.Board).",1,4,6,BAL,Punt,Return,31018,42899,NA,BAL,5,03:01:00,NA,NA,NA,0,7,NA,53,4,49,15,CAR,BAL,OK,0.81,2.12,4.41,N,C,C,C,C,BAL 10,NA,BAL 49,NA,BAL 27; BAL 10,CAR 94,NA,CAR 35; CAR 10; CAR 24,CC,2018-10-28T17:27:47.300Z,67.83,22.47,2.11,2.13,0.21,279.14,350.23,punt_received,42899,Damiere Byrd,18,WR,home,76,right,67.33,22.64,27,10,BAL,47.37,21.25,57.63,12.96,20.496342,13.945612,84.95
2020101800,932,"(14:17) J.Charlton punts 48 yards to CHI 40, Center-J.Jansen. T.Ginn MUFFS catch, and recovers at CHI 39. T.Ginn to CHI 39 for no gain (T.Cannon).",2,4,9,CAR,Punt,Muffed,53146,32202,NA,CAR,12,14:17:00,NA,NA,NA,3,7,NA,49,0,49,22,CAR,CHI,OK,0.79,2.01,3.56,N,C,C,NA,NA,NA,NA,CAR 36,NA,CAR 38; CAR 36,NA,CHI 27; CHI 36,CHI 22; CHI 24,MBDR,2020-10-18T17:41:42.300Z,70.47,16.33,1.69,4.01,0.17,326.28,81.47,punt_received,32202,Ted Ginn,19,WR,away,73,right,70.78,16.88,38,36,CAR,56.6,17.56,52.71,8.6,13.924432,19.369318,63.34
2019101311,2102,"(6:49) T.Long punts 41 yards to PIT 21, Center-C.Mazza. R.Switzer to PIT 26 for 5 yards (B.Facyson).",3,4,2,LAC,Punt,Return,42663,44946,NA,LAC,38,06:49:00,NA,NA,NA,0,24,NA,41,5,36,48,LAC,PIT,OK,1.04,2.23,3.7,N,C,C,C,C,NA,NA,LAC 28,NA,LAC 35; LAC 28,PIT 24,NA,PIT 31; PIT 20; PIT 80,CC,2019-10-14T02:05:44.900Z,88.11,26.78,1.17,1.56,0.11,241.15,67.3,punt_received,44946,Ryan Switzer,10,WR,away,70,right,87.15,26.5,35,28,LAC,75.44,44.39,79.87,17.31,21.694262,12.553027,99.44
2021010306,1090,"(12:06) T.Long punts 40 yards to KC 12, Center-C.Mazza. M.Hardman MUFFS catch, RECOVERED by LAC-J.Reed at KC 17.",2,4,10,LAC,Punt,Muffed,42663,47839,NA,LAC,48,12:06:00,NA,NA,NA,14,7,NA,40,NA,35,62,KC,LAC,<,0.89,2.14,3.78,A,L,L,NA,NA,NA,NA,NA,NA,LAC 12; LAC 28,KC 23,NA,KC 29; KC 20,MBDR,2021-01-03T22:08:55.800Z,22.71,8.68,2.95,4.17,0.31,88.01,146.68,punt_received,47839,Mecole Hardman,17,WR,home,77,left,23.85,8.79,12,28,LAC,28.4,4.38,29.02,17.12,7.132047,10.5380125,32.98
2020102507,997,"(:12) T.Way punts 38 yards to DAL 14, Center-N.Sundberg. C.Lamb to DAL 14 for no gain.",1,4,5,WAS,Punt,Return,40600,52425,NA,WAS,48,00:12:00,NA,NA,NA,9,3,NA,38,0,38,62,WAS,DAL,OK,0.76,2.05,4.13,A,R,R,NA,NA,NA,NA,NA,NA,WAS 30; WAS 32,DAL 59; DAL 92,NA,DAL 28; DAL 29,BOG,2020-10-25T17:40:41.300Z,22.64,40.66,1.48,1.97,0.15,73.46,59.88,punt_received,52425,CeeDee Lamb,88,WR,away,89,left,23.08,40.75,30,32,WAS,29.15,42.43,21.52,44.49,6.746332,3.990401,47.09
2019101301,801,"(3:03) (Punt formation) K.Huber punts 54 yards to BAL 23, Center-C.Harris. C.Jones to BAL 31 for 8 yards (G.Pratt). PENALTY on BAL-M.Humphrey, Offensive Holding, 10 yards, enforced at BAL 31.",1,4,13,CIN,Punt,Return,34593,43349,NA,CIN,23,03:03:00,OH,BAL 44,10,14,7,NA,54,8,56,87,BAL,CIN,OK,0.83,2.19,4.52,N,C,C,C,C,NA,NA,NA,NA,CIN 40; CIN 29,NA,BAL 10; BAL 41,BAL 32; BAL 44; BAL 28,CC,2019-10-13T17:38:50.200Z,32.89,22.87,0.68,3.34,0.07,74,276.98,punt_received,43349,Cyrus Jones,27,CB,home,76,left,33.72,23.46,40,29,CIN,56.18,17.21,50.07,36.29,23.96789,21.800201,88.03
2020121310,886,"(13:43) T.Long punts 47 yards to ATL 19, Center-C.Mazza. B.Powell to ATL 33 for 14 yards (R.Jenkins; C.Mazza).",2,4,11,LAC,Punt,Return,42663,46830,NA,LAC,34,13:43:00,NA,NA,NA,7,7,NA,47,14,33,44,LAC,ATL,OK,0.92,2.21,4.17,N,L,L,R,R,NA,LAC 45,LAC 23,NA,LAC 37; LAC 28,ATL 50; ATL 91,ATL 32,ATL 26; ATL 44; ATL 20,CC,2020-12-13T21:57:40.000Z,90.22,50.85,1.2,3.07,0.11,283,304.84,punt_received,46830,Brandon Powell,15,WR,away,78,right,90.67,50.81,37,28,LAC,71.95,47.09,77.6,36.03,18.652895,19.465271,9.34
2018120300,3332,"(10:11) T.Way punts 49 yards to PHI 26, Center-N.Sundberg. D.Sproles to PHI 27 for 1 yard (M.Nicholson).",4,4,10,WAS,Punt,Return,40600,29957,NA,WAS,25,10:11:00,NA,NA,NA,25,13,NA,49,1,48,85,PHI,WAS,OK,0.79,2.06,4.47,N,R,R,NA,NA,NA,NA,WAS 35,NA,WAS 16; WAS 35,NA,NA,PHI 34; PHI 36,CC,2018-12-04T03:46:09.500Z,36.46,41.31,1.14,4.64,0.13,46.49,357.49,punt_received,29957,Darren Sproles,43,RB,home,77,left,36.87,41.59,16,35,WAS,47.32,34.17,41.76,40.91,12.996892,5.315073,43.94
2020092009,1366,"(7:43) L.Cooke punts 45 yards to TEN 15, Center-R.Matiscik. K.Raymond ran ob at TEN 15 for no gain.",2,4,21,JAX,Punt,Return,46316,43584,NA,JAX,40,07:43:00,NA,NA,NA,14,7,NA,45,0,45,70,TEN,JAX,OK,0.82,2.14,4.59,N,L,L,NA,NA,NA,NA,NA,NA,JAX 27; JAX 20,NA,NA,TEN 15; TEN 35; TEN 30,CC,2020-09-20T17:55:53.500Z,24.62,1.18,3.99,3.44,0.41,107.62,181.47,punt_received,43584,Kalif Raymond,14,WR,home,82,left,24.12,0.83,27,20,JAX,31.12,10.2,39.3,13.61,11.118021,19.235575,3.11
2020091302,2662,"(10:18) B.Mann punts 48 yards to BUF 17, Center-T.Hennessy. A.Roberts to BUF 36 for 19 yards (N.Hewitt).",3,4,7,NYJ,Punt,Return,52599,35527,NA,NYJ,35,10:18:00,NA,NA,NA,21,3,NA,48,19,29,75,BUF,NYJ,OK,0.78,1.96,3.85,N,C,C,L,L,NYJ 84,NYJ 32,NYJ 46,NA,NYJ 32; NYJ 23,BUF 86,NA,BUF 24; BUF 47; BUF 25,CC,2020-09-13T18:55:49.800Z,27.29,25.22,1.67,2.84,0.17,69.72,349.32,punt_received,35527,Andre Roberts,18,WR,home,70,left,27.22,24.86,32,23,NYJ,33.52,22.79,49.53,43.58,6.687137,28.839334,93.28
2019122207,3442,"(7:34) (Punt formation) M.Palardy punts 53 yards to IND 29, Center-J.Jansen. N.Hines for 71 yards, TOUCHDOWN.",4,4,9,CAR,Punt,Return,42098,46173,NA,CAR,18,07:34:00,NA,NA,NA,24,6,NA,53,71,-18,92,IND,CAR,OK,0.89,2.15,4.04,N,C,C,R,R,CAR 11; CAR 56,NA,NA,NA,CAR 32; CAR 18,IND 33,IND 16; IND 30,IND 34; IND 39,CC,2019-12-22T20:43:29.400Z,39.23,27.66,0.87,2.76,0.1,93.36,266.2,punt_received,46173,Nyheim Hines,21,RB,home,73,left,39.65,27.85,32,18,CAR,57.38,33.13,55.36,30.05,18.956356,16.306103,95.5
2019120803,631,"(3:51) T.Way punts 54 yards to GB 25, Center-N.Sundberg. T.Ervin to GB 43 for 18 yards (S.Thomas).",1,4,1,WAS,Punt,Return,40600,43408,NA,WAS,21,03:51:00,NA,NA,NA,7,0,NA,54,18,36,89,GB,WAS,OK,0.74,1.9,4.49,N,L,L,R,R,WAS 88,NA,WAS 38,NA,WAS 30; WAS 38,GB 44; GB 51,NA,GB 37; GB 25,CC,2019-12-08T18:29:40.200Z,35.39,10.31,2.67,3.19,0.27,65.76,207.71,punt_received,43408,Tyler Ervin,32,RB,home,75,left,36.14,10.43,30,38,WAS,41.78,11.3,51.4,15.88,6.466235,16.951254,39.14
2018122304,2599,"(12:13) M.Bosher punts 54 yards to CAR 17, Center-J.Condo. K.Barner to CAR 20 for 3 yards (J.Bethel).",3,4,6,ATL,Punt,Return,37267,40130,NA,ATL,29,12:13:00,NA,NA,NA,10,17,NA,54,3,51,39,CAR,ATL,OK,0.86,2.26,4.32,N,C,C,C,C,NA,NA,ATL 28,NA,ATL 83; ATL 28,CAR 42,CAR 28,CAR 26; CAR 35; CAR 24,CC,2018-12-23T19:54:01.000Z,91.87,20.2,2.04,2.31,0.2,267.58,68.46,punt_received,40130,Kenjon Barner,23,RB,home,77,right,90.95,20.16,83,28,ATL,79.2,19.61,73.26,10.11,12.68373,21.169323,75.65
2019100604,2186,"(:10) R.Dixon punts 41 yards to MIN 41, Center-Z.DeOssie. M.Sherels pushed ob at NYG 44 for 15 yards (R.Ellison).",2,4,17,NYG,Punt,Return,43517,36071,NA,NYG,18,00:10:00,NA,NA,NA,7,18,NA,41,15,26,92,NYG,MIN,L,0.86,2.12,3.18,N,L,L,R,R,NA,NA,NYG 85,NA,NYG 30; NYG 17,MIN 23; MIN 27; MIN 30; MIN 31; MIN 39; MIN 42; MIN 50; MIN 91,NA,MIN 38; MIN 21,CC,2019-10-06T18:27:32.600Z,51.91,13.51,3.04,1.55,0.3,83.37,121.03,punt_received,36071,Marcus Sherels,35,CB,away,57,left,51.94,13.8,30,17,NYG,50.49,6.0,56.68,16.27,7.643069,5.510944,51.78
2019122300,3331,"(7:50) B.Colquitt punts 56 yards to GB 15, Center-A.Cutting. T.Ervin to GB 25 for 10 yards (A.Sendejo).",4,4,14,MIN,Punt,Return,34723,43408,NA,MIN,29,07:50:00,NA,NA,NA,10,17,NA,56,10,46,81,MIN,GB,OK,0.84,2.04,4.4,N,R,R,L,L,NA,NA,MIN 34,NA,MIN 24; MIN 38,NA,NA,GB 37; GB 23; GB 26,CC,2019-12-24T03:54:10.000Z,25.37,40.56,1.18,3.16,0.13,88.97,69.47,punt_received,43408,Tyler Ervin,32,RB,away,75,left,25.18,40.85,24,38,MIN,47.31,27.4,45.33,51.46,25.58416,22.742287,46.72
2018120600,2280,"(13:09) (Punt formation) L.Cooke punts 52 yards to TEN 24, Center-M.Overton. A.Jackson to TEN 32 for 8 yards (N.DeLuca).",3,4,11,JAX,Punt,Return,46316,44830,NA,JAX,24,13:09:00,NA,NA,NA,16,2,NA,52,8,44,86,TEN,JAX,OK,0.94,2.29,4.8,N,C,C,C,C,JAX 22,NA,JAX 57,NA,JAX 43; JAX 84,NA,NA,TEN 21; TEN 26,CC,2018-12-07T03:02:19.000Z,33.6,34.21,1.66,2.42,0.17,78.75,72.36,punt_received,44830,Adoree' Jackson,25,CB,home,80,left,34.09,34.22,43,84,JAX,51.01,36.8,52.05,30.86,17.601597,18.751667,71.59
2020101105,123,"(13:48) B.Mann punts 54 yards to ARI 12, Center-T.Hennessy. C.Kirk to ARI 17 for 5 yards (M.Farley).",1,4,1,NYJ,Punt,Return,52599,46116,NA,NYJ,34,13:48:00,NA,NA,NA,0,0,NA,54,5,49,76,NYJ,ARI,OK,0.9,2.04,4.51,N,R,C,C,C,NA,NA,NYJ 41,NA,NYJ 32; NYJ 40,ARI 45,NA,ARI 20; ARI 21,CC,2020-10-11T17:05:05.600Z,22.1,27.36,2.95,1.82,0.29,114.27,246.15,punt_received,46116,Christian Kirk,13,WR,away,78,left,22.57,27.03,32,40,NYJ,37.31,27.14,30.77,39.48,15.211591,14.901789,98.57
2019110310,1923,"(13:28) J.Scott punts 52 yards to LAC 23, Center-H.Bradley. D.King to LAC 23 for no gain (W.Redmond).",3,4,8,GB,Punt,Return,46241,44964,NA,GB,25,13:28:00,NA,NA,NA,9,0,NA,52,0,52,35,LAC,GB,OK,0.87,2.12,5.14,N,L,L,R,R,NA,NA,GB 25,NA,GB 25; GB 28,NA,NA,LAC 89; LAC 28; LAC 23; LAC 27,CC,2019-11-03T22:57:31.100Z,85.18,48.3,3.33,4.1,0.33,300.66,76.43,punt_received,44964,Desmond King,20,CB,home,85,right,84.81,48.27,25,28,GB,81.65,48.99,73.38,41.19,3.5968041,13.776505,18.87
2020100412,3702,"(3:47) C.Bojorquez punts 51 yards to LV 14, Center-R.Ferguson. H.Renfrow to LV 38 for 24 yards (R.Gilliam). FUMBLES (R.Gilliam), recovered by LV-J.Abram at LV 38. PENALTY on LV-C.Littleton, Illegal Block Above the Waist, 10 yards, enforced at LV 30.",4,4,15,BUF,Punt,Return,46903,47932,NA,BUF,35,03:47:00,IBW,LV 42,10,16,30,NA,51,16,45,75,LV,BUF,OK,0.89,2.06,3.86,N,C,C,R,R,NA,NA,NA,NA,BUF 25; BUF 33,LV 58,NA,LV 22; LV 31,CC,2020-10-04T23:20:46.300Z,24.42,17.89,3.7,1.4,0.37,65.42,346.62,punt_received,47932,Hunter Renfrow,13,WR,home,69,left,24.47,18.11,25,33,BUF,31.96,11.63,40.91,25.42,9.799959,18.127907,67.95
2020100800,4046,"(2:59) P.O'Donnell punts 59 yards to TB 8, Center-P.Scales. J.Mickens to TB 16 for 8 yards (J.Wims; C.Patterson).",4,4,8,CHI,Punt,Return,41420,44029,NA,CHI,33,02:59:00,NA,NA,NA,17,19,NA,59,8,51,77,CHI,TB,OK,0.87,2.17,4.45,N,R,C,C,C,NA,CHI 84,CHI 83,NA,CHI 84; CHI 83,NA,NA,TB 35; TB 29,CC,2020-10-09T03:09:08.800Z,18.61,35.14,2.82,2.18,0.28,114.46,314.16,punt_received,44029,Jaydon Mickens,85,WR,away,77,left,18.56,34.82,84,83,CHI,30.09,29.23,33.23,38.62,12.911952,15.028466,69.34
2020112910,789,"(5:38) B.Pinion punts 62 yards to KC 5, Center-Z.Triner. M.Hardman ran ob at KC 10 for 5 yards (H.Miller).",1,4,2,TB,Punt,Return,42508,47839,NA,TB,33,05:38:00,NA,NA,NA,0,10,NA,62,5,57,43,TB,KC,OK,0.88,2.16,4.96,N,R,R,R,R,NA,NA,TB 36,NA,TB 36; TB 29,KC 19; KC 50; KC 54; KC 56; KC 82,NA,KC 38; KC 20,CFFG,2020-11-29T21:57:37.500Z,105.65,7.16,2.27,1.07,0.22,261.18,309.36,punt_received,47839,Mecole Hardman,17,WR,away,102,right,105.17,6.86,36,29,TB,84.22,13.15,110.29,4.71,22.251404,5.247104,25.74
2019122206,1359,"(9:13) S.Koch punts 60 yards to CLE 10, Center-M.Cox. D.Hilliard to CLE 21 for 11 yards (C.Moore).",2,4,4,BAL,Punt,Return,31018,46506,NA,BAL,30,09:13:00,NA,NA,NA,6,0,NA,60,11,49,80,CLE,BAL,OK,0.81,2.1,4.35,N,L,L,C,C,BAL 43,NA,BAL 10,NA,BAL 10; BAL 43,CLE 12; CLE 31; CLE 57,NA,CLE 20; CLE 18; CLE 22,CC,2019-12-22T18:59:28.700Z,21.23,13.54,1.8,1.29,0.19,91.12,291.86,punt_received,46506,Dontrell Hilliard,25,RB,home,76,left,22.33,13.22,10,43,BAL,43.79,3.69,44.58,14.06,24.616581,23.35579,49.61
2020101100,3132,"(14:33) J.Charlton punts 54 yards to ATL 21, Center-J.Jansen. B.Powell to ATL 24 for 3 yards (T.Cannon).",4,4,10,CAR,Punt,Return,53146,46830,NA,CAR,25,14:33:00,NA,NA,NA,13,20,NA,54,3,51,35,ATL,CAR,OK,0.77,1.88,4.92,N,L,L,R,R,CAR 38,NA,CAR 36,NA,CAR 38; CAR 36,ATL 40; ATL 46,NA,ATL 26; ATL 33,CC,2020-10-11T19:19:25.000Z,88.19,46.38,1.31,1.51,0.13,258.59,109.69,punt_received,46830,Brandon Powell,15,WR,home,80,right,88.05,46.54,38,36,CAR,82.26,46.45,78.78,40.32,5.9304132,11.192484,25.37
2018101403,3013,"(10:39) T.Daniel punts 45 yards to BUF 14, Center-J.Weeks. M.Hyde to BUF 14 for no gain (T.Adams). PENALTY on BUF-S.Neal, Offensive Holding, 7 yards, enforced at BUF 14.",4,4,10,HOU,Punt,Return,46810,40107,NA,HOU,41,10:39:00,OH,BUF 29,7,10,13,NA,45,0,52,51,HOU,BUF,OK,0.82,2,4.68,N,R,R,L,L,NA,NA,NA,NA,HOU 23; HOU 18,NA,BUF 16,BUF 29; BUF 30; BUF 26,CC,2018-10-14T19:19:48.400Z,95.44,13.61,1.91,0.57,0.19,291.42,191.88,punt_received,40107,Micah Hyde,23,SS,away,80,right,95.37,13.65,23,18,HOU,76.17,32.56,73.8,15.16,27.026567,21.69544,51.22
2018091606,182,"(13:08) C.Johnston punts 63 yards to TB 7, Center-R.Lovato. A.Humphries to TB 17 for 10 yards (C.Clement).",1,4,5,PHI,Punt,Return,45603,43010,NA,PHI,30,13:08:00,NA,NA,NA,7,0,NA,63,10,53,40,TB,PHI,OK,0.86,2.03,4.69,N,C,C,L,L,NA,NA,PHI 30,NA,PHI 18; PHI 29,TB 52,TB 31; TB 39,TB 36; TB 35; TB 22,CC,2018-09-16T17:08:31.200Z,101.33,27.5,2.89,1.93,0.3,283.18,103,punt_received,43010,Adam Humphries,10,WR,home,78,right,100.1,27.89,18,29,PHI,88.04,35.14,83.15,5.87,15.329504,28.25543,95.35
2018101403,2530,"(3:41) T.Daniel punts 53 yards to BUF 13, Center-J.Weeks. M.Hyde pushed ob at BUF 21 for 8 yards (B.Scarlett).",3,4,7,HOU,Punt,Return,46810,40107,NA,HOU,34,03:41:00,NA,NA,NA,10,3,NA,53,8,45,76,HOU,BUF,OK,0.8,2.01,4.37,N,R,R,L,L,NA,NA,HOU 57,NA,HOU 23; HOU 33,NA,NA,BUF 16; BUF 29; BUF 30; BUF 26,CC,2018-10-14T18:54:44.500Z,23.81,45.47,2.53,3.47,0.27,121.75,342.45,punt_received,40107,Micah Hyde,23,SS,away,78,left,23.72,45.49,23,33,HOU,42.68,38.4,46.26,51.4,20.150974,23.219978,29.31
2019100601,125,"(14:18) (Punt formation) R.Winslow punts 54 yards to CIN 20, Center-A.Brewer. A.Erickson to CIN 30 for 10 yards (C.Banjo).",1,4,7,ARI,Punt,Return,46790,43663,NA,ARI,26,14:18:00,NA,NA,NA,0,0,NA,54,10,44,36,CIN,ARI,OK,0.91,2.24,4.29,N,C,C,L,L,ARI 37,NA,ARI 38,NA,ARI 89; ARI 37,CIN 57,NA,CIN 20; CIN 40; CIN 29,CC,2019-10-06T17:05:01.100Z,88.66,19.9,2.35,1.02,0.23,303.91,110.98,punt_received,43663,Alex Erickson,12,WR,home,76,right,88.6,20.29,89,37,ARI,80.81,23.65,70.1,1.83,8.699713,25.903639,76.14
2019110700,849,"(1:48) A.Cole punts 50 yards to LAC 33, Center-T.Sieg. D.King to LAC 47 for 14 yards (K.Wilber). Penalty on LAC-J.Moore, Illegal Block Above the Waist, declined. PENALTY on LAC-R.Jenkins, Offensive Holding, 10 yards, enforced at LAC 33.",1,4,13,OAK,Punt,Return,48335,44964,NA,OAK,17,01:48:00,IBW;OH,LAC 89;LAC 23,10,10,0,NA,50,0,60,93,OAK,LAC,OK,0.91,2.25,4.44,A,C,C,C,C,OAK 45,NA,NA,NA,OAK 35; OAK 26,LAC 42,LAC 57; LAC 89,LAC 28; LAC 23; LAC 27,CC,2019-11-08T01:56:58.700Z,43.27,29.51,1.28,1.98,0.13,96.8,299.12,punt_received,44964,Desmond King,20,CB,away,78,left,44.91,29.26,35,26,OAK,90.18,13.85,48.49,31.89,49.454865,5.736968,90.21
2020092013,3302,"(9:09) J.Bailey punts 56 yards to SEA 15, Center-J.Cardona. D.Moore to SEA 35 for 20 yards (C.Davis; M.Slater).",4,4,8,NE,Punt,Return,47946,45039,NA,NE,29,09:09:00,NA,NA,NA,28,23,NA,56,20,36,81,SEA,NE,OK,0.8,2.13,4.7,N,C,C,R,R,NE 34; NE 50,NE 18,NE 22,NA,NE 18; NE 29,SEA 55; SEA 57; SEA 99,NA,SEA 28; SEA 21; SEA 23,CC,2020-09-21T02:54:10.800Z,25.88,29.12,2.25,1.4,0.23,105.03,258.69,punt_received,45039,David Moore,83,WR,home,79,left,26.82,29.04,18,29,NE,43.34,1.68,34.92,29.3,32.52392,9.041792,91.03
2018121611,4369,"(3:03) C.Johnston punts 52 yards to LA 33, Center-R.Lovato. J.Natson to LA 36 for 3 yards. FUMBLES, RECOVERED by PHI-D.Alexander at LA 36. D.Alexander to LA 36 for no gain (J.Natson).",4,4,12,PHI,Punt,Return,45603,45150,NA,PHI,15,03:03:00,NA,NA,NA,23,30,NA,52,3,49,95,LA,PHI,OK,0.84,1.98,4.81,N,C,C,NA,NA,NA,NA,NA,NA,PHI 18; PHI 36,LA 52,LA 24,LA 41; LA 32; LA 37,CC,2018-12-17T04:24:49.600Z,43.49,34.27,0.91,2.65,0.09,114.93,274.16,punt_received,45150,JoJo Natson,19,WR,home,77,left,44.28,34.0,18,36,PHI,56.32,2.8,46.51,35.72,33.984848,3.3500597,72.42
2019110700,3233,"(12:19) A.Cole punts 49 yards to LAC 12, Center-T.Sieg. D.King to LAC 20 for 8 yards (N.Morrow).",4,4,17,OAK,Punt,Return,48335,44964,NA,OAK,39,12:19:00,NA,NA,NA,20,17,NA,49,8,41,71,OAK,LAC,OK,0.91,2.3,4.15,N,C,C,C,C,OAK 87,NA,OAK 50,NA,OAK 35; OAK 26,NA,LAC 89,LAC 28; LAC 23; LAC 27,CC,2019-11-08T03:51:45.700Z,21.48,27.04,1.15,2.87,0.1,93.92,168.19,punt_received,44964,Desmond King,20,CB,away,75,left,22.19,26.71,35,26,OAK,45.76,1.3,44.46,26.93,35.384544,22.980263,99.77
2019100610,2218,"(13:27) T.Long punts 47 yards to DEN 37, Center-C.Mazza. D.Spencer pushed ob at LAC 45 for 18 yards (A.Patton). PENALTY on DEN-F.Brown, Illegal Block Above the Waist, 10 yards, enforced at DEN 45.",3,4,6,LAC,Punt,Return,42663,42051,NA,LAC,16,13:27:00,IBW,DEN 19,10,0,17,NA,47,8,49,26,LAC,DEN,OK,0.91,2.23,3.34,N,C,C,R,R,NA,NA,NA,NA,LAC 16; LAC 28,DEN 97,DEN 23; DEN 36,DEN 20; DEN 26; DEN 27,CC,2019-10-06T21:45:43.700Z,72.68,30.15,0.3,2.76,0.05,258.12,329.94,punt_received,42051,Diontae Spencer,11,WR,away,70,right,72.78,30.24,16,28,LAC,53.85,46.66,60.91,20.58,25.042944,15.169634,86.53
2020121305,1459,"(4:27) T.Townsend punts 58 yards to MIA 26, Center-J.Winchester. J.Grant to MIA 22 for -4 yards (A.Hamilton; B.Niemann).",2,4,15,KC,Punt,Return,52791,43475,NA,KC,16,04:27:00,NA,NA,NA,10,7,NA,58,-4,62,94,MIA,KC,OK,0.82,2.03,4.34,N,C,C,NA,NA,KC 41,KC 56,KC 20,NA,KC 20; KC 45,NA,NA,MIA 23; MIA 29; MIA 35; MIA 24,CC,2020-12-13T19:06:17.300Z,38.17,21.18,3.62,0.42,0.37,90.4,294.25,punt_received,43475,Jakeem Grant,19,WR,home,77,left,38.58,20.77,20,45,KC,50.38,13.94,57.64,20.15,14.195129,19.497225,77.94
2020110810,3645,"(4:19) H.Niswander punts 39 yards to PIT 21, Center-L.Ladouceur. R.McCloud to PIT 21 for no gain (C.Goodwin).",4,4,7,DAL,Punt,Return,50975,46256,NA,DAL,40,04:19:00,NA,NA,NA,19,18,NA,39,0,39,50,DAL,PIT,OK,0.91,2.31,3.79,N,C,C,NA,NA,NA,NA,DAL 29,NA,DAL 29; DAL 11,PIT 45; PIT 99,NA,PIT 42; PIT 31,CC,2020-11-09T00:11:56.200Z,89.22,27.52,2.08,2.71,0.22,268.15,280.8,punt_received,46256,Ray-Ray McCloud,14,WR,away,73,right,87.72,27.43,29,11,DAL,87.62,31.71,82.07,25.12,4.4850974,7.542049,97.07
2020101300,876,"(2:14) C.Bojorquez punts 57 yards to TEN 30, Center-R.Ferguson. K.Raymond pushed ob at BUF 30 for 40 yards (C.Bojorquez).",1,4,6,BUF,Punt,Return,46903,43584,NA,BUF,13,02:14:00,NA,NA,NA,7,7,NA,57,40,17,97,TEN,BUF,OK,0.88,2.17,5.2,N,C,C,L,L,NA,NA,BUF 09,NA,BUF 25; BUF 33,NA,NA,TEN 36; TEN 30; TEN 23,CC,2020-10-13T23:38:21.600Z,40.53,21.6,2.19,0.84,0.22,92.43,251.29,punt_received,43584,Kalif Raymond,14,WR,home,85,left,41.44,21.25,25,33,BUF,49.92,14.37,61.58,31.23,11.850949,23.148205,79.74
2019101700,2334,"(10:11) C.Wadman punts 41 yards to KC 13, Center-C.Kreiter. D.Thomas MUFFS catch, and recovers at KC 13. D.Thomas to KC 14 for 1 yard (I.Yiadom).",3,4,8,DEN,Punt,Muffed,45986,41353,NA,DEN,46,10:11:00,NA,NA,NA,6,20,NA,41,1,40,56,DEN,KC,OK,0.85,2.18,4.42,A,R,R,NA,NA,NA,NA,DEN 26,NA,DEN 19; DEN 26,NA,KC 49,KC 23; KC 35; KC 24,MBDR,2019-10-18T02:07:20.600Z,96.3,9.17,4.39,0.87,0.43,243.93,176.18,punt_received,41353,De'Anthony Thomas,84,WR,away,81,right,95.97,8.92,19,26,DEN,70.93,22.57,91.74,7.57,28.691408,4.8325562,33.47
2019091501,3201,"(3:17) (Punt formation) K.Huber punts 50 yards to SF 18, Center-C.Harris. R.James Jr. to SF 18 for no gain (B.Wilson).",3,4,3,CIN,Punt,Return,34593,46309,NA,CIN,32,03:17:00,NA,NA,NA,10,34,NA,50,0,50,42,CIN,SF,OK,0.92,2.13,4.25,N,L,L,NA,NA,NA,NA,CIN 40,NA,CIN 40; CIN 29,NA,SF 32; SF 38,SF 41; SF 33,CC,2019-09-15T19:11:37.300Z,92.73,44.81,3.33,1.0,0.34,285.72,7.19,punt_received,46309,Richie James,13,WR,away,76,right,91.24,44.74,40,29,CIN,89.87,44.64,61.33,22.46,2.865048,38.541958,32.12
2020092004,1862,"(1:57) M.Haack punts 58 yards to BUF 18, Center-B.Ferguson. A.Roberts ran ob at BUF 29 for 11 yards (A.Van Ginkel). PENALTY on BUF-T.Jones, Illegal Block Above the Waist, 10 yards, enforced at BUF 29.",2,4,11,MIA,Punt,Return,45296,35527,NA,MIA,24,01:57:00,IBW,BUF 25,10,7,17,NA,58,11,57,34,MIA,BUF,OK,0.73,2.19,4.91,N,C,C,L,L,NA,NA,NA,NA,MIA 86; MIA 35,BUF 13; BUF 40; BUF 44; BUF 59; BUF 86,BUF 31,BUF 24; BUF 33; BUF 25,CC,2020-09-20T18:22:35.600Z,91.2,24.38,3.08,2.79,0.32,267.96,74.73,punt_received,35527,Andre Roberts,18,WR,away,82,right,89.58,24.18,86,35,MIA,79.31,27.96,71.68,9.06,12.417266,24.813963,90.73
2020120702,3162,"(4:30) T.Way punts 52 yards to PIT 7, Center-N.Sundberg. R.McCloud to PIT 18 for 11 yards (J.Sprinkle).",3,4,3,WAS,Punt,Return,40600,46256,NA,WAS,41,04:30:00,NA,NA,NA,14,10,NA,52,11,41,51,PIT,WAS,L,0.81,1.89,4.58,N,C,C,C,L,NA,NA,WAS 87,NA,WAS 30; WAS 32,PIT 37; PIT 92; PIT 99,NA,PIT 42; PIT 31,BC,2020-12-08T00:27:10.500Z,102.7,25.18,1.36,4.06,0.14,243.18,143.01,punt_received,46256,Ray-Ray McCloud,14,WR,home,85,right,102.34,25.06,30,32,WAS,94.29,28.61,90.56,16.94,9.082565,14.672328,94.03
