gameId,playId,playDescription,quarter,down,yardsToGo,possessionTeam,specialTeamsPlayType,specialTeamsResult,kickerId,returnerId,kickBlockerId,yardlineSide,yardlineNumber,gameClock,penaltyCodes,penaltyJerseyNumbers,penaltyYards,preSnapHomeScore,preSnapVisitorScore,passResult,kickLength,kickReturnYardage,playResult,absoluteYardlineNumber,homeTeamAbbr,visitorTeamAbbr,snapDetail,snapTime,operationTime,hangTime,kickType,kickDirectionIntended,kickDirectionActual,returnDirectionIntended,returnDirectionActual,missedTackler,assistTackler,tackler,kickoffReturnFormation,gunners,puntRushers,specialTeamsSafeties,vises,kickContactType,time,x,y,s,a,dis,o,dir,event,nflId,displayName,jerseyNumber,position,team,frameId,playDirection,x_football,y_football,gunner1_jersey_num,gunner2_jersey_num,defense_team_abbr,x_gunner1,y_gunner1,x_gunner2,y_gunner2,distance_returner_gunner1,distance_returner_gunner2,y_football_rescaled
2019111708,2755,"(9:45) A.Lee punts 44 yards to SF 35, Center-A.Brewer. R.James Jr. pushed ob at SF 37 for 2 yards (D.Daniels).",3,4,14,ARI,Punt,Return,29141,46309,NA,ARI,21,09:45:00,NA,NA,NA,17,16,NA,44,2,42,31,SF,ARI,OK,0.89,2.13,3.44,N,C,C,NA,NA,ARI 87,NA,ARI 81,NA,ARI 16; ARI 28,NA,NA,SF 33; SF 32; SF 23,CC,2019-11-17T23:04:05.600Z,74.61,25.48,2.1,1.32,0.22,267.8,273.06,punt_received,46309,Richie James,13,WR,home,67,right,74.02,25.28,16,28,ARI,49.31,32.73,65.02,9.69,26.318293,18.474096,94.86
2020120600,226,"(12:19) T.Morstead punts 49 yards to ATL 40, Center-Z.Wood. B.Powell to ATL 47 for 7 yards (D.Washington).",1,4,6,NO,Punt,Return,34615,46830,NA,NO,11,12:19:00,NA,NA,NA,0,0,NA,49,7,42,21,ATL,NO,OK,0.78,2.18,4.22,N,R,R,L,L,NO 83,NA,NO 24,NA,NO 48; NO 83,NA,ATL 13,ATL 26; ATL 20,CC,2020-12-06T18:08:40.000Z,69.53,10.85,1.24,2.99,0.11,310.5,44.25,punt_received,46830,Brandon Powell,15,WR,home,82,right,69.37,10.8,48,83,NO,64.73,15.64,67.09,9.69,6.7811575,2.701703,40.53
2020091401,394,"(9:04) S.Martin punts 51 yards to TEN 12, Center-J.Bobenmoyer. K.Raymond to TEN 23 for 11 yards (D.Tuszka). PENALTY on TEN-A.Hooker, Offensive Holding, 10 yards, enforced at TEN 23.",1,4,8,DEN,Punt,Return,40113,43584,NA,DEN,37,09:04:00,OH,TEN 37,10,0,0,NA,51,11,50,47,DEN,TEN,OK,0.8,2.11,4.17,A,C,C,R,R,DEN 16,NA,NA,NA,DEN 16; DEN 20,NA,NA,TEN 30; TEN 23,CC,2020-09-15T02:33:11.000Z,97.55,36.3,2.71,1.24,0.27,290.94,5.43,punt_received,43584,Kalif Raymond,14,WR,away,74,right,96.98,36.2,16,20,DEN,93.11,37.19,85.47,32.27,4.528322,12.734492,64.17
2020100409,522,"(4:19) S.Koch punts 49 yards to WAS 16, Center-M.Cox. G.Stroman to WAS 13 for -3 yards (J.Hill).",1,4,7,BAL,Punt,Return,31018,46310,NA,BAL,35,04:19:00,NA,NA,NA,0,0,NA,49,-3,52,75,WAS,BAL,OK,0.92,2.21,4.85,N,C,C,R,C,NA,NA,BAL 43,NA,BAL 43; BAL 13,NA,NA,WAS 20; WAS 25,CC,2020-10-04T17:18:52.700Z,25.59,32.85,2.5,1.49,0.24,133.67,206.45,punt_received,46310,Greg Stroman,37,DB,home,81,left,25.63,32.8,43,13,BAL,29.62,32.2,27.86,34.74,4.0820827,2.9538112,76.92
2018102800,1437,"(1:54) (Punt formation) C.Johnston punts 51 yards to JAX 34, Center-R.Lovato. R.Greene to JAX 42 for 8 yards (K.Grugier-Hill, T.Sullivan).",2,4,7,PHI,Punt,Return,45603,42482,NA,PHI,15,01:54:00,NA,NA,NA,6,3,NA,51,8,43,25,JAX,PHI,OK,0.89,2.03,4.26,N,C,C,C,C,NA,PHI 16,PHI 54,NA,PHI 18; PHI 16,NA,NA,JAX 84; JAX 41,CC,2018-10-28T14:34:40.400Z,76.15,25.85,0.59,1.3,0.06,283.41,75.93,punt_received,42482,Rashad Greene,13,WR,home,77,right,76.51,26.23,18,16,PHI,61.56,38.22,61.64,16.56,19.12812,17.229168,98.42
2020121310,3132,"(9:07) T.Long punts 52 yards to ATL 21, Center-C.Mazza. B.Powell to ATL 41 for 20 yards (B.Facyson).",4,4,12,LAC,Punt,Return,42663,46830,NA,LAC,27,09:07:00,NA,NA,NA,17,17,NA,52,20,32,37,LAC,ATL,OK,0.9,2.19,4.45,N,C,C,C,L,NA,NA,LAC 28,NA,LAC 37; LAC 28,NA,ATL 32,ATL 26; ATL 44; ATL 20,CC,2020-12-13T23:41:11.100Z,88.5,17.96,2.19,2.84,0.22,242.3,169.77,punt_received,46830,Brandon Powell,15,WR,away,79,right,88.75,17.94,37,28,LAC,83.83,24.36,65.83,10.76,7.922683,23.785896,67.32
2020112212,4173,"(3:00) T.Long punts 56 yards to NYJ 20, Center-C.Mazza. B.Berrios to NYJ 36 for 16 yards (M.Jefferson). PENALTY on LAC-C.Mazza, Offensive Holding, 10 yards, enforced at NYJ 36.",4,4,10,LAC,Punt,Return,42663,46279,NA,LAC,24,03:00:00,OH,LAC 45,-10,34,26,NA,56,16,30,86,LAC,NYJ,OK,0.92,2.12,4.55,N,C,C,C,C,NA,NA,LAC 46,NA,LAC 12; LAC 83,NYJ 39; NYJ 47; NYJ 50; NYJ 58; NYJ 93,NA,NYJ 40; NYJ 38,CC,2020-11-22T23:57:08.700Z,30.05,26.22,1.62,2.42,0.16,96.67,23.02,punt_received,46279,Braxton Berrios,10,WR,away,77,left,30.79,26.08,12,83,LAC,61.08,18.84,62.14,36.26,31.895536,33.623947,97.86
2018100702,1828,"(:40) K.Huber punts 50 yards to MIA 29, Center-C.Harris. J.Grant pushed ob at CIN 2 for 69 yards (C.Core). The Replay Official reviewed the runner was out of bounds ruling, and the play was REVERSED. K.Huber punts 50 yards to MIA 29, Center-C.Harris. J.Grant for 71 yards, TOUCHDOWN.",2,4,6,CIN,Punt,Return,34593,43475,NA,CIN,21,00:40:00,NA,NA,NA,0,7,NA,50,71,-21,89,CIN,MIA,OK,0.91,2.19,4.61,N,R,R,R,R,CIN 81; CIN 86,NA,NA,NA,CIN 40; CIN 16,MIA 75,NA,MIA 26; MIA 31; MIA 23; MIA 35,CC,2018-10-07T18:17:27.600Z,39.37,44.08,1.39,0.91,0.14,76.12,290.14,punt_received,43475,Jakeem Grant,19,WR,away,79,left,39.58,43.97,40,16,CIN,56.41,33.86,54.78,52.36,19.869827,17.493612,35.01
2019100300,452,"(9:42) M.Dickson punts 43 yards to LA 16, Center-T.Ott. J.Natson to LA 31 for 15 yards (B.Burr-Kirven).",1,4,5,SEA,Punt,Return,46218,45150,NA,SEA,41,09:42:00,NA,NA,NA,0,3,NA,43,15,28,51,SEA,LA,OK,0.91,2.08,3.93,N,C,C,R,R,SEA 42; SEA 44,NA,SEA 55,NA,SEA 28; SEA 23,LA 50; LA 57; LA 58; LA 88,NA,LA 31; LA 20,CC,2019-10-04T00:40:17.100Z,94.1,23.11,2.75,1.6,0.27,301.44,349.34,punt_received,45150,JoJo Natson,19,WR,away,71,right,93.16,22.89,28,23,SEA,83.21,26.62,87.23,6.31,11.441687,18.150396,85.89
2018090910,1329,"(7:20) C.Jones punts 49 yards to CAR 27, Center-L.Ladouceur. D.Byrd to CAR 30 for 3 yards (J.Thomas; L.Ladouceur).",2,4,11,DAL,Punt,Return,38138,42899,NA,DAL,24,07:20:00,NA,NA,NA,7,0,NA,49,3,46,86,CAR,DAL,H,0.87,2.23,4.79,N,R,R,C,C,NA,NA,DAL 48,NA,DAL 35; DAL 30,NA,NA,CAR 28; CAR 26; CAR 35; CAR 24,CC,2018-09-09T21:29:51.400Z,36.78,40.64,2.6,1.94,0.26,131.85,239.38,punt_received,42899,Damiere Byrd,18,WR,home,84,left,37.55,40.31,35,30,DAL,52.72,35.94,47.35,48.54,16.618471,13.196018,48.74
2018120910,2804,"(13:04) C.Wadman punts 53 yards to SF 26, Center-C.Kreiter. T.Taylor to SF 44 for 18 yards (S.Thomas).",3,4,16,DEN,Punt,Return,45986,44990,NA,DEN,21,13:04:00,NA,NA,NA,20,0,NA,53,18,35,31,SF,DEN,OK,0.88,2.07,4.55,N,C,C,C,C,DEN 42,NA,DEN 38,NA,DEN 38; DEN 27,NA,SF 26,SF 33; SF 32; SF 23,CC,2018-12-09T22:56:50.800Z,83.82,35.37,0.53,1.75,0.04,285.16,228.83,punt_received,44990,Trent Taylor,81,WR,home,78,right,83.05,35.53,38,27,DEN,63.56,48.84,58.76,26.5,24.32917,26.583464,66.68
2019090804,1994,"(:49) B.Colquitt punts 57 yards to ATL 33, Center-A.Cutting. K.Barner to ATL 45 for 12 yards (K.Brothers).",2,4,10,MIN,Punt,Return,34723,40130,NA,MIN,10,00:49:00,NA,NA,NA,21,0,NA,57,12,45,100,MIN,ATL,OK,0.78,2.06,4.37,N,C,C,L,C,NA,NA,MIN 40,NA,MIN 31; MIN 27,ATL 14,NA,ATL 83; ATL 20; ATL 27,CC,2019-09-08T18:28:51.300Z,42.89,38.29,2.38,2.02,0.24,95.76,332.31,punt_received,40130,Kenjon Barner,38,RB,away,78,left,43.34,38.07,31,27,MIN,60.11,26.97,50.01,38.14,20.607542,7.1215796,57.15
2018123012,516,"(7:50) C.Johnston punts 45 yards to WAS 37, Center-R.Lovato. J.Crowder to WAS 46 for 9 yards (K.Grugier-Hill).",1,4,8,PHI,Punt,Return,45603,42448,NA,PHI,18,07:50:00,NA,NA,NA,0,0,NA,45,9,36,28,WAS,PHI,OK,0.93,2.1,4.05,N,C,C,C,C,NA,NA,PHI 54,NA,PHI 48; PHI 36,WAS 58,WAS 16; WAS 45,WAS 37; WAS 39; WAS 36,CC,2018-12-30T21:43:26.000Z,73.34,27.07,3.71,1.32,0.38,279.36,4.22,punt_received,42448,Jamison Crowder,80,WR,home,73,right,72.59,27.04,48,36,PHI,56.38,50.15,62.7,16.87,28.641369,14.739389,98.54
2018091607,2794,"(:17) (Punt formation) B.Kern punts 52 yards to HOU 31, Center-B.Brinkley. T.Ervin to HOU 30 for -1 yards (D.Cruikshank).",3,4,18,TEN,Punt,Return,33338,43408,NA,TEN,17,00:17:00,NA,NA,NA,14,10,NA,52,-1,53,27,TEN,HOU,OK,0.76,2.01,4.27,N,C,C,NA,NA,NA,NA,TEN 29,NA,TEN 36; TEN 29,HOU 28,NA,HOU 31; HOU 23; HOU 43,CC,2018-09-16T19:10:33.800Z,79.05,20.93,1.7,1.41,0.18,279.37,36.22,punt_received,43408,Tyler Ervin,21,RB,away,75,right,78.75,20.72,36,29,TEN,58.8,29.32,75.65,18.24,21.919275,4.335447,77.75
2018120300,1663,"(2:33) T.Way punts 44 yards to PHI 46, Center-N.Sundberg. D.Sproles to WAS 40 for 14 yards (D.Everett).",2,4,3,WAS,Punt,Return,40600,29957,NA,WAS,10,02:33:00,NA,NA,NA,7,10,NA,44,14,30,100,PHI,WAS,OK,0.76,2.12,4.74,N,R,R,L,L,WAS 16,NA,WAS 22,NA,WAS 16; WAS 41,NA,NA,PHI 34; PHI 36; PHI 41,BC,2018-12-04T02:23:41.300Z,55.71,49.96,2.15,3.69,0.23,65.68,19.88,punt_received,29957,Darren Sproles,43,RB,home,81,left,55.71,50.29,16,41,WAS,64.22,42.35,72.86,38.23,11.416313,20.777761,11.29
2020100404,3243,"(9:46) J.Fox punts 53 yards to NO 24, Center-D.Muhlbach. A.Kamara to NO 24 for no gain (D.Harmon).",4,4,13,DET,Punt,Return,48258,44879,NA,DET,23,09:46:00,NA,NA,NA,21,35,NA,53,0,53,33,DET,NO,OK,0.89,2.09,4.86,N,C,C,NA,NA,NA,NA,DET 26,NA,DET 39; DET 34,NO 07; NO 24,NA,NO 48; NO 22; NO 34; NO 25,CC,2020-10-04T19:35:35.600Z,86.33,19.97,2.81,3.21,0.28,120.83,14.08,punt_received,44879,Alvin Kamara,41,RB,away,82,right,85.94,20.21,39,34,DET,50.43,39.14,73.88,7.27,40.69765,17.784615,75.83
2018120212,911,"(14:11) M.Wile punts 47 yards to NE 25, Center-K.McDermott. J.Edelman to NE 31 for 6 yards (E.Wilson).",2,4,6,MIN,Punt,Return,42907,34683,NA,MIN,28,14:11:00,NA,NA,NA,7,0,NA,47,6,41,82,NE,MIN,OK,0.87,2.07,5.1,N,R,R,L,L,NA,NA,MIN 50,NA,MIN 35; MIN 27,NE 36,NA,NE 31; NE 32; NE 23,CC,2018-12-02T21:58:53.800Z,35.11,48.45,0.89,1.13,0.09,97.39,25.88,punt_received,34683,Julian Edelman,11,WR,home,80,left,36.21,47.93,35,27,MIN,45.82,36.4,63.19,54.53,16.121618,28.730694,20.15
2018123012,608,"(6:50) T.Way punts 39 yards to PHI 19, Center-A.East. D.Sproles to PHI 21 for 2 yards (A.Alexander).",1,4,14,WAS,Punt,Return,40600,29957,NA,WAS,42,06:50:00,NA,NA,NA,0,0,NA,39,2,37,68,WAS,PHI,OK,0.92,2.16,3.91,N,R,R,L,L,NA,NA,WAS 39,NA,WAS 16; WAS 39,PHI 49,NA,PHI 29; PHI 34,CC,2018-12-30T21:48:10.800Z,28.69,39.88,5.04,4.67,0.53,69.73,32.85,punt_received,29957,Darren Sproles,43,RB,away,74,left,29.05,40.0,16,39,WAS,36.08,19.47,32.01,40.63,21.706686,3.4036598,49.91
2020120600,3203,"(:12) S.Hofrichter punts 48 yards to NO 37, Center-J.Harris. T.Lewis to NO 45 for 8 yards (J.Tuioti-Mariner; L.Stocker).",3,4,8,ATL,Punt,Return,52636,43948,NA,ATL,15,00:12:00,NA,NA,NA,9,21,NA,48,8,40,95,ATL,NO,OK,0.83,2.08,4.37,N,L,L,R,R,NA,ATL 91,ATL 88,NA,ATL 23; ATL 20,NO 55; NO 96,NA,NO 48; NO 22; NO 25; NO 36,CC,2020-12-06T20:21:35.600Z,46.9,9.73,1.33,3.07,0.14,90.2,176.73,punt_received,43948,Tommylee Lewis,14,WR,away,77,left,47.72,9.64,23,20,ATL,60.19,3.8,58.85,35.29,14.552972,28.215528,36.17
2018090909,918,"(13:27) A.Lee punts 57 yards to WAS 15, Center-A.Brewer. T.Quinn to WAS 27 for 12 yards (D.Coleman).",2,4,7,ARI,Punt,Return,29141,46325,NA,ARI,28,13:27:00,NA,NA,NA,0,7,NA,57,12,45,82,ARI,WAS,OK,0.79,2.15,4.24,N,C,C,C,C,NA,NA,ARI 32,NA,ARI 26; ARI 23,NA,NA,WAS 41; WAS 30; WAS 31; WAS 22,CC,2018-09-09T21:04:31.300Z,26.03,21.11,2.68,2.17,0.28,100.79,297.49,punt_received,46325,Trey Quinn,14,WR,away,78,left,27.77,20.63,26,23,ARI,37.58,12.08,64.4,14.37,14.660948,38.95747,77.41
2020111900,554,"(6:08) M.Dickson punts 45 yards to ARI 30, Center-T.Ott. C.Kirk to ARI 36 for 6 yards (C.Barton; R.Neal).",1,4,8,SEA,Punt,Return,46218,46116,NA,SEA,25,06:08:00,NA,NA,NA,7,0,NA,45,6,39,35,SEA,ARI,OK,0.85,2.14,3.15,A,C,C,R,R,NA,SEA 57,SEA 35,NA,SEA 35; SEA 39,NA,ARI 31,ARI 33; ARI 22; ARI 25,CC,2020-11-20T01:41:26.200Z,80.05,28.79,1.8,1.83,0.17,278.21,22.94,punt_received,46116,Christian Kirk,13,WR,away,65,right,79.39,28.62,35,39,SEA,59.99,51.9,67.41,22.35,30.60189,14.186021,92.61
2021010303,3224,"(6:07) J.Townsend punts 55 yards to CIN 14, Center-M.Cox. A.Erickson pushed ob at CIN 42 for 28 yards (M.Harrison).",4,4,7,BAL,Punt,Return,46242,43663,NA,BAL,31,06:07:00,NA,NA,NA,3,38,NA,55,28,27,79,CIN,BAL,OK,0.81,2.19,4.37,N,R,R,R,R,NA,NA,BAL 40,NA,BAL 10; BAL 43,CIN 32,CIN 17,CIN 27; CIN 40; CIN 38,CC,2021-01-03T20:40:48.300Z,24.78,38.51,2.59,2.57,0.26,137.51,250.58,punt_received,43663,Alex Erickson,12,WR,home,78,left,24.84,38.41,10,43,BAL,54.92,36.51,34.28,43.35,30.206284,10.661876,55.87
2020112203,787,"(1:29) J.Bailey punts 53 yards to HOU 13, Center-J.Cardona. K.Coutee to HOU 20 for 7 yards (J.Bethel).",1,4,12,NE,Punt,Return,47946,46172,NA,NE,34,01:29:00,NA,NA,NA,7,7,NA,53,7,46,44,HOU,NE,OK,0.73,2.22,4.71,N,C,C,C,C,NA,NE 22,NE 29,NA,NE 18; NE 29,HOU 54,NA,HOU 30; HOU 35; HOU 34; HOU 29,CC,2020-11-22T18:32:00.000Z,96.04,34.56,1.56,2.75,0.15,247.71,171.8,punt_received,46172,Keke Coutee,16,WR,home,80,right,94.94,34.71,18,29,NE,80.98,50.31,86.07,35.03,21.791422,9.981072,69.76
2020122010,3747,"(5:44) M.Dickson punts 57 yards to WAS 15, Center-T.Ott. S.Sims to WAS 14 for -1 yards (R.Neal).",4,4,7,SEA,Punt,Return,46218,48051,NA,SEA,28,05:44:00,NA,NA,NA,15,20,NA,57,-1,58,38,WAS,SEA,OK,0.9,2.13,4.65,N,R,R,NA,NA,SEA 39,NA,SEA 35,NA,SEA 39; SEA 35,NA,NA,WAS 32; WAS 20,CC,2020-12-20T20:46:30.900Z,93.81,14.07,3.06,1.58,0.31,279.58,90.66,punt_received,48051,Steven Sims,15,WR,home,77,right,93.37,13.99,39,35,SEA,86.28,18.15,87.86,3.95,8.564303,11.739544,52.5
2019092900,1304,"(12:23) M.Bosher punts 50 yards to TEN 36, Center-J.Harris. A.Humphries to TEN 38 for 2 yards (J.Graham).",2,4,6,ATL,Punt,Return,37267,43010,NA,ATL,14,12:23:00,NA,NA,NA,7,14,NA,50,2,48,24,ATL,TEN,OK,0.87,2.18,4.6,N,C,C,C,C,NA,NA,ATL 87,NA,ATL 20; ATL 83,NA,TEN 37,TEN 30; TEN 36; TEN 15,CC,2019-09-29T17:54:05.600Z,73.94,18.75,1.55,2.0,0.16,287.49,189.15,punt_received,43010,Adam Humphries,10,WR,away,79,right,72.4,18.88,20,83,ATL,70.35,21.78,58.48,10.3,4.6977654,17.618572,70.84
2019102712,626,"(5:26) J.Scott punts 43 yards to GB 48, Center-H.Bradley. M.Hardman pushed ob at GB 30 for 18 yards (D.Vitale).",1,4,23,GB,Punt,Return,46241,47839,NA,GB,5,05:26:00,NA,NA,NA,0,7,NA,43,18,25,105,KC,GB,OK,0.88,2.21,4.15,N,C,C,R,R,NA,NA,GB 45,NA,GB 25; GB 28,KC 44,KC 49,KC 23; KC 35; KC 24,CC,2019-10-28T00:48:28.100Z,61.75,30.71,5.03,4.19,0.51,127.58,127.21,punt_received,47839,Mecole Hardman,17,WR,home,75,left,62.23,30.79,25,28,GB,72.35,28.03,65.82,37.15,10.933545,7.6183004,84.47
2020120700,3818,"(3:44) C.Bojorquez punts 68 yards to SF 11, Center-R.Ferguson. B.Aiyuk pushed ob at SF 27 for 16 yards (R.Ferguson, A.Klein).",4,4,6,BUF,Punt,Return,46903,52433,NA,BUF,21,03:44:00,NA,NA,NA,17,34,NA,68,16,52,31,SF,BUF,OK,1.01,2.18,5.15,N,L,L,R,R,BUF 25; BUF 33; BUF 44,NA,BUF 69,NA,BUF 25; BUF 33,NA,NA,SF 35; SF 84; SF 23,CC,2020-12-08T04:01:36.800Z,96.65,42.2,5.49,1.39,0.55,22.13,47.56,punt_received,52433,Brandon Aiyuk,11,WR,home,85,right,96.31,42.29,25,33,BUF,87.52,42.95,88.18,34.78,9.160753,11.26043,41.31
2019102706,3996,"(2:06) (Punt formation) J.Hekker punts 56 yards to CIN 26, Center-J.McQuaide. A.Erickson to CIN 41 for 15 yards (K.Young). PENALTY on CIN-G.Pratt, Offensive Holding, 10 yards, enforced at CIN 26.",4,4,7,LA,Punt,Return,38815,43663,NA,LA,18,02:06:00,OH,CIN 57,10,24,10,NA,56,0,66,28,LA,CIN,OK,0.89,2.23,4.56,N,L,L,R,R,NA,NA,NA,NA,LA 88; LA 25,NA,NA,CIN 20; CIN 17; CIN 40; CIN 29,CC,2019-10-27T19:57:42.400Z,82.77,40.65,1.21,2.81,0.13,290.89,51.51,punt_received,43663,Alex Erickson,12,WR,away,80,right,82.1,40.88,88,25,LA,76.05,47.58,61.27,33.66,9.65315,22.607744,46.6
2019120110,3167,"(10:29) (Punt formation) J.Berry punts 36 yards to CLE 18, Center-K.Canaday. D.Hilliard to CLE 23 for 5 yards (A.Chickillo).",4,4,3,PIT,Punt,Return,42333,46506,NA,PIT,46,10:29:00,NA,NA,NA,20,10,NA,36,5,31,56,PIT,CLE,OK,0.72,2.02,4.53,N,C,C,C,C,PIT 41,NA,PIT 56,NA,PIT 31; PIT 80,NA,NA,CLE 20; CLE 39,CC,2019-12-01T20:31:02.200Z,91.96,32.16,1.48,4.46,0.14,262.94,330.06,punt_received,46506,Dontrell Hilliard,25,RB,away,83,right,91.79,32.14,31,80,PIT,91.37,33.52,89.45,26.48,1.4824642,6.2098713,79.4
2018112503,2446,"(12:24) K.Huber punts 48 yards to CLE 24, Center-C.Harris. A.Callaway to CLE 30 for 6 yards (C.Fejedelem). CIN-T.McRae was injured during the play.",3,4,7,CIN,Punt,Return,34593,46174,NA,CIN,28,12:24:00,NA,NA,NA,7,35,NA,48,6,42,38,CIN,CLE,OK,0.97,2.28,3.99,N,C,C,C,C,NA,NA,CIN 42,NA,CIN 40; CIN 29,NA,CLE 26; CLE 35; CLE 38,CLE 27; CLE 33,CC,2018-11-25T19:59:59.100Z,85.63,32.67,0.74,3.15,0.07,288.13,69.63,punt_received,46174,Antonio Callaway,11,WR,away,77,right,85.68,32.4,40,29,CIN,79.74,36.84,47.48,26.6,7.216717,38.629875,78.42
2019111709,136,"(12:20) A.Cole punts 47 yards to CIN 12, Center-T.Sieg. A.Erickson pushed ob at CIN 27 for 15 yards (F.Moreau).",1,4,15,OAK,Punt,Return,48335,43663,NA,OAK,41,12:20:00,NA,NA,NA,0,0,NA,47,15,32,51,OAK,CIN,OK,1.05,2.23,3.88,A,L,L,R,R,OAK 50,NA,OAK 87,NA,OAK 22; OAK 35,CIN 32,NA,CIN 26; CIN 40; CIN 29,CC,2019-11-17T21:28:59.700Z,97.21,49.32,6.65,2.76,0.68,352.05,359.55,punt_received,43663,Alex Erickson,12,WR,away,71,right,96.3,49.87,22,35,OAK,60.14,55.11,75.78,28.67,37.519447,29.760164,12.87
2019091513,962,"(:40) M.Bosher punts 42 yards to PHI 49, Center-J.Harris. D.Sproles to ATL 43 for 8 yards (L.Stocker).",1,4,10,ATL,Punt,Return,37267,29957,NA,ATL,9,00:40:00,NA,NA,NA,3,0,NA,42,8,34,19,ATL,PHI,OK,0.9,2.11,4.25,A,C,C,C,C,NA,NA,ATL 80,NA,ATL 20; ATL 83,PHI 16; PHI 37; PHI 47,NA,PHI 29; PHI 39; PHI 36,CC,2019-09-16T00:59:02.900Z,60.98,29.33,1.64,3.19,0.15,241.97,18.7,punt_received,29957,Darren Sproles,43,RB,away,76,right,61.43,29.11,20,83,ATL,49.51,29.97,52.38,23.38,11.487842,10.457653,90.77
2020091700,909,"(13:38) K.Huber punts 50 yards to CLE 30, Center-C.Harris. J.Natson to CLE 43 for 13 yards (C.Carter; J.Evans).",2,4,28,CIN,Punt,Return,34593,45150,NA,CIN,20,13:38:00,NA,NA,NA,7,3,NA,50,13,37,90,CLE,CIN,OK,0.85,2.21,3.58,N,L,C,R,R,CIN 40,CIN 82,CIN 50,NA,CIN 40; CIN 27,NA,NA,CLE 20; CLE 29; CLE 36,CC,2020-09-18T00:56:26.100Z,40.02,16.67,1.76,3.66,0.18,107.2,209.28,punt_received,45150,JoJo Natson,19,WR,home,70,left,40.47,16.62,40,27,CIN,44.32,16.21,62.07,24.4,4.324535,23.365688,62.36
2018102801,2345,"(11:59) M.Palardy punts 51 yards to BAL 12, Center-J.Jansen. C.Jones pushed ob at BAL 35 for 23 yards (D.Moore).",3,4,9,CAR,Punt,Return,42098,43349,NA,CAR,37,11:59:00,NA,NA,NA,24,7,NA,51,23,28,47,CAR,BAL,OK,0.82,2.11,4.84,N,R,R,L,L,CAR 54,NA,CAR 12,NA,CAR 18; CAR 12,NA,NA,BAL 28; BAL 36; BAL 25,CC,2018-10-28T18:50:27.500Z,97.45,13.55,1.0,1.53,0.12,248.02,192.09,punt_received,43349,Cyrus Jones,27,CB,away,81,right,97.49,13.33,18,12,CAR,83.8,25.12,72.5,2.04,17.893782,27.476946,50.02
2019091511,365,"(8:16) P.O'Donnell punts 51 yards to DEN 23, Center-P.Scales. D.Spencer pushed ob at DEN 31 for 8 yards (C.Patterson).",1,4,9,CHI,Punt,Return,41420,42051,NA,CHI,26,08:16:00,NA,NA,NA,3,0,NA,51,8,43,84,DEN,CHI,OK,0.78,1.97,4.52,A,C,C,R,R,NA,NA,CHI 84,NA,CHI 84; CHI 26,DEN 23,NA,DEN 27; DEN 41,CC,2019-09-15T20:37:32.900Z,33.61,20.87,1.2,2.31,0.12,101.27,260.65,punt_received,42051,Diontae Spencer,11,WR,home,77,left,35.24,20.51,84,26,CHI,46.98,24.03,39.77,24.17,13.7383585,6.9882474,76.96
2020101804,3077,"(7:08) R.Dixon punts 46 yards to WAS 23, Center-C.Kreiter. I.Wright to WAS 25 for 2 yards (M.Harper, C.Ballentine).",4,4,6,NYG,Punt,Return,43517,53044,NA,NYG,31,07:08:00,NA,NA,NA,13,13,NA,46,2,44,41,NYG,WAS,OK,0.91,2.2,3.55,N,C,C,C,C,NA,NA,NYG 45,NA,NYG 25; NYG 45,NA,NA,WAS 20; WAS 25,CC,2020-10-18T19:36:46.300Z,87.58,26.78,0.58,2.08,0.05,261.62,258.05,punt_received,53044,Isaiah Wright,83,WR,away,74,right,87.05,26.07,25,45,NYG,75.93,27.87,83.11,23.63,11.70088,5.4684,97.82
2018122302,2413,"(6:20) (Punt formation) L.Cooke punts 45 yards to MIA 8, Center-M.Overton. D.Amendola pushed ob at MIA 17 for 9 yards (B.Bell). Penalty on MIA-B.Bolden, Running Into the Kicker, declined.",3,4,46,JAX,Punt,Return,46316,33566,NA,JAX,47,06:20:00,RNK,MIA 38,0,7,7,NA,45,9,36,63,MIA,JAX,OK,0.95,2.11,4.07,A,L,L,R,R,NA,NA,JAX 87,NA,JAX 43; JAX 41,MIA 38; MIA 45,NA,MIA 31; MIA 55; MIA 35,CC,2018-12-23T19:52:27.300Z,18.2,2.95,2.3,5.46,0.23,125.74,172.93,punt_received,33566,Danny Amendola,80,WR,home,74,left,18.05,2.8,43,41,JAX,28.31,4.34,29.32,24.42,10.205107,24.17882,10.51
2019100605,4169,"(:21) (Punt formation) A.Cole punts 46 yards to CHI 19, Center-T.Sieg. T.Cohen to CHI 20 for 1 yard (C.Riley).",4,4,1,OAK,Punt,Return,48335,44932,NA,OAK,35,00:21:00,NA,NA,NA,24,21,NA,46,1,45,45,OAK,CHI,OK,0.97,2.22,4.49,A,L,L,R,R,NA,NA,OAK 35,NA,OAK 35; OAK 22,NA,NA,CHI 22; CHI 24; CHI 27,CC,2019-10-06T20:10:43.200Z,90.53,47.82,1.5,3.99,0.14,247.67,184.79,punt_received,44932,Tarik Cohen,29,RB,away,77,right,90.31,48.37,35,22,OAK,88.34,49.3,82.09,43.96,2.6431987,9.280797,18.5
2020091308,2880,"(4:08) T.Way punts 51 yards to PHI 16, Center-N.Sundberg. J.Reagor to PHI 27 for 11 yards (D.Everett). PENALTY on PHI-D.Taylor, Illegal Block Above the Waist, 10 yards, enforced at PHI 22.",3,4,20,WAS,Punt,Return,40600,52429,NA,WAS,33,04:08:00,IBW,PHI 52,10,14,17,NA,51,6,55,43,WAS,PHI,OK,0.72,2,4.55,N,C,C,C,C,WAS 57,NA,NA,NA,WAS 89; WAS 32,NA,PHI 50,PHI 22; PHI 42; PHI 36; PHI 34,CC,2020-09-13T19:13:51.100Z,93.55,34.04,1.95,3.94,0.22,264.25,25.94,punt_received,52429,Jalen Reagor,18,WR,away,80,right,93.05,34.04,89,32,WAS,81.12,46.16,67.85,0.58,17.360855,42.190777,72.27
2019121507,3980,"(:28) (Punt formation) B.Anger punts 43 yards to TEN 1, Center-J.Weeks. L.Sims to TEN 12 for 11 yards (B.Mingo, A.Moore).",4,4,12,HOU,Punt,Return,38600,43446,NA,TEN,44,00:28:00,NA,NA,NA,21,24,NA,43,11,32,54,TEN,HOU,OK,0.85,2.04,4.05,A,C,C,C,C,NA,NA,HOU 52,NA,HOU 35; HOU 33,TEN 14; TEN 29; TEN 37; TEN 41; TEN 46; TEN 50; TEN 85; TEN 86,NA,TEN 23,CFFG,2019-12-15T21:02:12.700Z,10.84,15.46,2.89,3.82,0.27,40.27,33.38,punt_received,43446,LeShaun Sims,36,CB,home,77,left,11.65,15.83,35,33,HOU,13.0,13.13,17.08,24.05,3.1771843,10.617236,59.4
2021010303,507,"(6:52) K.Huber punts 53 yards to BAL 37, Center-C.Harris. D.Duvernay to CIN 49 for 14 yards (S.Williams). PENALTY on BAL-N.Brooks, Illegal Block Above the Waist, 10 yards, enforced at BAL 41.",1,4,18,CIN,Punt,Return,34593,52500,NA,CIN,10,06:52:00,IBW,BAL 17,10,0,3,NA,53,4,59,20,CIN,BAL,OK,0.9,2.19,4.01,N,C,C,C,C,NA,NA,NA,NA,CIN 40; CIN 17,NA,BAL 10,BAL 17; BAL 41,CC,2021-01-03T18:20:57.600Z,72.1,15.7,2.1,2.33,0.21,300.95,45.24,punt_received,52500,Devin Duvernay,13,WR,away,74,right,72.3,15.76,40,17,CIN,59.05,18.77,47.25,-0.21,13.406245,29.506788,59.14
2020102502,664,"(5:07) J.Gillan punts 50 yards to CIN 14, Center-C.Hughlett. A.Erickson to CIN 25 for 11 yards (T.Davis).",1,4,10,CLE,Punt,Return,48139,43663,NA,CLE,36,05:07:00,NA,NA,NA,7,0,NA,50,11,39,46,CIN,CLE,OK,0.91,2.2,4.51,N,L,L,R,R,NA,NA,CLE 55,NA,CLE 20; CLE 34,CIN 59,NA,CIN 27; CIN 40; CIN 80,CC,2020-10-25T17:29:17.000Z,95.33,50.06,0.03,5.57,0.01,269.43,237.11,punt_received,43663,Alex Erickson,12,WR,home,81,right,95.09,50.05,20,34,CLE,85.83,50.96,80.26,35.48,9.542537,20.968578,12.2
2018102808,420,"(7:29) J.Townsend punts 55 yards to IND 12, Center-T.Sieg. C.Rogers to IND 22 for 10 yards (N.Morrow).",1,4,2,OAK,Punt,Return,46242,43556,NA,OAK,33,07:29:00,NA,NA,NA,0,7,NA,55,10,45,43,OAK,IND,OK,0.86,2.12,4.62,N,C,C,C,R,NA,NA,OAK 50,NA,OAK 17; OAK 45,IND 14; IND 27; IND 30; IND 36; IND 44; IND 52; IND 97,NA,IND 23; IND 28,CC,2018-10-28T20:21:00.000Z,97.79,34.43,2.48,2.18,0.25,269.55,54.3,punt_received,43556,Chester Rogers,80,WR,away,76,right,96.73,34.36,17,45,OAK,87.99,36.01,86.67,20.86,9.92655,17.54421,71.07
2019091502,1576,"(3:40) T.Long punts 52 yards to DET 9, Center-C.Mazza. D.Amendola to DET 20 for 11 yards (G.Davis).",2,4,7,LAC,Punt,Return,42663,33566,NA,LAC,39,03:40:00,NA,NA,NA,6,7,NA,52,11,41,49,DET,LAC,OK,0.89,2.2,4.47,N,L,L,R,R,LAC 32; LAC 48,NA,LAC 11,NA,LAC 32; LAC 27,DET 15,DET 27,DET 38; DET 30,CC,2019-09-15T18:09:09.500Z,100.07,42.11,1.85,3.33,0.2,222.77,87.05,punt_received,33566,Danny Amendola,80,WR,home,78,right,98.78,41.43,32,27,LAC,95.71,43.62,78.02,19.45,4.614076,31.617687,44.54
2019102007,2956,"(6:54) T.Way punts 51 yards to SF 20, Center-N.Sundberg. R.James Jr. to SF 33 for 13 yards (K.Harmon).",4,4,6,WAS,Punt,Return,40600,46309,NA,WAS,29,06:54:00,NA,NA,NA,0,6,NA,51,13,38,39,WAS,SF,OK,0.8,2.1,4.81,N,C,C,R,R,NA,NA,WAS 13,NA,WAS 13; WAS 38,NA,NA,SF 33; SF 32; SF 38,CC,2019-10-20T19:18:16.700Z,89.79,35.98,2.77,2.21,0.28,321.4,20.03,punt_received,46309,Richie James,13,WR,away,82,right,90.1,35.77,13,38,WAS,82.97,43.9,68.53,34.72,10.451736,21.297304,65.78
2018102811,1453,"(4:33) M.Wile punts 41 yards to NO 18, Center-K.McDermott. A.Kamara to NO 33 for 15 yards (B.Gedeon; K.Brothers).",2,4,9,MIN,Punt,Return,42907,44879,NA,MIN,41,04:33:00,NA,NA,NA,13,10,NA,41,15,26,69,MIN,NO,OK,0.77,2.06,3.48,N,R,C,R,R,NA,MIN 42,MIN 40,NA,MIN 35; MIN 11,NO 57; NO 59,NA,NO 34; NO 24; NO 32,CC,2018-10-29T01:22:26.900Z,27.31,38.63,1.97,3.07,0.19,106.34,144.22,punt_received,44879,Alvin Kamara,41,RB,away,67,left,28.18,38.55,35,11,MIN,52.11,39.65,32.86,41.88,24.820967,6.431563,55.35
2019111705,1377,"(8:37) B.Colquitt punts 52 yards to DEN 16, Center-A.Cutting, fair catch by D.Spencer.",2,4,14,MIN,Punt,Fair Catch,34723,42051,NA,MIN,32,08:37:00,NA,NA,NA,0,17,NA,52,NA,52,78,MIN,DEN,OK,0.82,2.09,4.59,N,C,C,NA,NA,NA,NA,NA,NA,MIN 31; MIN 38,NA,DEN 36,DEN 20; DEN 26; DEN 27,CFFG,2019-11-17T19:00:16.300Z,27.52,16.99,4.63,6.04,0.44,127.68,177.48,punt_received,42051,Diontae Spencer,11,WR,away,88,left,27.75,16.4,31,38,MIN,27.68,18.06,32.92,44.34,1.0818964,27.877993,61.54
2019092912,1593,"(4:49) T.Morstead punts 44 yards to DAL 8, Center-Z.Wood. R.Cobb to DAL 22 for 14 yards (J.Gray). INJURY UPDATE: Dallas #35 K.Frazier, pectoral, OUT.",2,4,9,NO,Punt,Return,34615,37139,NA,NO,48,04:49:00,NA,NA,NA,6,3,NA,44,14,30,58,NO,DAL,OK,0.89,2.03,3.63,A,C,C,C,C,NO 50,NA,NO 48,NA,NO 34; NO 48,DAL 56,DAL 27; DAL 30,DAL 31; DAL 29,CC,2019-09-30T01:23:04.300Z,101.11,25.91,1.28,2.91,0.13,283.12,180.43,punt_received,37139,Randall Cobb,18,WR,away,65,right,100.42,26.02,34,48,NO,88.12,50.47,87.4,30.62,27.783695,14.49649,97.64
2018110500,2162,"(12:51) (Punt formation) B.Kern punts 45 yards to DAL 11, Center-B.Brinkley. C.Beasley ran ob at DAL 18 for 7 yards (L.Sims).",3,4,15,TEN,Punt,Return,33338,38947,NA,TEN,44,12:51:00,NA,NA,NA,14,14,NA,45,7,38,66,DAL,TEN,OK,0.71,2.01,3.83,N,C,C,R,R,NA,NA,TEN 36,NA,TEN 36; TEN 13,DAL 49,DAL 27; DAL 35,DAL 30; DAL 31,CC,2018-11-06T02:55:38.100Z,22.14,28.04,1.46,1.39,0.14,93.67,222.83,punt_received,38947,Cole Beasley,11,WR,home,70,left,22.49,27.98,36,13,TEN,33.8,25.69,28.11,38.1,11.894457,11.698055,95.01
2020091306,1331,"(6:11) B.Colquitt punts 40 yards to GB 40, Center-A.Cutting. T.Ervin to GB 40 for no gain (K.Boyd).",2,4,15,MIN,Punt,Return,34723,43408,NA,MIN,20,06:11:00,NA,NA,NA,7,8,NA,40,0,40,90,MIN,GB,OK,0.95,2.18,4.12,N,R,C,C,C,NA,NA,MIN 29,NA,MIN 85; MIN 29,GB 53,NA,GB 37; GB 29,CC,2020-09-13T18:03:22.300Z,49.34,34.51,2.2,2.14,0.22,96.9,130.44,punt_received,43408,Tyler Ervin,32,RB,away,74,left,49.58,34.48,85,29,MIN,52.43,31.75,49.66,35.15,4.143151,0.7155418,70.62
2018121501,118,"(13:22) C.Wadman punts 40 yards to CLE 48, Center-C.Kreiter. J.Peppers to CLE 49 for 1 yard (J.Jones; D.Thomas).",1,4,23,DEN,Punt,Return,45986,44837,NA,DEN,12,13:22:00,NA,NA,NA,0,0,NA,40,1,39,22,DEN,CLE,OK,0.85,2.09,4.65,N,C,C,C,C,NA,DEN 35,DEN 43,NA,DEN 27; DEN 34,NA,CLE 26,CLE 27; CLE 31,CC,2018-12-16T01:24:56.400Z,61.33,31.85,2.13,3.46,0.22,281.05,292.5,punt_received,44837,Jabrill Peppers,22,FS,away,80,right,61.1,31.71,27,34,DEN,64.47,36.46,45.93,10.36,5.5777864,26.438232,81.01
2020112904,2648,"(3:19) L.Cooke punts 40 yards to CLE 6, Center-R.Matiscik. D.Peoples-Jones pushed ob at CLE 10 for 4 yards (N.Cottrell).",3,4,4,JAX,Punt,Return,46316,52595,NA,CLE,46,03:19:00,NA,NA,NA,19,20,NA,40,4,36,56,JAX,CLE,OK,0.8,2.18,3.87,A,L,L,R,R,NA,NA,JAX 31,NA,JAX 31; JAX 40,NA,NA,CLE 20; CLE 34,CC,2020-11-29T20:04:03.700Z,16.34,9.35,3.69,2.06,0.37,153.95,192.15,punt_received,52595,Donovan Peoples-Jones,11,WR,away,55,left,17.16,9.2,31,40,JAX,19.86,7.85,22.97,21.57,3.8262775,13.902708,34.52
2020122006,1898,"(:35) A.Rosas punts 44 yards to BAL 30, Center-R.Matiscik. J.Proche to 50 for 20 yards (D.Middleton).",2,4,21,JAX,Punt,Return,43937,52609,NA,JAX,26,00:35:00,NA,NA,NA,26,0,NA,44,20,24,84,BAL,JAX,OK,0.9,1.9,3.89,A,L,L,R,R,JAX 46,NA,JAX 39,NA,JAX 31; JAX 40,BAL 40,NA,BAL 13; BAL 47; BAL 41,CC,2020-12-20T19:21:18.000Z,40.01,10.63,2.48,3.77,0.25,127,135.66,punt_received,52609,James Proche,11,WR,home,67,left,41.0,10.49,31,40,JAX,57.73,3.23,52.3,25.65,19.203083,19.407331,39.36
2020120600,1332,"(11:12) S.Hofrichter punts 45 yards to NO 23, Center-J.Harris. T.Lewis to NO 32 for 9 yards (M.Walker).",2,4,8,ATL,Punt,Return,52636,43948,NA,ATL,32,11:12:00,NA,NA,NA,3,7,NA,45,9,36,42,ATL,NO,OK,0.83,2.05,4.54,A,C,C,C,C,ATL 41; ATL 47; ATL 88; ATL 91,NA,ATL 43,NA,ATL 80; ATL 20,NA,NA,NO 48; NO 22; NO 25,CC,2020-12-06T18:53:08.000Z,86.38,33.48,1.24,4.85,0.11,263.61,245.83,punt_received,43948,Tommylee Lewis,14,WR,away,81,right,85.7,33.54,80,20,ATL,72.97,42.08,86.92,25.15,15.930728,8.347485,74.15
2020102506,2484,"(9:11) B.Mann punts 47 yards to BUF 15, Center-T.Hennessy. A.Roberts to BUF 34 for 19 yards (L.Jackson; V.Smith). PENALTY on BUF-S.Neal, Offensive Holding, 8 yards, enforced at BUF 16.",3,4,11,NYJ,Punt,Return,52599,35527,NA,NYJ,38,09:11:00,OH,BUF 33,8,10,9,NA,47,1,54,72,NYJ,BUF,OK,0.82,2.14,4.06,A,L,L,R,R,NYJ 58,NA,NA,NA,NYJ 38; NYJ 17,BUF 57,NA,BUF 24; BUF 33; BUF 31; BUF 25,CC,2020-10-25T18:54:13.900Z,25.98,2.6,4.47,4.03,0.45,120.48,139.36,punt_received,35527,Andre Roberts,18,WR,away,75,left,24.73,2.54,38,17,NYJ,54.76,0.68,52.65,22.74,28.843973,33.42018,9.53
2018092311,1847,"(1:35) A.Lee punts 54 yards to CHI 34, Center-A.Brewer. T.Cohen to CHI 37 for 3 yards (J.Walker).",2,4,23,ARI,Punt,Return,29141,44932,NA,ARI,12,01:35:00,NA,NA,NA,14,3,NA,54,3,51,22,ARI,CHI,OK,0.68,1.89,4.38,N,R,R,C,C,NA,NA,ARI 59,NA,ARI 26; ARI 23,CHI 27,CHI 30,CHI 22; CHI 26; CHI 23,CC,2018-09-23T21:45:12.100Z,76.7,3.02,0.41,4.73,0.05,289.31,103.67,punt_received,44932,Tarik Cohen,29,RB,away,75,right,76.01,3.4,26,23,ARI,48.86,43.98,69.82,3.09,49.525623,6.8803563,12.76
2020092001,3116,"(7:04) S.Hofrichter punts 29 yards to DAL 17, Center-J.Harris, fair catch by C.Wilson.",3,4,7,ATL,Punt,Fair Catch,52636,46277,NA,DAL,46,07:04:00,NA,NA,NA,17,29,NA,29,NA,29,56,DAL,ATL,OK,0.98,2.14,4.03,A,L,L,NA,NA,NA,NA,NA,NA,ATL 13; ATL 17,NA,NA,DAL 24; DAL 29,CC,2020-09-20T19:10:43.000Z,25.66,3.25,6.22,2.96,0.63,110.5,168.25,punt_received,46277,Ced Wilson,11,WR,home,77,left,26.26,2.53,13,17,ATL,12.81,1.86,27.17,9.87,12.92496,6.7900295,9.49
2019121510,1309,"(6:06) L.Cooke punts 50 yards to OAK 48, Center-M.Orzech. J.Richard to 50 for 2 yards (Co.Davis).",2,4,12,JAX,Punt,Return,46316,44045,NA,JAX,2,06:06:00,NA,NA,NA,10,3,NA,50,2,48,12,OAK,JAX,OK,0.66,1.82,4.63,N,R,R,NA,NA,JAX 40,NA,JAX 22,NA,JAX 13; JAX 40,NA,OAK 35,OAK 22; OAK 31,CC,2019-12-15T22:05:02.600Z,60.68,13.54,3.07,2.13,0.3,284.34,82.87,punt_received,44045,Jalen Richard,30,RB,home,75,right,60.03,13.67,13,40,JAX,50.69,20.63,53.71,7.71,12.250233,9.086793,51.29
2020113000,1157,"(13:49) C.Johnston punts 57 yards to SEA 20, Center-R.Lovato. D.Reed to SEA 32 for 12 yards (M.Epps).",2,4,14,PHI,Punt,Return,45603,46211,NA,PHI,23,13:49:00,NA,NA,NA,0,0,NA,57,12,45,87,PHI,SEA,OK,0.85,2.16,5.17,N,C,C,C,C,PHI 57,NA,PHI 22,NA,PHI 42; PHI 38,NA,NA,SEA 35; SEA 21; SEA 39,CC,2020-12-01T02:03:45.400Z,29.91,29.48,1.85,1.96,0.19,74.53,284.24,punt_received,46211,D.J. Reed,29,FS,away,88,left,30.15,29.32,42,38,PHI,48.32,6.71,36.02,33.21,29.28141,7.158561,89.98
